profile,condensation_edge_id,from_component,to_component,source_edge_count,edge_type_counts_json,source_edge_ids
all_exact_formal_game_data,1,scc:0078,scc:0100,4,"{""recipe_input"":4}",1823|1827|1845|1930
all_exact_formal_game_data,2,scc:0079,scc:0227,1,"{""recipe_input"":1}",1750
all_exact_formal_game_data,3,scc:0079,scc:0293,1,"{""recipe_input"":1}",1752
all_exact_formal_game_data,4,scc:0080,scc:0297,1,"{""recipe_input"":1}",1754
all_exact_formal_game_data,5,scc:0081,scc:0317,1,"{""recipe_input"":1}",1946
all_exact_formal_game_data,6,scc:0082,scc:0100,1,"{""recipe_input"":1}",1961
all_exact_formal_game_data,7,scc:0083,scc:0100,1,"{""recipe_input"":1}",1822
all_exact_formal_game_data,8,scc:0083,scc:0299,1,"{""recipe_input"":1}",1856
all_exact_formal_game_data,9,scc:0083,scc:0301,1,"{""recipe_input"":1}",1756
all_exact_formal_game_data,10,scc:0083,scc:0316,1,"{""recipe_input"":1}",1940
all_exact_formal_game_data,11,scc:0084,scc:0100,1,"{""recipe_input"":1}",2174
all_exact_formal_game_data,12,scc:0084,scc:0231,1,"{""recipe_input"":1}",2109
all_exact_formal_game_data,13,scc:0084,scc:0259,1,"{""recipe_input"":1}",2229
all_exact_formal_game_data,14,scc:0084,scc:0291,1,"{""recipe_input"":1}",1799
all_exact_formal_game_data,15,scc:0084,scc:0464,1,"{""research_input"":1}",772
all_exact_formal_game_data,16,scc:0084,scc:0489,1,"{""research_input"":1}",919
all_exact_formal_game_data,17,scc:0085,scc:0288,1,"{""recipe_input"":1}",1796
all_exact_formal_game_data,18,scc:0086,scc:0298,1,"{""recipe_input"":1}",1850
all_exact_formal_game_data,19,scc:0087,scc:0100,1,"{""recipe_input"":1}",1950
all_exact_formal_game_data,20,scc:0088,scc:0100,1,"{""recipe_input"":1}",1952
all_exact_formal_game_data,21,scc:0089,scc:0100,1,"{""recipe_input"":1}",1839
all_exact_formal_game_data,22,scc:0089,scc:0244,1,"{""recipe_input"":1}",2165
all_exact_formal_game_data,23,scc:0089,scc:0324,1,"{""recipe_input"":1}",1974
all_exact_formal_game_data,24,scc:0090,scc:0100,1,"{""recipe_input"":1}",1858
all_exact_formal_game_data,25,scc:0091,scc:0100,1,"{""recipe_input"":1}",2092
all_exact_formal_game_data,26,scc:0091,scc:0241,1,"{""recipe_input"":1}",2149
all_exact_formal_game_data,27,scc:0092,scc:0100,1,"{""recipe_input"":1}",1928
all_exact_formal_game_data,28,scc:0092,scc:0464,1,"{""research_input"":1}",771
all_exact_formal_game_data,29,scc:0093,scc:0100,1,"{""recipe_input"":1}",1929
all_exact_formal_game_data,30,scc:0095,scc:0100,1,"{""recipe_input"":1}",2106
all_exact_formal_game_data,31,scc:0095,scc:0228,1,"{""recipe_input"":1}",1773
all_exact_formal_game_data,32,scc:0095,scc:0240,1,"{""recipe_input"":1}",2140
all_exact_formal_game_data,33,scc:0095,scc:0242,1,"{""recipe_input"":1}",2151
all_exact_formal_game_data,34,scc:0095,scc:0247,1,"{""recipe_input"":1}",2176
all_exact_formal_game_data,35,scc:0095,scc:0248,1,"{""recipe_input"":1}",2180
all_exact_formal_game_data,36,scc:0095,scc:0250,1,"{""recipe_input"":1}",2189
all_exact_formal_game_data,37,scc:0095,scc:0274,1,"{""recipe_input"":1}",2281
all_exact_formal_game_data,38,scc:0095,scc:0290,1,"{""recipe_input"":1}",2351
all_exact_formal_game_data,39,scc:0095,scc:0306,1,"{""recipe_input"":1}",1894
all_exact_formal_game_data,40,scc:0095,scc:0309,1,"{""recipe_input"":1}",1906
all_exact_formal_game_data,41,scc:0095,scc:0310,1,"{""recipe_input"":1}",1911
all_exact_formal_game_data,42,scc:0095,scc:0311,1,"{""recipe_input"":1}",1758
all_exact_formal_game_data,43,scc:0095,scc:0312,1,"{""recipe_input"":1}",1916
all_exact_formal_game_data,44,scc:0095,scc:0315,1,"{""recipe_input"":1}",1935
all_exact_formal_game_data,45,scc:0095,scc:0319,1,"{""recipe_input"":1}",1954
all_exact_formal_game_data,46,scc:0095,scc:0320,1,"{""recipe_input"":1}",1956
all_exact_formal_game_data,47,scc:0095,scc:0325,1,"{""recipe_input"":1}",1763
all_exact_formal_game_data,48,scc:0095,scc:0331,1,"{""recipe_input"":1}",2005
all_exact_formal_game_data,49,scc:0095,scc:0335,1,"{""recipe_input"":1}",1767
all_exact_formal_game_data,50,scc:0095,scc:0340,1,"{""recipe_input"":1}",2035
all_exact_formal_game_data,51,scc:0095,scc:0341,1,"{""recipe_input"":1}",2038
all_exact_formal_game_data,52,scc:0095,scc:0342,1,"{""recipe_input"":1}",2041
all_exact_formal_game_data,53,scc:0095,scc:0343,1,"{""recipe_input"":1}",2044
all_exact_formal_game_data,54,scc:0095,scc:0351,1,"{""recipe_input"":1}",2069
all_exact_formal_game_data,55,scc:0095,scc:0354,1,"{""recipe_input"":1}",2081
all_exact_formal_game_data,56,scc:0095,scc:0436,1,"{""research_input"":1}",597
all_exact_formal_game_data,57,scc:0096,scc:0229,1,"{""recipe_input"":1}",2102
all_exact_formal_game_data,58,scc:0096,scc:0269,1,"{""recipe_input"":1}",2259
all_exact_formal_game_data,59,scc:0096,scc:0318,1,"{""recipe_input"":1}",1760
all_exact_formal_game_data,60,scc:0097,scc:0234,1,"{""recipe_input"":1}",2117
all_exact_formal_game_data,61,scc:0097,scc:0236,1,"{""recipe_input"":1}",2122
all_exact_formal_game_data,62,scc:0097,scc:0238,1,"{""recipe_input"":1}",2133
all_exact_formal_game_data,63,scc:0097,scc:0243,1,"{""recipe_input"":1}",2156
all_exact_formal_game_data,64,scc:0097,scc:0246,1,"{""recipe_input"":1}",2167
all_exact_formal_game_data,65,scc:0097,scc:0251,1,"{""recipe_input"":1}",2194
all_exact_formal_game_data,66,scc:0097,scc:0252,1,"{""recipe_input"":1}",2199
all_exact_formal_game_data,67,scc:0097,scc:0254,1,"{""recipe_input"":1}",2210
all_exact_formal_game_data,68,scc:0097,scc:0257,1,"{""recipe_input"":1}",2221
all_exact_formal_game_data,69,scc:0097,scc:0258,1,"{""recipe_input"":1}",2224
all_exact_formal_game_data,70,scc:0097,scc:0266,1,"{""recipe_input"":1}",1786
all_exact_formal_game_data,71,scc:0097,scc:0277,1,"{""recipe_input"":1}",1791
all_exact_formal_game_data,72,scc:0097,scc:0280,1,"{""recipe_input"":1}",2309
all_exact_formal_game_data,73,scc:0097,scc:0285,1,"{""recipe_input"":1}",2334
all_exact_formal_game_data,74,scc:0097,scc:0294,1,"{""recipe_input"":1}",1807
all_exact_formal_game_data,75,scc:0097,scc:0296,1,"{""recipe_input"":1}",1813
all_exact_formal_game_data,76,scc:0097,scc:0321,1,"{""recipe_input"":1}",1964
all_exact_formal_game_data,77,scc:0097,scc:0327,1,"{""recipe_input"":1}",1980
all_exact_formal_game_data,78,scc:0097,scc:0328,1,"{""recipe_input"":1}",1985
all_exact_formal_game_data,79,scc:0097,scc:0332,1,"{""recipe_input"":1}",2010
all_exact_formal_game_data,80,scc:0097,scc:0348,1,"{""recipe_input"":1}",2057
all_exact_formal_game_data,81,scc:0097,scc:0350,1,"{""recipe_input"":1}",2064
all_exact_formal_game_data,82,scc:0097,scc:0450,1,"{""research_input"":1}",689
all_exact_formal_game_data,83,scc:0098,scc:0100,2,"{""recipe_input"":2}",2089|2093
all_exact_formal_game_data,84,scc:0098,scc:0230,1,"{""recipe_input"":1}",2307
all_exact_formal_game_data,85,scc:0098,scc:0243,1,"{""recipe_input"":1}",2157
all_exact_formal_game_data,86,scc:0098,scc:0256,1,"{""recipe_input"":1}",2215
all_exact_formal_game_data,87,scc:0098,scc:0262,1,"{""recipe_input"":1}",2239
all_exact_formal_game_data,88,scc:0098,scc:0265,1,"{""recipe_input"":1}",2247
all_exact_formal_game_data,89,scc:0098,scc:0271,1,"{""recipe_input"":1}",2267
all_exact_formal_game_data,90,scc:0098,scc:0294,1,"{""recipe_input"":1}",1808
all_exact_formal_game_data,91,scc:0098,scc:0312,1,"{""recipe_input"":1}",1917
all_exact_formal_game_data,92,scc:0098,scc:0314,1,"{""recipe_input"":1}",1926
all_exact_formal_game_data,93,scc:0098,scc:0318,1,"{""recipe_input"":1}",1761
all_exact_formal_game_data,94,scc:0098,scc:0322,1,"{""recipe_input"":1}",1967
all_exact_formal_game_data,95,scc:0098,scc:0436,1,"{""research_input"":1}",598
all_exact_formal_game_data,96,scc:0099,scc:0100,1,"{""recipe_input"":1}",1864
all_exact_formal_game_data,97,scc:0099,scc:0314,1,"{""recipe_input"":1}",1925
all_exact_formal_game_data,98,scc:0099,scc:0322,1,"{""recipe_input"":1}",1968
all_exact_formal_game_data,99,scc:0099,scc:0328,1,"{""recipe_input"":1}",1986
all_exact_formal_game_data,100,scc:0099,scc:0336,1,"{""recipe_input"":1}",2020
all_exact_formal_game_data,101,scc:0100,scc:0044,1,"{""unlocks_function"":1}",426
all_exact_formal_game_data,102,scc:0100,scc:0068,1,"{""unlocks_function"":1}",281
all_exact_formal_game_data,103,scc:0100,scc:0105,1,"{""recipe_output"":1}",1996
all_exact_formal_game_data,104,scc:0100,scc:0229,3,"{""recipe_input"":2,""unlocks_recipe"":1}",425|2101|2103
all_exact_formal_game_data,105,scc:0100,scc:0232,1,"{""recipe_input"":1}",2112
all_exact_formal_game_data,106,scc:0100,scc:0233,1,"{""recipe_input"":1}",2115
all_exact_formal_game_data,107,scc:0100,scc:0236,1,"{""unlocks_recipe"":1}",105
all_exact_formal_game_data,108,scc:0100,scc:0239,1,"{""recipe_input"":1}",2137
all_exact_formal_game_data,109,scc:0100,scc:0241,1,"{""recipe_input"":1}",2148
all_exact_formal_game_data,110,scc:0100,scc:0244,1,"{""recipe_input"":1}",2164
all_exact_formal_game_data,111,scc:0100,scc:0249,3,"{""recipe_input"":3}",2185|2186|2187
all_exact_formal_game_data,112,scc:0100,scc:0253,1,"{""recipe_input"":1}",2205
all_exact_formal_game_data,113,scc:0100,scc:0256,1,"{""recipe_input"":1}",2217
all_exact_formal_game_data,114,scc:0100,scc:0257,1,"{""recipe_input"":1}",2222
all_exact_formal_game_data,115,scc:0100,scc:0258,2,"{""recipe_input"":2}",2225|2227
all_exact_formal_game_data,116,scc:0100,scc:0260,2,"{""recipe_input"":2}",2232|2233
all_exact_formal_game_data,117,scc:0100,scc:0261,2,"{""recipe_input"":2}",2236|2237
all_exact_formal_game_data,118,scc:0100,scc:0263,1,"{""recipe_input"":1}",2242
all_exact_formal_game_data,119,scc:0100,scc:0267,1,"{""recipe_input"":1}",2251
all_exact_formal_game_data,120,scc:0100,scc:0269,2,"{""recipe_input"":2}",2258|2260
all_exact_formal_game_data,121,scc:0100,scc:0270,2,"{""recipe_input"":2}",2263|2264
all_exact_formal_game_data,122,scc:0100,scc:0273,1,"{""recipe_input"":1}",2279
all_exact_formal_game_data,123,scc:0100,scc:0275,1,"{""recipe_input"":1}",2287
all_exact_formal_game_data,124,scc:0100,scc:0276,2,"{""recipe_input"":2}",2292|2294
all_exact_formal_game_data,125,scc:0100,scc:0278,1,"{""recipe_input"":1}",2299
all_exact_formal_game_data,126,scc:0100,scc:0279,1,"{""recipe_input"":1}",2304
all_exact_formal_game_data,127,scc:0100,scc:0281,1,"{""recipe_input"":1}",2317
all_exact_formal_game_data,128,scc:0100,scc:0282,1,"{""recipe_input"":1}",2322
all_exact_formal_game_data,129,scc:0100,scc:0283,1,"{""recipe_input"":1}",2327
all_exact_formal_game_data,130,scc:0100,scc:0284,1,"{""recipe_input"":1}",2331
all_exact_formal_game_data,131,scc:0100,scc:0286,2,"{""recipe_input"":2}",2339|2341
all_exact_formal_game_data,132,scc:0100,scc:0287,1,"{""recipe_input"":1}",2345
all_exact_formal_game_data,133,scc:0100,scc:0292,2,"{""recipe_input"":2}",1804|1805
all_exact_formal_game_data,134,scc:0100,scc:0295,1,"{""recipe_input"":1}",1811
all_exact_formal_game_data,135,scc:0100,scc:0300,2,"{""recipe_input"":1,""unlocks_recipe"":1}",117|1872
all_exact_formal_game_data,136,scc:0100,scc:0302,1,"{""recipe_input"":1}",1878
all_exact_formal_game_data,137,scc:0100,scc:0303,1,"{""recipe_input"":1}",1881
all_exact_formal_game_data,138,scc:0100,scc:0304,1,"{""recipe_input"":1}",1887
all_exact_formal_game_data,139,scc:0100,scc:0305,1,"{""recipe_input"":1}",1890
all_exact_formal_game_data,140,scc:0100,scc:0307,1,"{""recipe_input"":1}",1899
all_exact_formal_game_data,141,scc:0100,scc:0308,2,"{""recipe_input"":2}",1903|1904
all_exact_formal_game_data,142,scc:0100,scc:0321,2,"{""recipe_input"":2}",1963|1965
all_exact_formal_game_data,143,scc:0100,scc:0323,1,"{""unlocks_recipe"":1}",263
all_exact_formal_game_data,144,scc:0100,scc:0324,1,"{""unlocks_recipe"":1}",264
all_exact_formal_game_data,145,scc:0100,scc:0326,2,"{""recipe_input"":1,""unlocks_recipe"":1}",269|1977
all_exact_formal_game_data,146,scc:0100,scc:0327,1,"{""unlocks_recipe"":1}",270
all_exact_formal_game_data,147,scc:0100,scc:0328,1,"{""unlocks_recipe"":1}",274
all_exact_formal_game_data,148,scc:0100,scc:0330,4,"{""recipe_input"":4}",1999|2000|2001|2002
all_exact_formal_game_data,149,scc:0100,scc:0331,1,"{""recipe_input"":1}",2007
all_exact_formal_game_data,150,scc:0100,scc:0332,1,"{""recipe_input"":1}",2012
all_exact_formal_game_data,151,scc:0100,scc:0333,2,"{""recipe_input"":1,""unlocks_recipe"":1}",414|2014
all_exact_formal_game_data,152,scc:0100,scc:0334,2,"{""recipe_input"":1,""unlocks_recipe"":1}",421|2016
all_exact_formal_game_data,153,scc:0100,scc:0336,1,"{""recipe_input"":1}",2018
all_exact_formal_game_data,154,scc:0100,scc:0338,2,"{""recipe_input"":2}",2028|2029
all_exact_formal_game_data,155,scc:0100,scc:0339,1,"{""recipe_input"":1}",2033
all_exact_formal_game_data,156,scc:0100,scc:0345,1,"{""recipe_input"":1}",2052
all_exact_formal_game_data,157,scc:0100,scc:0347,1,"{""recipe_input"":1}",2055
all_exact_formal_game_data,158,scc:0100,scc:0349,1,"{""recipe_input"":1}",2062
all_exact_formal_game_data,159,scc:0100,scc:0350,2,"{""recipe_input"":2}",2065|2067
all_exact_formal_game_data,160,scc:0100,scc:0352,1,"{""recipe_input"":1}",2075
all_exact_formal_game_data,161,scc:0100,scc:0362,1,"{""research_input"":1}",44
all_exact_formal_game_data,162,scc:0100,scc:0363,1,"{""research_input"":1}",47
all_exact_formal_game_data,163,scc:0100,scc:0364,1,"{""research_input"":1}",50
all_exact_formal_game_data,164,scc:0100,scc:0368,4,"{""research_input"":4}",126|127|128|129
all_exact_formal_game_data,165,scc:0100,scc:0369,3,"{""pretech_explicit"":1,""research_input"":2}",131|132|133
all_exact_formal_game_data,166,scc:0100,scc:0371,1,"{""research_input"":1}",144
all_exact_formal_game_data,167,scc:0100,scc:0372,3,"{""pretech_explicit"":1,""research_input"":2}",147|149|150
all_exact_formal_game_data,168,scc:0100,scc:0374,1,"{""research_input"":1}",160
all_exact_formal_game_data,169,scc:0100,scc:0375,4,"{""pretech_explicit"":1,""research_input"":3}",164|166|167|168
all_exact_formal_game_data,170,scc:0100,scc:0377,5,"{""pretech_explicit"":1,""research_input"":4}",180|182|183|184|185
all_exact_formal_game_data,171,scc:0100,scc:0378,5,"{""pretech_explicit"":2,""research_input"":3}",187|188|190|191|192
all_exact_formal_game_data,172,scc:0100,scc:0384,3,"{""pretech_explicit"":1,""research_input"":2}",232|234|235
all_exact_formal_game_data,173,scc:0100,scc:0386,3,"{""pretech_explicit"":1,""research_input"":2}",240|243|244
all_exact_formal_game_data,174,scc:0100,scc:0387,5,"{""pretech_explicit"":1,""pretech_implicit"":1,""research_input"":3}",247|248|250|251|252
all_exact_formal_game_data,175,scc:0100,scc:0389,5,"{""pretech_explicit"":1,""research_input"":4}",289|291|292|293|294
all_exact_formal_game_data,176,scc:0100,scc:0391,3,"{""pretech_explicit"":1,""pretech_implicit"":1,""research_input"":1}",299|301|303
all_exact_formal_game_data,177,scc:0100,scc:0392,2,"{""research_input"":2}",308|309
all_exact_formal_game_data,178,scc:0100,scc:0393,3,"{""pretech_explicit"":1,""pretech_implicit"":1,""research_input"":1}",311|312|314
all_exact_formal_game_data,179,scc:0100,scc:0394,3,"{""pretech_explicit"":1,""pretech_implicit"":1,""research_input"":1}",316|317|319
all_exact_formal_game_data,180,scc:0100,scc:0395,4,"{""pretech_implicit"":1,""research_input"":3}",323|325|326|327
all_exact_formal_game_data,181,scc:0100,scc:0396,4,"{""research_input"":4}",332|333|334|335
all_exact_formal_game_data,182,scc:0100,scc:0399,2,"{""pretech_implicit"":1,""research_input"":1}",354|356
all_exact_formal_game_data,183,scc:0100,scc:0400,1,"{""research_input"":1}",364
all_exact_formal_game_data,184,scc:0100,scc:0401,2,"{""research_input"":2}",372|373
all_exact_formal_game_data,185,scc:0100,scc:0402,2,"{""research_input"":2}",379|380
all_exact_formal_game_data,186,scc:0100,scc:0403,3,"{""pretech_implicit"":1,""research_input"":2}",383|385|386
all_exact_formal_game_data,187,scc:0100,scc:0404,2,"{""pretech_implicit"":1,""research_input"":1}",390|392
all_exact_formal_game_data,188,scc:0100,scc:0406,3,"{""pretech_explicit"":1,""research_input"":2}",427|430|431
all_exact_formal_game_data,189,scc:0100,scc:0409,2,"{""pretech_explicit"":1,""research_input"":1}",442|444
all_exact_formal_game_data,190,scc:0100,scc:0410,4,"{""pretech_explicit"":1,""research_input"":3}",446|448|449|450
all_exact_formal_game_data,191,scc:0100,scc:0413,2,"{""pretech_implicit"":1,""research_input"":1}",462|464
all_exact_formal_game_data,192,scc:0100,scc:0414,1,"{""research_input"":1}",470
all_exact_formal_game_data,193,scc:0100,scc:0415,2,"{""pretech_implicit"":1,""research_input"":1}",473|475
all_exact_formal_game_data,194,scc:0100,scc:0416,1,"{""research_input"":1}",481
all_exact_formal_game_data,195,scc:0100,scc:0417,4,"{""pretech_implicit"":1,""research_input"":3}",485|487|488|489
all_exact_formal_game_data,196,scc:0100,scc:0418,2,"{""pretech_implicit"":1,""research_input"":1}",494|496
all_exact_formal_game_data,197,scc:0100,scc:0419,2,"{""research_input"":2}",501|502
all_exact_formal_game_data,198,scc:0100,scc:0420,2,"{""pretech_implicit"":1,""research_input"":1}",505|507
all_exact_formal_game_data,199,scc:0100,scc:0421,2,"{""research_input"":2}",512|513
all_exact_formal_game_data,200,scc:0100,scc:0422,3,"{""research_input"":3}",518|519|520
all_exact_formal_game_data,201,scc:0100,scc:0423,5,"{""pretech_implicit"":1,""research_input"":4}",523|525|526|527|528
all_exact_formal_game_data,202,scc:0100,scc:0424,4,"{""research_input"":4}",533|534|535|536
all_exact_formal_game_data,203,scc:0100,scc:0426,2,"{""pretech_implicit"":1,""research_input"":1}",545|547
all_exact_formal_game_data,204,scc:0100,scc:0427,3,"{""pretech_implicit"":1,""research_input"":2}",550|552|553
all_exact_formal_game_data,205,scc:0100,scc:0428,3,"{""research_input"":3}",558|559|560
all_exact_formal_game_data,206,scc:0100,scc:0429,4,"{""research_input"":4}",567|568|569|570
all_exact_formal_game_data,207,scc:0100,scc:0430,2,"{""research_input"":2}",574|575
all_exact_formal_game_data,208,scc:0100,scc:0432,1,"{""pretech_explicit"":1}",581
all_exact_formal_game_data,209,scc:0100,scc:0437,1,"{""research_input"":1}",604
all_exact_formal_game_data,210,scc:0100,scc:0438,2,"{""research_input"":2}",611|612
all_exact_formal_game_data,211,scc:0100,scc:0439,3,"{""research_input"":3}",619|620|621
all_exact_formal_game_data,212,scc:0100,scc:0440,4,"{""research_input"":4}",628|629|630|631
all_exact_formal_game_data,213,scc:0100,scc:0443,1,"{""research_input"":1}",647
all_exact_formal_game_data,214,scc:0100,scc:0444,1,"{""research_input"":1}",652
all_exact_formal_game_data,215,scc:0100,scc:0445,2,"{""research_input"":2}",657|658
all_exact_formal_game_data,216,scc:0100,scc:0446,2,"{""research_input"":2}",663|664
all_exact_formal_game_data,217,scc:0100,scc:0447,3,"{""research_input"":3}",669|670|671
all_exact_formal_game_data,218,scc:0100,scc:0448,3,"{""research_input"":3}",676|677|678
all_exact_formal_game_data,219,scc:0100,scc:0449,4,"{""research_input"":4}",683|684|685|686
all_exact_formal_game_data,220,scc:0100,scc:0451,1,"{""research_input"":1}",695
all_exact_formal_game_data,221,scc:0100,scc:0452,2,"{""research_input"":2}",700|701
all_exact_formal_game_data,222,scc:0100,scc:0453,2,"{""research_input"":2}",707|708
all_exact_formal_game_data,223,scc:0100,scc:0454,2,"{""research_input"":2}",715|716
all_exact_formal_game_data,224,scc:0100,scc:0455,4,"{""research_input"":4}",722|723|724|725
all_exact_formal_game_data,225,scc:0100,scc:0458,1,"{""research_input"":1}",738
all_exact_formal_game_data,226,scc:0100,scc:0459,1,"{""research_input"":1}",743
all_exact_formal_game_data,227,scc:0100,scc:0460,2,"{""research_input"":2}",748|749
all_exact_formal_game_data,228,scc:0100,scc:0461,3,"{""research_input"":3}",754|755|756
all_exact_formal_game_data,229,scc:0100,scc:0462,4,"{""research_input"":4}",761|762|763|764
all_exact_formal_game_data,230,scc:0100,scc:0464,1,"{""research_input"":1}",773
all_exact_formal_game_data,231,scc:0100,scc:0465,1,"{""research_input"":1}",778
all_exact_formal_game_data,232,scc:0100,scc:0466,2,"{""research_input"":2}",783|784
all_exact_formal_game_data,233,scc:0100,scc:0467,2,"{""research_input"":2}",789|790
all_exact_formal_game_data,234,scc:0100,scc:0468,4,"{""research_input"":4}",795|796|797|798
all_exact_formal_game_data,235,scc:0100,scc:0471,1,"{""research_input"":1}",810
all_exact_formal_game_data,236,scc:0100,scc:0472,2,"{""research_input"":2}",815|816
all_exact_formal_game_data,237,scc:0100,scc:0473,3,"{""research_input"":3}",821|822|823
all_exact_formal_game_data,238,scc:0100,scc:0474,4,"{""research_input"":4}",828|829|830|831
all_exact_formal_game_data,239,scc:0100,scc:0478,1,"{""research_input"":1}",849
all_exact_formal_game_data,240,scc:0100,scc:0479,2,"{""research_input"":2}",855|856
all_exact_formal_game_data,241,scc:0100,scc:0480,3,"{""research_input"":3}",862|863|864
all_exact_formal_game_data,242,scc:0100,scc:0481,4,"{""research_input"":4}",870|871|872|873
all_exact_formal_game_data,243,scc:0100,scc:0483,1,"{""research_input"":1}",883
all_exact_formal_game_data,244,scc:0100,scc:0484,2,"{""research_input"":2}",889|890
all_exact_formal_game_data,245,scc:0100,scc:0485,3,"{""research_input"":3}",896|897|898
all_exact_formal_game_data,246,scc:0100,scc:0486,4,"{""research_input"":4}",904|905|906|907
all_exact_formal_game_data,247,scc:0100,scc:0490,1,"{""research_input"":1}",925
all_exact_formal_game_data,248,scc:0100,scc:0491,2,"{""research_input"":2}",930|931
all_exact_formal_game_data,249,scc:0100,scc:0492,3,"{""pretech_implicit"":1,""research_input"":2}",935|937|938
all_exact_formal_game_data,250,scc:0100,scc:0493,3,"{""research_input"":3}",942|943|944
all_exact_formal_game_data,251,scc:0100,scc:0496,1,"{""research_input"":1}",954
all_exact_formal_game_data,252,scc:0100,scc:0497,2,"{""research_input"":2}",958|959
all_exact_formal_game_data,253,scc:0100,scc:0498,3,"{""research_input"":3}",963|964|965
all_exact_formal_game_data,254,scc:0100,scc:0499,4,"{""research_input"":4}",969|970|971|972
all_exact_formal_game_data,255,scc:0100,scc:0501,3,"{""pretech_implicit"":1,""research_input"":2}",977|979|980
all_exact_formal_game_data,256,scc:0100,scc:0502,2,"{""research_input"":2}",984|985
all_exact_formal_game_data,257,scc:0100,scc:0503,2,"{""research_input"":2}",989|990
all_exact_formal_game_data,258,scc:0100,scc:0504,3,"{""research_input"":3}",994|995|996
all_exact_formal_game_data,259,scc:0100,scc:0505,3,"{""research_input"":3}",1000|1001|1002
all_exact_formal_game_data,260,scc:0100,scc:0506,3,"{""research_input"":3}",1006|1007|1008
all_exact_formal_game_data,261,scc:0100,scc:0507,3,"{""pretech_implicit"":1,""research_input"":2}",1052|1054|1055
all_exact_formal_game_data,262,scc:0100,scc:0508,2,"{""research_input"":2}",1059|1060
all_exact_formal_game_data,263,scc:0100,scc:0509,2,"{""research_input"":2}",1064|1065
all_exact_formal_game_data,264,scc:0100,scc:0510,3,"{""research_input"":3}",1069|1070|1071
all_exact_formal_game_data,265,scc:0100,scc:0511,3,"{""research_input"":3}",1075|1076|1077
all_exact_formal_game_data,266,scc:0100,scc:0512,4,"{""research_input"":4}",1081|1082|1083|1084
all_exact_formal_game_data,267,scc:0100,scc:0513,4,"{""research_input"":4}",1088|1089|1090|1091
all_exact_formal_game_data,268,scc:0100,scc:0515,2,"{""research_input"":2}",1098|1099
all_exact_formal_game_data,269,scc:0100,scc:0516,2,"{""research_input"":2}",1103|1104
all_exact_formal_game_data,270,scc:0100,scc:0517,2,"{""research_input"":2}",1108|1109
all_exact_formal_game_data,271,scc:0100,scc:0518,2,"{""research_input"":2}",1113|1114
all_exact_formal_game_data,272,scc:0100,scc:0519,2,"{""research_input"":2}",1118|1119
all_exact_formal_game_data,273,scc:0100,scc:0520,2,"{""research_input"":2}",1124|1125
all_exact_formal_game_data,274,scc:0100,scc:0521,2,"{""research_input"":2}",1130|1131
all_exact_formal_game_data,275,scc:0100,scc:0522,2,"{""research_input"":2}",1135|1136
all_exact_formal_game_data,276,scc:0100,scc:0523,2,"{""research_input"":2}",1140|1141
all_exact_formal_game_data,277,scc:0100,scc:0524,2,"{""research_input"":2}",1145|1146
all_exact_formal_game_data,278,scc:0100,scc:0525,2,"{""research_input"":2}",1150|1151
all_exact_formal_game_data,279,scc:0100,scc:0526,3,"{""research_input"":3}",1156|1157|1158
all_exact_formal_game_data,280,scc:0100,scc:0527,2,"{""research_input"":2}",1189|1190
all_exact_formal_game_data,281,scc:0100,scc:0528,2,"{""research_input"":2}",1195|1196
all_exact_formal_game_data,282,scc:0100,scc:0529,2,"{""research_input"":2}",1202|1203
all_exact_formal_game_data,283,scc:0100,scc:0530,3,"{""research_input"":3}",1210|1211|1212
all_exact_formal_game_data,284,scc:0100,scc:0531,4,"{""research_input"":4}",1219|1220|1221|1222
all_exact_formal_game_data,285,scc:0100,scc:0532,4,"{""research_input"":4}",1228|1229|1230|1231
all_exact_formal_game_data,286,scc:0100,scc:0534,2,"{""research_input"":2}",1242|1243
all_exact_formal_game_data,287,scc:0100,scc:0535,2,"{""research_input"":2}",1248|1249
all_exact_formal_game_data,288,scc:0100,scc:0536,2,"{""research_input"":2}",1255|1256
all_exact_formal_game_data,289,scc:0100,scc:0537,2,"{""research_input"":2}",1262|1263
all_exact_formal_game_data,290,scc:0100,scc:0538,3,"{""research_input"":3}",1269|1270|1271
all_exact_formal_game_data,291,scc:0100,scc:0539,3,"{""research_input"":3}",1277|1278|1279
all_exact_formal_game_data,292,scc:0100,scc:0540,4,"{""research_input"":4}",1285|1286|1287|1288
all_exact_formal_game_data,293,scc:0100,scc:0541,4,"{""research_input"":4}",1294|1295|1296|1297
all_exact_formal_game_data,294,scc:0100,scc:0544,1,"{""research_input"":1}",1325
all_exact_formal_game_data,295,scc:0100,scc:0545,2,"{""research_input"":2}",1331|1332
all_exact_formal_game_data,296,scc:0100,scc:0546,3,"{""research_input"":3}",1338|1339|1340
all_exact_formal_game_data,297,scc:0100,scc:0547,3,"{""research_input"":3}",1346|1347|1348
all_exact_formal_game_data,298,scc:0100,scc:0548,4,"{""research_input"":4}",1354|1355|1356|1357
all_exact_formal_game_data,299,scc:0100,scc:0550,1,"{""research_input"":1}",1367
all_exact_formal_game_data,300,scc:0100,scc:0551,1,"{""research_input"":1}",1371
all_exact_formal_game_data,301,scc:0100,scc:0552,2,"{""research_input"":2}",1375|1376
all_exact_formal_game_data,302,scc:0100,scc:0553,2,"{""research_input"":2}",1381|1382
all_exact_formal_game_data,303,scc:0100,scc:0554,2,"{""research_input"":2}",1387|1388
all_exact_formal_game_data,304,scc:0100,scc:0555,3,"{""research_input"":3}",1393|1394|1395
all_exact_formal_game_data,305,scc:0100,scc:0559,2,"{""pretech_implicit"":1,""research_input"":1}",1398|1399
all_exact_formal_game_data,306,scc:0100,scc:0560,1,"{""research_input"":1}",1402
all_exact_formal_game_data,307,scc:0100,scc:0561,1,"{""research_input"":1}",1405
all_exact_formal_game_data,308,scc:0100,scc:0563,1,"{""research_input"":1}",1162
all_exact_formal_game_data,309,scc:0100,scc:0564,2,"{""research_input"":2}",1166|1167
all_exact_formal_game_data,310,scc:0100,scc:0565,2,"{""research_input"":2}",1171|1172
all_exact_formal_game_data,311,scc:0100,scc:0566,3,"{""research_input"":3}",1176|1177|1178
all_exact_formal_game_data,312,scc:0100,scc:0567,4,"{""research_input"":4}",1182|1183|1184|1185
all_exact_formal_game_data,313,scc:0100,scc:0570,2,"{""research_input"":2}",1418|1419
all_exact_formal_game_data,314,scc:0100,scc:0571,3,"{""research_input"":3}",1423|1424|1425
all_exact_formal_game_data,315,scc:0100,scc:0572,4,"{""research_input"":4}",1012|1013|1014|1015
all_exact_formal_game_data,316,scc:0100,scc:0573,4,"{""research_input"":4}",1019|1020|1021|1022
all_exact_formal_game_data,317,scc:0100,scc:0574,4,"{""research_input"":4}",1026|1027|1028|1029
all_exact_formal_game_data,318,scc:0100,scc:0575,4,"{""research_input"":4}",1033|1034|1035|1036
all_exact_formal_game_data,319,scc:0100,scc:0576,4,"{""research_input"":4}",1040|1041|1042|1043
all_exact_formal_game_data,320,scc:0100,scc:0577,4,"{""research_input"":4}",1047|1048|1049|1050
all_exact_formal_game_data,321,scc:0100,scc:0579,1,"{""research_input"":1}",1432
all_exact_formal_game_data,322,scc:0100,scc:0580,2,"{""research_input"":2}",1436|1437
all_exact_formal_game_data,323,scc:0100,scc:0581,3,"{""research_input"":3}",1441|1442|1443
all_exact_formal_game_data,324,scc:0100,scc:0582,4,"{""research_input"":4}",1447|1448|1449|1450
all_exact_formal_game_data,325,scc:0100,scc:0585,1,"{""research_input"":1}",1460
all_exact_formal_game_data,326,scc:0100,scc:0586,2,"{""research_input"":2}",1464|1465
all_exact_formal_game_data,327,scc:0100,scc:0587,3,"{""research_input"":3}",1469|1470|1471
all_exact_formal_game_data,328,scc:0100,scc:0588,4,"{""research_input"":4}",1475|1476|1477|1478
all_exact_formal_game_data,329,scc:0100,scc:0591,1,"{""research_input"":1}",1488
all_exact_formal_game_data,330,scc:0100,scc:0592,2,"{""research_input"":2}",1492|1493
all_exact_formal_game_data,331,scc:0100,scc:0593,3,"{""research_input"":3}",1497|1498|1499
all_exact_formal_game_data,332,scc:0100,scc:0594,4,"{""research_input"":4}",1503|1504|1505|1506
all_exact_formal_game_data,333,scc:0100,scc:0596,1,"{""research_input"":1}",1513
all_exact_formal_game_data,334,scc:0100,scc:0597,2,"{""research_input"":2}",1517|1518
all_exact_formal_game_data,335,scc:0100,scc:0598,3,"{""research_input"":3}",1522|1523|1524
all_exact_formal_game_data,336,scc:0100,scc:0599,4,"{""research_input"":4}",1529|1530|1531|1532
all_exact_formal_game_data,337,scc:0100,scc:0601,1,"{""research_input"":1}",1541
all_exact_formal_game_data,338,scc:0100,scc:0602,2,"{""research_input"":2}",1545|1546
all_exact_formal_game_data,339,scc:0100,scc:0603,3,"{""research_input"":3}",1550|1551|1552
all_exact_formal_game_data,340,scc:0100,scc:0604,4,"{""research_input"":4}",1557|1558|1559|1560
all_exact_formal_game_data,341,scc:0100,scc:0606,1,"{""research_input"":1}",1569
all_exact_formal_game_data,342,scc:0100,scc:0607,2,"{""research_input"":2}",1573|1574
all_exact_formal_game_data,343,scc:0100,scc:0608,3,"{""research_input"":3}",1578|1579|1580
all_exact_formal_game_data,344,scc:0100,scc:0609,4,"{""research_input"":4}",1585|1586|1587|1588
all_exact_formal_game_data,345,scc:0100,scc:0611,2,"{""research_input"":2}",1597|1598
all_exact_formal_game_data,346,scc:0100,scc:0612,2,"{""research_input"":2}",1602|1603
all_exact_formal_game_data,347,scc:0100,scc:0613,3,"{""research_input"":3}",1607|1608|1609
all_exact_formal_game_data,348,scc:0100,scc:0614,4,"{""research_input"":4}",1613|1614|1615|1616
all_exact_formal_game_data,349,scc:0100,scc:0616,1,"{""research_input"":1}",1623
all_exact_formal_game_data,350,scc:0100,scc:0617,2,"{""research_input"":2}",1627|1628
all_exact_formal_game_data,351,scc:0100,scc:0618,3,"{""research_input"":3}",1632|1633|1634
all_exact_formal_game_data,352,scc:0100,scc:0619,3,"{""research_input"":3}",1638|1639|1640
all_exact_formal_game_data,353,scc:0100,scc:0620,4,"{""research_input"":4}",1644|1645|1646|1647
all_exact_formal_game_data,354,scc:0100,scc:0623,3,"{""research_input"":3}",1657|1658|1659
all_exact_formal_game_data,355,scc:0100,scc:0624,3,"{""research_input"":3}",1663|1664|1665
all_exact_formal_game_data,356,scc:0100,scc:0625,3,"{""research_input"":3}",1669|1670|1671
all_exact_formal_game_data,357,scc:0100,scc:0626,4,"{""research_input"":4}",1675|1676|1677|1678
all_exact_formal_game_data,358,scc:0100,scc:0627,4,"{""research_input"":4}",1682|1683|1684|1685
all_exact_formal_game_data,359,scc:0100,scc:0631,1,"{""research_input"":1}",1698
all_exact_formal_game_data,360,scc:0100,scc:0632,2,"{""research_input"":2}",1702|1703
all_exact_formal_game_data,361,scc:0100,scc:0633,3,"{""research_input"":3}",1707|1708|1709
all_exact_formal_game_data,362,scc:0100,scc:0634,4,"{""research_input"":4}",1713|1714|1715|1716
all_exact_formal_game_data,363,scc:0100,scc:0636,1,"{""research_input"":1}",1723
all_exact_formal_game_data,364,scc:0100,scc:0637,1,"{""research_input"":1}",1727
all_exact_formal_game_data,365,scc:0100,scc:0638,2,"{""research_input"":2}",1731|1732
all_exact_formal_game_data,366,scc:0100,scc:0639,3,"{""research_input"":3}",1736|1737|1738
all_exact_formal_game_data,367,scc:0100,scc:0640,4,"{""research_input"":4}",1742|1743|1744|1745
all_exact_formal_game_data,368,scc:0101,scc:0239,1,"{""recipe_input"":1}",2135
all_exact_formal_game_data,369,scc:0101,scc:0244,1,"{""recipe_input"":1}",2161
all_exact_formal_game_data,370,scc:0101,scc:0253,1,"{""recipe_input"":1}",2204
all_exact_formal_game_data,371,scc:0101,scc:0264,1,"{""recipe_input"":1}",2245
all_exact_formal_game_data,372,scc:0101,scc:0268,1,"{""recipe_input"":1}",2255
all_exact_formal_game_data,373,scc:0101,scc:0278,1,"{""recipe_input"":1}",2296
all_exact_formal_game_data,374,scc:0101,scc:0295,1,"{""recipe_input"":1}",1810
all_exact_formal_game_data,375,scc:0101,scc:0300,1,"{""recipe_input"":1}",1869
all_exact_formal_game_data,376,scc:0101,scc:0302,1,"{""recipe_input"":1}",1877
all_exact_formal_game_data,377,scc:0101,scc:0304,1,"{""recipe_input"":1}",1884
all_exact_formal_game_data,378,scc:0101,scc:0305,1,"{""recipe_input"":1}",1892
all_exact_formal_game_data,379,scc:0101,scc:0332,1,"{""recipe_input"":1}",2009
all_exact_formal_game_data,380,scc:0101,scc:0336,1,"{""recipe_input"":1}",2019
all_exact_formal_game_data,381,scc:0101,scc:0338,1,"{""recipe_input"":1}",2026
all_exact_formal_game_data,382,scc:0101,scc:0352,1,"{""recipe_input"":1}",2074
all_exact_formal_game_data,383,scc:0101,scc:0353,1,"{""recipe_input"":1}",2077
all_exact_formal_game_data,384,scc:0102,scc:0236,1,"{""recipe_input"":1}",2123
all_exact_formal_game_data,385,scc:0102,scc:0238,1,"{""recipe_input"":1}",2132
all_exact_formal_game_data,386,scc:0102,scc:0240,1,"{""recipe_input"":1}",2141
all_exact_formal_game_data,387,scc:0102,scc:0266,1,"{""recipe_input"":1}",1787
all_exact_formal_game_data,388,scc:0102,scc:0277,1,"{""recipe_input"":1}",1792
all_exact_formal_game_data,389,scc:0102,scc:0296,1,"{""recipe_input"":1}",1814
all_exact_formal_game_data,390,scc:0102,scc:0310,1,"{""recipe_input"":1}",1912
all_exact_formal_game_data,391,scc:0102,scc:0315,1,"{""recipe_input"":1}",1936
all_exact_formal_game_data,392,scc:0102,scc:0320,1,"{""recipe_input"":1}",1957
all_exact_formal_game_data,393,scc:0102,scc:0342,1,"{""recipe_input"":1}",2042
all_exact_formal_game_data,394,scc:0102,scc:0348,1,"{""recipe_input"":1}",2058
all_exact_formal_game_data,395,scc:0103,scc:0100,1,"{""recipe_input"":1}",1843
all_exact_formal_game_data,396,scc:0103,scc:0228,1,"{""recipe_input"":1}",1774
all_exact_formal_game_data,397,scc:0103,scc:0235,1,"{""recipe_input"":1}",1778
all_exact_formal_game_data,398,scc:0103,scc:0236,1,"{""recipe_input"":1}",2124
all_exact_formal_game_data,399,scc:0103,scc:0240,1,"{""recipe_input"":1}",2142
all_exact_formal_game_data,400,scc:0103,scc:0242,1,"{""recipe_input"":1}",2153
all_exact_formal_game_data,401,scc:0103,scc:0296,1,"{""recipe_input"":1}",1815
all_exact_formal_game_data,402,scc:0104,scc:0245,1,"{""recipe_input"":1}",1781
all_exact_formal_game_data,403,scc:0104,scc:0290,1,"{""recipe_input"":1}",2352
all_exact_formal_game_data,404,scc:0104,scc:0323,1,"{""recipe_input"":1}",1971
all_exact_formal_game_data,405,scc:0105,scc:0270,1,"{""recipe_input"":1}",2265
all_exact_formal_game_data,406,scc:0105,scc:0305,1,"{""recipe_input"":1}",1889
all_exact_formal_game_data,407,scc:0105,scc:0330,1,"{""recipe_input"":1}",2003
all_exact_formal_game_data,408,scc:0106,scc:0241,1,"{""recipe_input"":1}",2147
all_exact_formal_game_data,409,scc:0106,scc:0244,1,"{""recipe_input"":1}",2162
all_exact_formal_game_data,410,scc:0106,scc:0279,1,"{""recipe_input"":1}",2301
all_exact_formal_game_data,411,scc:0106,scc:0284,1,"{""recipe_input"":1}",2332
all_exact_formal_game_data,412,scc:0106,scc:0300,1,"{""recipe_input"":1}",1870
all_exact_formal_game_data,413,scc:0106,scc:0304,1,"{""recipe_input"":1}",1885
all_exact_formal_game_data,414,scc:0106,scc:0329,1,"{""recipe_input"":1}",1993
all_exact_formal_game_data,415,scc:0106,scc:0337,1,"{""recipe_input"":1}",2022
all_exact_formal_game_data,416,scc:0106,scc:0338,1,"{""recipe_input"":1}",2027
all_exact_formal_game_data,417,scc:0107,scc:0260,1,"{""recipe_input"":1}",2231
all_exact_formal_game_data,418,scc:0107,scc:0265,1,"{""recipe_input"":1}",2248
all_exact_formal_game_data,419,scc:0107,scc:0271,1,"{""recipe_input"":1}",2269
all_exact_formal_game_data,420,scc:0108,scc:0261,1,"{""recipe_input"":1}",2235
all_exact_formal_game_data,421,scc:0108,scc:0267,1,"{""recipe_input"":1}",2252
all_exact_formal_game_data,422,scc:0108,scc:0272,1,"{""recipe_input"":1}",2274
all_exact_formal_game_data,423,scc:0109,scc:0268,1,"{""recipe_input"":1}",2256
all_exact_formal_game_data,424,scc:0109,scc:0273,1,"{""recipe_input"":1}",2278
all_exact_formal_game_data,425,scc:0111,scc:0232,1,"{""recipe_input"":1}",2111
all_exact_formal_game_data,426,scc:0112,scc:0233,1,"{""recipe_input"":1}",2114
all_exact_formal_game_data,427,scc:0114,scc:0242,1,"{""recipe_input"":1}",2152
all_exact_formal_game_data,428,scc:0114,scc:0246,1,"{""recipe_input"":1}",2168
all_exact_formal_game_data,429,scc:0114,scc:0250,1,"{""recipe_input"":1}",2190
all_exact_formal_game_data,430,scc:0114,scc:0306,1,"{""recipe_input"":1}",1895
all_exact_formal_game_data,431,scc:0114,scc:0309,1,"{""recipe_input"":1}",1909
all_exact_formal_game_data,432,scc:0114,scc:0320,1,"{""recipe_input"":1}",1958
all_exact_formal_game_data,433,scc:0114,scc:0325,1,"{""recipe_input"":1}",1764
all_exact_formal_game_data,434,scc:0114,scc:0327,1,"{""recipe_input"":1}",1981
all_exact_formal_game_data,435,scc:0114,scc:0340,1,"{""recipe_input"":1}",2036
all_exact_formal_game_data,436,scc:0114,scc:0343,1,"{""recipe_input"":1}",2045
all_exact_formal_game_data,437,scc:0114,scc:0354,1,"{""recipe_input"":1}",2082
all_exact_formal_game_data,438,scc:0114,scc:0373,1,"{""research_input"":1}",154
all_exact_formal_game_data,439,scc:0114,scc:0397,1,"{""research_input"":1}",339
all_exact_formal_game_data,440,scc:0115,scc:0100,1,"{""recipe_input"":1}",2086
all_exact_formal_game_data,441,scc:0115,scc:0228,1,"{""recipe_input"":1}",1776
all_exact_formal_game_data,442,scc:0115,scc:0230,1,"{""recipe_input"":1}",2306
all_exact_formal_game_data,443,scc:0115,scc:0245,1,"{""recipe_input"":1}",1780
all_exact_formal_game_data,444,scc:0115,scc:0250,1,"{""recipe_input"":1}",2192
all_exact_formal_game_data,445,scc:0115,scc:0309,1,"{""recipe_input"":1}",1908
all_exact_formal_game_data,446,scc:0115,scc:0315,1,"{""recipe_input"":1}",1938
all_exact_formal_game_data,447,scc:0115,scc:0320,1,"{""recipe_input"":1}",1959
all_exact_formal_game_data,448,scc:0115,scc:0325,1,"{""recipe_input"":1}",1765
all_exact_formal_game_data,449,scc:0115,scc:0335,1,"{""recipe_input"":1}",1768
all_exact_formal_game_data,450,scc:0115,scc:0346,1,"{""recipe_input"":1}",1770
all_exact_formal_game_data,451,scc:0115,scc:0354,1,"{""recipe_input"":1}",2083
all_exact_formal_game_data,452,scc:0115,scc:0356,1,"{""research_input"":1}",2
all_exact_formal_game_data,453,scc:0115,scc:0357,1,"{""research_input"":1}",10
all_exact_formal_game_data,454,scc:0115,scc:0380,1,"{""research_input"":1}",203
all_exact_formal_game_data,455,scc:0116,scc:0100,1,"{""recipe_input"":1}",2085
all_exact_formal_game_data,456,scc:0116,scc:0252,1,"{""recipe_input"":1}",2200
all_exact_formal_game_data,457,scc:0116,scc:0254,1,"{""recipe_input"":1}",2211
all_exact_formal_game_data,458,scc:0116,scc:0310,1,"{""recipe_input"":1}",1913
all_exact_formal_game_data,459,scc:0116,scc:0344,1,"{""recipe_input"":1}",2049
all_exact_formal_game_data,460,scc:0116,scc:0442,1,"{""research_input"":1}",642
all_exact_formal_game_data,461,scc:0117,scc:0237,1,"{""recipe_input"":1}",2128
all_exact_formal_game_data,462,scc:0117,scc:0239,1,"{""recipe_input"":1}",2136
all_exact_formal_game_data,463,scc:0117,scc:0243,1,"{""recipe_input"":1}",2159
all_exact_formal_game_data,464,scc:0117,scc:0244,1,"{""recipe_input"":1}",2163
all_exact_formal_game_data,465,scc:0117,scc:0246,1,"{""recipe_input"":1}",2169
all_exact_formal_game_data,466,scc:0117,scc:0252,1,"{""recipe_input"":1}",2202
all_exact_formal_game_data,467,scc:0117,scc:0253,1,"{""recipe_input"":1}",2206
all_exact_formal_game_data,468,scc:0117,scc:0258,1,"{""recipe_input"":1}",2226
all_exact_formal_game_data,469,scc:0117,scc:0285,1,"{""recipe_input"":1}",2335
all_exact_formal_game_data,470,scc:0117,scc:0287,1,"{""recipe_input"":1}",2344
all_exact_formal_game_data,471,scc:0117,scc:0289,1,"{""recipe_input"":1}",2348
all_exact_formal_game_data,472,scc:0117,scc:0300,1,"{""recipe_input"":1}",1871
all_exact_formal_game_data,473,scc:0117,scc:0302,1,"{""recipe_input"":1}",1879
all_exact_formal_game_data,474,scc:0117,scc:0327,1,"{""recipe_input"":1}",1983
all_exact_formal_game_data,475,scc:0117,scc:0328,1,"{""recipe_input"":1}",1989
all_exact_formal_game_data,476,scc:0117,scc:0329,1,"{""recipe_input"":1}",1992
all_exact_formal_game_data,477,scc:0117,scc:0331,1,"{""recipe_input"":1}",2006
all_exact_formal_game_data,478,scc:0117,scc:0349,1,"{""recipe_input"":1}",2061
all_exact_formal_game_data,479,scc:0118,scc:0100,1,"{""recipe_input"":1}",1995
all_exact_formal_game_data,480,scc:0120,scc:0228,1,"{""recipe_input"":1}",1775
all_exact_formal_game_data,481,scc:0120,scc:0234,1,"{""recipe_input"":1}",2119
all_exact_formal_game_data,482,scc:0120,scc:0242,1,"{""recipe_input"":1}",2154
all_exact_formal_game_data,483,scc:0120,scc:0250,1,"{""recipe_input"":1}",2191
all_exact_formal_game_data,484,scc:0120,scc:0251,1,"{""recipe_input"":1}",2196
all_exact_formal_game_data,485,scc:0120,scc:0252,1,"{""recipe_input"":1}",2201
all_exact_formal_game_data,486,scc:0120,scc:0254,1,"{""recipe_input"":1}",2212
all_exact_formal_game_data,487,scc:0120,scc:0266,1,"{""recipe_input"":1}",1788
all_exact_formal_game_data,488,scc:0120,scc:0271,1,"{""recipe_input"":1}",2268
all_exact_formal_game_data,489,scc:0120,scc:0274,1,"{""recipe_input"":1}",2283
all_exact_formal_game_data,490,scc:0120,scc:0275,1,"{""recipe_input"":1}",2288
all_exact_formal_game_data,491,scc:0120,scc:0277,1,"{""recipe_input"":1}",1793
all_exact_formal_game_data,492,scc:0120,scc:0280,1,"{""recipe_input"":1}",2310
all_exact_formal_game_data,493,scc:0120,scc:0290,1,"{""recipe_input"":1}",2354
all_exact_formal_game_data,494,scc:0120,scc:0296,1,"{""recipe_input"":1}",1816
all_exact_formal_game_data,495,scc:0120,scc:0306,1,"{""recipe_input"":1}",1896
all_exact_formal_game_data,496,scc:0120,scc:0309,1,"{""recipe_input"":1}",1907
all_exact_formal_game_data,497,scc:0120,scc:0310,1,"{""recipe_input"":1}",1914
all_exact_formal_game_data,498,scc:0120,scc:0313,1,"{""recipe_input"":1}",1919
all_exact_formal_game_data,499,scc:0120,scc:0315,1,"{""recipe_input"":1}",1937
all_exact_formal_game_data,500,scc:0120,scc:0322,1,"{""recipe_input"":1}",1969
all_exact_formal_game_data,501,scc:0120,scc:0323,1,"{""recipe_input"":1}",1972
all_exact_formal_game_data,502,scc:0120,scc:0324,1,"{""recipe_input"":1}",1975
all_exact_formal_game_data,503,scc:0120,scc:0341,1,"{""recipe_input"":1}",2039
all_exact_formal_game_data,504,scc:0120,scc:0343,1,"{""recipe_input"":1}",2046
all_exact_formal_game_data,505,scc:0120,scc:0346,1,"{""recipe_input"":1}",1771
all_exact_formal_game_data,506,scc:0120,scc:0357,1,"{""research_input"":1}",11
all_exact_formal_game_data,507,scc:0120,scc:0373,1,"{""research_input"":1}",153
all_exact_formal_game_data,508,scc:0120,scc:0380,1,"{""research_input"":1}",204
all_exact_formal_game_data,509,scc:0120,scc:0397,1,"{""research_input"":1}",338
all_exact_formal_game_data,510,scc:0120,scc:0450,1,"{""research_input"":1}",690
all_exact_formal_game_data,511,scc:0120,scc:0476,1,"{""research_input"":1}",838
all_exact_formal_game_data,512,scc:0121,scc:0234,1,"{""recipe_input"":1}",2120
all_exact_formal_game_data,513,scc:0121,scc:0280,1,"{""recipe_input"":1}",2311
all_exact_formal_game_data,514,scc:0121,scc:0313,1,"{""recipe_input"":1}",1920
all_exact_formal_game_data,515,scc:0122,scc:0100,2,"{""recipe_input"":2}",1922|1932
all_exact_formal_game_data,516,scc:0122,scc:0236,1,"{""recipe_input"":1}",2125
all_exact_formal_game_data,517,scc:0122,scc:0239,1,"{""recipe_input"":1}",2138
all_exact_formal_game_data,518,scc:0122,scc:0246,1,"{""recipe_input"":1}",2170
all_exact_formal_game_data,519,scc:0122,scc:0247,1,"{""recipe_input"":1}",2178
all_exact_formal_game_data,520,scc:0122,scc:0248,1,"{""recipe_input"":1}",2182
all_exact_formal_game_data,521,scc:0122,scc:0253,1,"{""recipe_input"":1}",2208
all_exact_formal_game_data,522,scc:0122,scc:0256,1,"{""recipe_input"":1}",2218
all_exact_formal_game_data,523,scc:0122,scc:0272,1,"{""recipe_input"":1}",2273
all_exact_formal_game_data,524,scc:0122,scc:0276,1,"{""recipe_input"":1}",2293
all_exact_formal_game_data,525,scc:0122,scc:0278,1,"{""recipe_input"":1}",2298
all_exact_formal_game_data,526,scc:0122,scc:0279,1,"{""recipe_input"":1}",2303
all_exact_formal_game_data,527,scc:0122,scc:0285,1,"{""recipe_input"":1}",2337
all_exact_formal_game_data,528,scc:0122,scc:0289,1,"{""recipe_input"":1}",2349
all_exact_formal_game_data,529,scc:0122,scc:0300,1,"{""recipe_input"":1}",1873
all_exact_formal_game_data,530,scc:0122,scc:0303,1,"{""recipe_input"":1}",1882
all_exact_formal_game_data,531,scc:0122,scc:0307,1,"{""recipe_input"":1}",1900
all_exact_formal_game_data,532,scc:0122,scc:0327,1,"{""recipe_input"":1}",1982
all_exact_formal_game_data,533,scc:0122,scc:0328,1,"{""recipe_input"":1}",1988
all_exact_formal_game_data,534,scc:0122,scc:0332,1,"{""recipe_input"":1}",2011
all_exact_formal_game_data,535,scc:0122,scc:0337,1,"{""recipe_input"":1}",2024
all_exact_formal_game_data,536,scc:0122,scc:0350,1,"{""recipe_input"":1}",2066
all_exact_formal_game_data,537,scc:0122,scc:0351,1,"{""recipe_input"":1}",2070
all_exact_formal_game_data,538,scc:0122,scc:0353,1,"{""recipe_input"":1}",2078
all_exact_formal_game_data,539,scc:0123,scc:0234,1,"{""recipe_input"":1}",2118
all_exact_formal_game_data,540,scc:0123,scc:0247,1,"{""recipe_input"":1}",2177
all_exact_formal_game_data,541,scc:0123,scc:0251,1,"{""recipe_input"":1}",2195
all_exact_formal_game_data,542,scc:0123,scc:0253,1,"{""recipe_input"":1}",2207
all_exact_formal_game_data,543,scc:0123,scc:0255,1,"{""recipe_input"":1}",1784
all_exact_formal_game_data,544,scc:0123,scc:0256,1,"{""recipe_input"":1}",2216
all_exact_formal_game_data,545,scc:0123,scc:0266,1,"{""recipe_input"":1}",1789
all_exact_formal_game_data,546,scc:0123,scc:0274,1,"{""recipe_input"":1}",2284
all_exact_formal_game_data,547,scc:0123,scc:0277,1,"{""recipe_input"":1}",1794
all_exact_formal_game_data,548,scc:0123,scc:0285,1,"{""recipe_input"":1}",2336
all_exact_formal_game_data,549,scc:0123,scc:0286,1,"{""recipe_input"":1}",2340
all_exact_formal_game_data,550,scc:0123,scc:0290,1,"{""recipe_input"":1}",2353
all_exact_formal_game_data,551,scc:0124,scc:0304,1,"{""recipe_input"":1}",1886
all_exact_formal_game_data,552,scc:0124,scc:0305,1,"{""recipe_input"":1}",1891
all_exact_formal_game_data,553,scc:0125,scc:0243,1,"{""recipe_input"":1}",2158
all_exact_formal_game_data,554,scc:0125,scc:0251,1,"{""recipe_input"":1}",2197
all_exact_formal_game_data,555,scc:0125,scc:0275,1,"{""recipe_input"":1}",2289
all_exact_formal_game_data,556,scc:0125,scc:0326,1,"{""recipe_input"":1}",1978
all_exact_formal_game_data,557,scc:0125,scc:0328,1,"{""recipe_input"":1}",1987
all_exact_formal_game_data,558,scc:0126,scc:0272,1,"{""recipe_input"":1}",2275
all_exact_formal_game_data,559,scc:0126,scc:0351,1,"{""recipe_input"":1}",2071
all_exact_formal_game_data,560,scc:0127,scc:0237,1,"{""recipe_input"":1}",2129
all_exact_formal_game_data,561,scc:0127,scc:0278,1,"{""recipe_input"":1}",2297
all_exact_formal_game_data,562,scc:0127,scc:0279,1,"{""recipe_input"":1}",2302
all_exact_formal_game_data,563,scc:0127,scc:0353,1,"{""recipe_input"":1}",2079
all_exact_formal_game_data,564,scc:0128,scc:0248,1,"{""recipe_input"":1}",2181
all_exact_formal_game_data,565,scc:0128,scc:0254,1,"{""recipe_input"":1}",2213
all_exact_formal_game_data,566,scc:0128,scc:0271,1,"{""recipe_input"":1}",2270
all_exact_formal_game_data,567,scc:0128,scc:0274,1,"{""recipe_input"":1}",2282
all_exact_formal_game_data,568,scc:0128,scc:0280,1,"{""recipe_input"":1}",2312
all_exact_formal_game_data,569,scc:0128,scc:0489,1,"{""research_input"":1}",920
all_exact_formal_game_data,570,scc:0129,scc:0337,1,"{""recipe_input"":1}",2023
all_exact_formal_game_data,571,scc:0130,scc:0339,1,"{""recipe_input"":1}",2031
all_exact_formal_game_data,572,scc:0132,scc:0263,1,"{""recipe_input"":1}",2241
all_exact_formal_game_data,573,scc:0133,scc:0264,1,"{""recipe_input"":1}",2244
all_exact_formal_game_data,574,scc:0135,scc:0267,1,"{""recipe_input"":1}",2250
all_exact_formal_game_data,575,scc:0136,scc:0268,1,"{""recipe_input"":1}",2254
all_exact_formal_game_data,576,scc:0138,scc:0270,1,"{""recipe_input"":1}",2262
all_exact_formal_game_data,577,scc:0140,scc:0272,1,"{""recipe_input"":1}",2272
all_exact_formal_game_data,578,scc:0141,scc:0273,1,"{""recipe_input"":1}",2277
all_exact_formal_game_data,579,scc:0143,scc:0287,1,"{""recipe_input"":1}",2343
all_exact_formal_game_data,580,scc:0146,scc:0339,1,"{""recipe_input"":1}",2032
all_exact_formal_game_data,581,scc:0147,scc:0284,1,"{""recipe_input"":1}",2329
all_exact_formal_game_data,582,scc:0149,scc:0345,1,"{""recipe_input"":1}",2051
all_exact_formal_game_data,583,scc:0150,scc:0349,1,"{""recipe_input"":1}",2060
all_exact_formal_game_data,584,scc:0152,scc:0344,1,"{""recipe_input"":1}",2048
all_exact_formal_game_data,585,scc:0153,scc:0347,1,"{""recipe_input"":1}",2054
all_exact_formal_game_data,586,scc:0154,scc:0289,1,"{""recipe_input"":1}",2347
all_exact_formal_game_data,587,scc:0161,scc:0352,1,"{""recipe_input"":1}",2073
all_exact_formal_game_data,588,scc:0162,scc:0237,1,"{""recipe_input"":1}",2127
all_exact_formal_game_data,589,scc:0166,scc:0255,1,"{""recipe_input"":1}",1783
all_exact_formal_game_data,590,scc:0167,scc:0257,1,"{""recipe_input"":1}",2220
all_exact_formal_game_data,591,scc:0167,scc:0329,1,"{""recipe_input"":1}",1991
all_exact_formal_game_data,592,scc:0172,scc:0237,1,"{""recipe_input"":1}",2130
all_exact_formal_game_data,593,scc:0180,scc:0241,1,"{""recipe_input"":1}",2146
all_exact_formal_game_data,594,scc:0181,scc:0307,1,"{""recipe_input"":1}",1898
all_exact_formal_game_data,595,scc:0182,scc:0308,1,"{""recipe_input"":1}",1902
all_exact_formal_game_data,596,scc:0183,scc:0282,1,"{""recipe_input"":1}",2319
all_exact_formal_game_data,597,scc:0187,scc:0249,1,"{""recipe_input"":1}",2184
all_exact_formal_game_data,598,scc:0193,scc:0283,1,"{""recipe_input"":1}",2324
all_exact_formal_game_data,599,scc:0199,scc:0281,1,"{""recipe_input"":1}",2314
all_exact_formal_game_data,600,scc:0214,scc:0275,1,"{""recipe_input"":1}",2286
all_exact_formal_game_data,601,scc:0214,scc:0276,1,"{""recipe_input"":1}",2291
all_exact_formal_game_data,602,scc:0219,scc:0281,1,"{""recipe_input"":1}",2316
all_exact_formal_game_data,603,scc:0219,scc:0432,1,"{""research_input"":1}",583
all_exact_formal_game_data,604,scc:0219,scc:0433,1,"{""research_input"":1}",587
all_exact_formal_game_data,605,scc:0219,scc:0434,1,"{""research_input"":1}",591
all_exact_formal_game_data,606,scc:0219,scc:0435,1,"{""research_input"":1}",595
all_exact_formal_game_data,607,scc:0220,scc:0281,1,"{""recipe_input"":1}",2315
all_exact_formal_game_data,608,scc:0220,scc:0432,1,"{""preitem_gate"":1}",582
all_exact_formal_game_data,609,scc:0221,scc:0282,1,"{""recipe_input"":1}",2320
all_exact_formal_game_data,610,scc:0221,scc:0433,1,"{""preitem_gate"":1}",586
all_exact_formal_game_data,611,scc:0222,scc:0283,1,"{""recipe_input"":1}",2325
all_exact_formal_game_data,612,scc:0222,scc:0434,1,"{""preitem_gate"":1}",590
all_exact_formal_game_data,613,scc:0223,scc:0284,1,"{""recipe_input"":1}",2330
all_exact_formal_game_data,614,scc:0223,scc:0435,1,"{""preitem_gate"":1}",594
all_exact_formal_game_data,615,scc:0224,scc:0282,1,"{""recipe_input"":1}",2321
all_exact_formal_game_data,616,scc:0224,scc:0283,1,"{""recipe_input"":1}",2326
all_exact_formal_game_data,617,scc:0225,scc:0100,25,"{""research_input"":25}",29|33|64|69|73|77|96|103|109|114|120|176|199|214|229|261|267|272|277|283|400|404|410|417|423
all_exact_formal_game_data,618,scc:0225,scc:0330,1,"{""recipe_input"":1}",1998
all_exact_formal_game_data,619,scc:0225,scc:0358,1,"{""research_input"":1}",16
all_exact_formal_game_data,620,scc:0225,scc:0359,1,"{""research_input"":1}",23
all_exact_formal_game_data,621,scc:0225,scc:0360,1,"{""research_input"":1}",37
all_exact_formal_game_data,622,scc:0225,scc:0361,1,"{""research_input"":1}",41
all_exact_formal_game_data,623,scc:0225,scc:0365,1,"{""research_input"":1}",53
all_exact_formal_game_data,624,scc:0225,scc:0366,1,"{""research_input"":1}",59
all_exact_formal_game_data,625,scc:0225,scc:0367,1,"{""research_input"":1}",87
all_exact_formal_game_data,626,scc:0225,scc:0368,1,"{""research_input"":1}",125
all_exact_formal_game_data,627,scc:0225,scc:0370,1,"{""research_input"":1}",138
all_exact_formal_game_data,628,scc:0225,scc:0371,1,"{""research_input"":1}",143
all_exact_formal_game_data,629,scc:0225,scc:0372,1,"{""research_input"":1}",148
all_exact_formal_game_data,630,scc:0225,scc:0374,1,"{""research_input"":1}",159
all_exact_formal_game_data,631,scc:0225,scc:0375,1,"{""research_input"":1}",165
all_exact_formal_game_data,632,scc:0225,scc:0376,1,"{""research_input"":1}",172
all_exact_formal_game_data,633,scc:0225,scc:0377,1,"{""research_input"":1}",181
all_exact_formal_game_data,634,scc:0225,scc:0378,1,"{""research_input"":1}",189
all_exact_formal_game_data,635,scc:0225,scc:0379,1,"{""research_input"":1}",195
all_exact_formal_game_data,636,scc:0225,scc:0381,1,"{""research_input"":1}",209
all_exact_formal_game_data,637,scc:0225,scc:0382,1,"{""research_input"":1}",220
all_exact_formal_game_data,638,scc:0225,scc:0383,1,"{""research_input"":1}",225
all_exact_formal_game_data,639,scc:0225,scc:0384,1,"{""research_input"":1}",233
all_exact_formal_game_data,640,scc:0225,scc:0385,1,"{""research_input"":1}",238
all_exact_formal_game_data,641,scc:0225,scc:0386,1,"{""research_input"":1}",242
all_exact_formal_game_data,642,scc:0225,scc:0387,1,"{""research_input"":1}",249
all_exact_formal_game_data,643,scc:0225,scc:0388,1,"{""research_input"":1}",257
all_exact_formal_game_data,644,scc:0225,scc:0389,1,"{""research_input"":1}",290
all_exact_formal_game_data,645,scc:0225,scc:0391,1,"{""research_input"":1}",302
all_exact_formal_game_data,646,scc:0225,scc:0392,1,"{""research_input"":1}",307
all_exact_formal_game_data,647,scc:0225,scc:0393,1,"{""research_input"":1}",313
all_exact_formal_game_data,648,scc:0225,scc:0394,1,"{""research_input"":1}",318
all_exact_formal_game_data,649,scc:0225,scc:0395,1,"{""research_input"":1}",324
all_exact_formal_game_data,650,scc:0225,scc:0396,1,"{""research_input"":1}",331
all_exact_formal_game_data,651,scc:0225,scc:0398,1,"{""research_input"":1}",346
all_exact_formal_game_data,652,scc:0225,scc:0399,1,"{""research_input"":1}",355
all_exact_formal_game_data,653,scc:0225,scc:0400,1,"{""research_input"":1}",363
all_exact_formal_game_data,654,scc:0225,scc:0401,1,"{""research_input"":1}",371
all_exact_formal_game_data,655,scc:0225,scc:0402,1,"{""research_input"":1}",378
all_exact_formal_game_data,656,scc:0225,scc:0403,1,"{""research_input"":1}",384
all_exact_formal_game_data,657,scc:0225,scc:0404,1,"{""research_input"":1}",391
all_exact_formal_game_data,658,scc:0225,scc:0405,1,"{""research_input"":1}",397
all_exact_formal_game_data,659,scc:0225,scc:0406,1,"{""research_input"":1}",429
all_exact_formal_game_data,660,scc:0225,scc:0407,1,"{""research_input"":1}",435
all_exact_formal_game_data,661,scc:0225,scc:0408,1,"{""research_input"":1}",440
all_exact_formal_game_data,662,scc:0225,scc:0409,1,"{""research_input"":1}",443
all_exact_formal_game_data,663,scc:0225,scc:0410,1,"{""research_input"":1}",447
all_exact_formal_game_data,664,scc:0225,scc:0411,1,"{""research_input"":1}",453
all_exact_formal_game_data,665,scc:0225,scc:0412,1,"{""research_input"":1}",458
all_exact_formal_game_data,666,scc:0225,scc:0413,1,"{""research_input"":1}",463
all_exact_formal_game_data,667,scc:0225,scc:0414,1,"{""research_input"":1}",469
all_exact_formal_game_data,668,scc:0225,scc:0415,1,"{""research_input"":1}",474
all_exact_formal_game_data,669,scc:0225,scc:0416,1,"{""research_input"":1}",480
all_exact_formal_game_data,670,scc:0225,scc:0417,1,"{""research_input"":1}",486
all_exact_formal_game_data,671,scc:0225,scc:0418,1,"{""research_input"":1}",495
all_exact_formal_game_data,672,scc:0225,scc:0419,1,"{""research_input"":1}",500
all_exact_formal_game_data,673,scc:0225,scc:0420,1,"{""research_input"":1}",506
all_exact_formal_game_data,674,scc:0225,scc:0421,1,"{""research_input"":1}",511
all_exact_formal_game_data,675,scc:0225,scc:0422,1,"{""research_input"":1}",517
all_exact_formal_game_data,676,scc:0225,scc:0423,1,"{""research_input"":1}",524
all_exact_formal_game_data,677,scc:0225,scc:0424,1,"{""research_input"":1}",532
all_exact_formal_game_data,678,scc:0225,scc:0425,1,"{""research_input"":1}",540
all_exact_formal_game_data,679,scc:0225,scc:0426,1,"{""research_input"":1}",546
all_exact_formal_game_data,680,scc:0225,scc:0427,1,"{""research_input"":1}",551
all_exact_formal_game_data,681,scc:0225,scc:0428,1,"{""research_input"":1}",557
all_exact_formal_game_data,682,scc:0225,scc:0429,1,"{""research_input"":1}",566
all_exact_formal_game_data,683,scc:0225,scc:0430,1,"{""research_input"":1}",573
all_exact_formal_game_data,684,scc:0225,scc:0431,1,"{""research_input"":1}",579
all_exact_formal_game_data,685,scc:0225,scc:0437,1,"{""research_input"":1}",603
all_exact_formal_game_data,686,scc:0225,scc:0438,1,"{""research_input"":1}",610
all_exact_formal_game_data,687,scc:0225,scc:0439,1,"{""research_input"":1}",618
all_exact_formal_game_data,688,scc:0225,scc:0440,1,"{""research_input"":1}",627
all_exact_formal_game_data,689,scc:0225,scc:0443,1,"{""research_input"":1}",646
all_exact_formal_game_data,690,scc:0225,scc:0444,1,"{""research_input"":1}",651
all_exact_formal_game_data,691,scc:0225,scc:0445,1,"{""research_input"":1}",656
all_exact_formal_game_data,692,scc:0225,scc:0446,1,"{""research_input"":1}",662
all_exact_formal_game_data,693,scc:0225,scc:0447,1,"{""research_input"":1}",668
all_exact_formal_game_data,694,scc:0225,scc:0448,1,"{""research_input"":1}",675
all_exact_formal_game_data,695,scc:0225,scc:0449,1,"{""research_input"":1}",682
all_exact_formal_game_data,696,scc:0225,scc:0451,1,"{""research_input"":1}",694
all_exact_formal_game_data,697,scc:0225,scc:0452,1,"{""research_input"":1}",699
all_exact_formal_game_data,698,scc:0225,scc:0453,1,"{""research_input"":1}",706
all_exact_formal_game_data,699,scc:0225,scc:0454,1,"{""research_input"":1}",714
all_exact_formal_game_data,700,scc:0225,scc:0455,1,"{""research_input"":1}",721
all_exact_formal_game_data,701,scc:0225,scc:0457,1,"{""research_input"":1}",733
all_exact_formal_game_data,702,scc:0225,scc:0458,1,"{""research_input"":1}",737
all_exact_formal_game_data,703,scc:0225,scc:0459,1,"{""research_input"":1}",742
all_exact_formal_game_data,704,scc:0225,scc:0460,1,"{""research_input"":1}",747
all_exact_formal_game_data,705,scc:0225,scc:0461,1,"{""research_input"":1}",753
all_exact_formal_game_data,706,scc:0225,scc:0462,1,"{""research_input"":1}",760
all_exact_formal_game_data,707,scc:0225,scc:0465,1,"{""research_input"":1}",777
all_exact_formal_game_data,708,scc:0225,scc:0466,1,"{""research_input"":1}",782
all_exact_formal_game_data,709,scc:0225,scc:0467,1,"{""research_input"":1}",788
all_exact_formal_game_data,710,scc:0225,scc:0468,1,"{""research_input"":1}",794
all_exact_formal_game_data,711,scc:0225,scc:0470,1,"{""research_input"":1}",805
all_exact_formal_game_data,712,scc:0225,scc:0471,1,"{""research_input"":1}",809
all_exact_formal_game_data,713,scc:0225,scc:0472,1,"{""research_input"":1}",814
all_exact_formal_game_data,714,scc:0225,scc:0473,1,"{""research_input"":1}",820
all_exact_formal_game_data,715,scc:0225,scc:0474,1,"{""research_input"":1}",827
all_exact_formal_game_data,716,scc:0225,scc:0477,1,"{""research_input"":1}",843
all_exact_formal_game_data,717,scc:0225,scc:0478,1,"{""research_input"":1}",848
all_exact_formal_game_data,718,scc:0225,scc:0479,1,"{""research_input"":1}",854
all_exact_formal_game_data,719,scc:0225,scc:0480,1,"{""research_input"":1}",861
all_exact_formal_game_data,720,scc:0225,scc:0481,1,"{""research_input"":1}",869
all_exact_formal_game_data,721,scc:0225,scc:0482,1,"{""research_input"":1}",876
all_exact_formal_game_data,722,scc:0225,scc:0483,1,"{""research_input"":1}",882
all_exact_formal_game_data,723,scc:0225,scc:0484,1,"{""research_input"":1}",888
all_exact_formal_game_data,724,scc:0225,scc:0485,1,"{""research_input"":1}",895
all_exact_formal_game_data,725,scc:0225,scc:0486,1,"{""research_input"":1}",903
all_exact_formal_game_data,726,scc:0225,scc:0490,1,"{""research_input"":1}",924
all_exact_formal_game_data,727,scc:0225,scc:0491,1,"{""research_input"":1}",929
all_exact_formal_game_data,728,scc:0225,scc:0492,1,"{""research_input"":1}",936
all_exact_formal_game_data,729,scc:0225,scc:0493,1,"{""research_input"":1}",941
all_exact_formal_game_data,730,scc:0225,scc:0495,1,"{""research_input"":1}",950
all_exact_formal_game_data,731,scc:0225,scc:0496,1,"{""research_input"":1}",953
all_exact_formal_game_data,732,scc:0225,scc:0497,1,"{""research_input"":1}",957
all_exact_formal_game_data,733,scc:0225,scc:0498,1,"{""research_input"":1}",962
all_exact_formal_game_data,734,scc:0225,scc:0499,1,"{""research_input"":1}",968
all_exact_formal_game_data,735,scc:0225,scc:0501,1,"{""research_input"":1}",978
all_exact_formal_game_data,736,scc:0225,scc:0502,1,"{""research_input"":1}",983
all_exact_formal_game_data,737,scc:0225,scc:0503,1,"{""research_input"":1}",988
all_exact_formal_game_data,738,scc:0225,scc:0504,1,"{""research_input"":1}",993
all_exact_formal_game_data,739,scc:0225,scc:0505,1,"{""research_input"":1}",999
all_exact_formal_game_data,740,scc:0225,scc:0506,1,"{""research_input"":1}",1005
all_exact_formal_game_data,741,scc:0225,scc:0507,1,"{""research_input"":1}",1053
all_exact_formal_game_data,742,scc:0225,scc:0508,1,"{""research_input"":1}",1058
all_exact_formal_game_data,743,scc:0225,scc:0509,1,"{""research_input"":1}",1063
all_exact_formal_game_data,744,scc:0225,scc:0510,1,"{""research_input"":1}",1068
all_exact_formal_game_data,745,scc:0225,scc:0511,1,"{""research_input"":1}",1074
all_exact_formal_game_data,746,scc:0225,scc:0512,1,"{""research_input"":1}",1080
all_exact_formal_game_data,747,scc:0225,scc:0513,1,"{""research_input"":1}",1087
all_exact_formal_game_data,748,scc:0225,scc:0515,1,"{""research_input"":1}",1097
all_exact_formal_game_data,749,scc:0225,scc:0516,1,"{""research_input"":1}",1102
all_exact_formal_game_data,750,scc:0225,scc:0517,1,"{""research_input"":1}",1107
all_exact_formal_game_data,751,scc:0225,scc:0518,1,"{""research_input"":1}",1112
all_exact_formal_game_data,752,scc:0225,scc:0519,1,"{""research_input"":1}",1117
all_exact_formal_game_data,753,scc:0225,scc:0520,1,"{""research_input"":1}",1123
all_exact_formal_game_data,754,scc:0225,scc:0521,1,"{""research_input"":1}",1129
all_exact_formal_game_data,755,scc:0225,scc:0522,1,"{""research_input"":1}",1134
all_exact_formal_game_data,756,scc:0225,scc:0523,1,"{""research_input"":1}",1139
all_exact_formal_game_data,757,scc:0225,scc:0524,1,"{""research_input"":1}",1144
all_exact_formal_game_data,758,scc:0225,scc:0525,1,"{""research_input"":1}",1149
all_exact_formal_game_data,759,scc:0225,scc:0526,1,"{""research_input"":1}",1155
all_exact_formal_game_data,760,scc:0225,scc:0527,1,"{""research_input"":1}",1188
all_exact_formal_game_data,761,scc:0225,scc:0528,1,"{""research_input"":1}",1194
all_exact_formal_game_data,762,scc:0225,scc:0529,1,"{""research_input"":1}",1201
all_exact_formal_game_data,763,scc:0225,scc:0530,1,"{""research_input"":1}",1209
all_exact_formal_game_data,764,scc:0225,scc:0531,1,"{""research_input"":1}",1218
all_exact_formal_game_data,765,scc:0225,scc:0532,1,"{""research_input"":1}",1227
all_exact_formal_game_data,766,scc:0225,scc:0534,1,"{""research_input"":1}",1241
all_exact_formal_game_data,767,scc:0225,scc:0535,1,"{""research_input"":1}",1247
all_exact_formal_game_data,768,scc:0225,scc:0536,1,"{""research_input"":1}",1254
all_exact_formal_game_data,769,scc:0225,scc:0537,1,"{""research_input"":1}",1261
all_exact_formal_game_data,770,scc:0225,scc:0538,1,"{""research_input"":1}",1268
all_exact_formal_game_data,771,scc:0225,scc:0539,1,"{""research_input"":1}",1276
all_exact_formal_game_data,772,scc:0225,scc:0540,1,"{""research_input"":1}",1284
all_exact_formal_game_data,773,scc:0225,scc:0541,1,"{""research_input"":1}",1293
all_exact_formal_game_data,774,scc:0225,scc:0544,1,"{""research_input"":1}",1324
all_exact_formal_game_data,775,scc:0225,scc:0545,1,"{""research_input"":1}",1330
all_exact_formal_game_data,776,scc:0225,scc:0546,1,"{""research_input"":1}",1337
all_exact_formal_game_data,777,scc:0225,scc:0547,1,"{""research_input"":1}",1345
all_exact_formal_game_data,778,scc:0225,scc:0548,1,"{""research_input"":1}",1353
all_exact_formal_game_data,779,scc:0225,scc:0553,1,"{""research_input"":1}",1380
all_exact_formal_game_data,780,scc:0225,scc:0554,1,"{""research_input"":1}",1386
all_exact_formal_game_data,781,scc:0225,scc:0555,1,"{""research_input"":1}",1392
all_exact_formal_game_data,782,scc:0225,scc:0563,1,"{""research_input"":1}",1161
all_exact_formal_game_data,783,scc:0225,scc:0564,1,"{""research_input"":1}",1165
all_exact_formal_game_data,784,scc:0225,scc:0565,1,"{""research_input"":1}",1170
all_exact_formal_game_data,785,scc:0225,scc:0566,1,"{""research_input"":1}",1175
all_exact_formal_game_data,786,scc:0225,scc:0567,1,"{""research_input"":1}",1181
all_exact_formal_game_data,787,scc:0225,scc:0568,1,"{""research_input"":1}",1410
all_exact_formal_game_data,788,scc:0225,scc:0569,1,"{""research_input"":1}",1413
all_exact_formal_game_data,789,scc:0225,scc:0570,1,"{""research_input"":1}",1417
all_exact_formal_game_data,790,scc:0225,scc:0571,1,"{""research_input"":1}",1422
all_exact_formal_game_data,791,scc:0225,scc:0572,1,"{""research_input"":1}",1011
all_exact_formal_game_data,792,scc:0225,scc:0573,1,"{""research_input"":1}",1018
all_exact_formal_game_data,793,scc:0225,scc:0574,1,"{""research_input"":1}",1025
all_exact_formal_game_data,794,scc:0225,scc:0575,1,"{""research_input"":1}",1032
all_exact_formal_game_data,795,scc:0225,scc:0576,1,"{""research_input"":1}",1039
all_exact_formal_game_data,796,scc:0225,scc:0577,1,"{""research_input"":1}",1046
all_exact_formal_game_data,797,scc:0225,scc:0578,1,"{""research_input"":1}",1428
all_exact_formal_game_data,798,scc:0225,scc:0579,1,"{""research_input"":1}",1431
all_exact_formal_game_data,799,scc:0225,scc:0580,1,"{""research_input"":1}",1435
all_exact_formal_game_data,800,scc:0225,scc:0581,1,"{""research_input"":1}",1440
all_exact_formal_game_data,801,scc:0225,scc:0582,1,"{""research_input"":1}",1446
all_exact_formal_game_data,802,scc:0225,scc:0584,1,"{""research_input"":1}",1456
all_exact_formal_game_data,803,scc:0225,scc:0585,1,"{""research_input"":1}",1459
all_exact_formal_game_data,804,scc:0225,scc:0586,1,"{""research_input"":1}",1463
all_exact_formal_game_data,805,scc:0225,scc:0587,1,"{""research_input"":1}",1468
all_exact_formal_game_data,806,scc:0225,scc:0588,1,"{""research_input"":1}",1474
all_exact_formal_game_data,807,scc:0225,scc:0590,1,"{""research_input"":1}",1484
all_exact_formal_game_data,808,scc:0225,scc:0591,1,"{""research_input"":1}",1487
all_exact_formal_game_data,809,scc:0225,scc:0592,1,"{""research_input"":1}",1491
all_exact_formal_game_data,810,scc:0225,scc:0593,1,"{""research_input"":1}",1496
all_exact_formal_game_data,811,scc:0225,scc:0594,1,"{""research_input"":1}",1502
all_exact_formal_game_data,812,scc:0225,scc:0596,1,"{""research_input"":1}",1512
all_exact_formal_game_data,813,scc:0225,scc:0597,1,"{""research_input"":1}",1516
all_exact_formal_game_data,814,scc:0225,scc:0598,1,"{""research_input"":1}",1521
all_exact_formal_game_data,815,scc:0225,scc:0599,1,"{""research_input"":1}",1528
all_exact_formal_game_data,816,scc:0225,scc:0601,1,"{""research_input"":1}",1540
all_exact_formal_game_data,817,scc:0225,scc:0602,1,"{""research_input"":1}",1544
all_exact_formal_game_data,818,scc:0225,scc:0603,1,"{""research_input"":1}",1549
all_exact_formal_game_data,819,scc:0225,scc:0604,1,"{""research_input"":1}",1556
all_exact_formal_game_data,820,scc:0225,scc:0606,1,"{""research_input"":1}",1568
all_exact_formal_game_data,821,scc:0225,scc:0607,1,"{""research_input"":1}",1572
all_exact_formal_game_data,822,scc:0225,scc:0608,1,"{""research_input"":1}",1577
all_exact_formal_game_data,823,scc:0225,scc:0609,1,"{""research_input"":1}",1584
all_exact_formal_game_data,824,scc:0225,scc:0611,1,"{""research_input"":1}",1596
all_exact_formal_game_data,825,scc:0225,scc:0612,1,"{""research_input"":1}",1601
all_exact_formal_game_data,826,scc:0225,scc:0613,1,"{""research_input"":1}",1606
all_exact_formal_game_data,827,scc:0225,scc:0614,1,"{""research_input"":1}",1612
all_exact_formal_game_data,828,scc:0225,scc:0616,1,"{""research_input"":1}",1622
all_exact_formal_game_data,829,scc:0225,scc:0617,1,"{""research_input"":1}",1626
all_exact_formal_game_data,830,scc:0225,scc:0618,1,"{""research_input"":1}",1631
all_exact_formal_game_data,831,scc:0225,scc:0619,1,"{""research_input"":1}",1637
all_exact_formal_game_data,832,scc:0225,scc:0620,1,"{""research_input"":1}",1643
all_exact_formal_game_data,833,scc:0225,scc:0623,1,"{""research_input"":1}",1656
all_exact_formal_game_data,834,scc:0225,scc:0624,1,"{""research_input"":1}",1662
all_exact_formal_game_data,835,scc:0225,scc:0625,1,"{""research_input"":1}",1668
all_exact_formal_game_data,836,scc:0225,scc:0626,1,"{""research_input"":1}",1674
all_exact_formal_game_data,837,scc:0225,scc:0627,1,"{""research_input"":1}",1681
all_exact_formal_game_data,838,scc:0225,scc:0630,1,"{""research_input"":1}",1694
all_exact_formal_game_data,839,scc:0225,scc:0631,1,"{""research_input"":1}",1697
all_exact_formal_game_data,840,scc:0225,scc:0632,1,"{""research_input"":1}",1701
all_exact_formal_game_data,841,scc:0225,scc:0633,1,"{""research_input"":1}",1706
all_exact_formal_game_data,842,scc:0225,scc:0634,1,"{""research_input"":1}",1712
all_exact_formal_game_data,843,scc:0225,scc:0636,1,"{""research_input"":1}",1722
all_exact_formal_game_data,844,scc:0225,scc:0637,1,"{""research_input"":1}",1726
all_exact_formal_game_data,845,scc:0225,scc:0638,1,"{""research_input"":1}",1730
all_exact_formal_game_data,846,scc:0225,scc:0639,1,"{""research_input"":1}",1735
all_exact_formal_game_data,847,scc:0225,scc:0640,1,"{""research_input"":1}",1741
all_exact_formal_game_data,848,scc:0226,scc:0390,1,"{""research_input"":1}",297
all_exact_formal_game_data,849,scc:0226,scc:0441,1,"{""research_input"":1}",637
all_exact_formal_game_data,850,scc:0226,scc:0456,1,"{""research_input"":1}",729
all_exact_formal_game_data,851,scc:0226,scc:0463,1,"{""research_input"":1}",768
all_exact_formal_game_data,852,scc:0226,scc:0469,1,"{""research_input"":1}",802
all_exact_formal_game_data,853,scc:0226,scc:0475,1,"{""research_input"":1}",835
all_exact_formal_game_data,854,scc:0226,scc:0487,1,"{""research_input"":1}",912
all_exact_formal_game_data,855,scc:0226,scc:0488,1,"{""research_input"":1}",916
all_exact_formal_game_data,856,scc:0226,scc:0494,1,"{""research_input"":1}",947
all_exact_formal_game_data,857,scc:0226,scc:0500,1,"{""research_input"":1}",975
all_exact_formal_game_data,858,scc:0226,scc:0514,1,"{""research_input"":1}",1094
all_exact_formal_game_data,859,scc:0226,scc:0533,1,"{""research_input"":1}",1236
all_exact_formal_game_data,860,scc:0226,scc:0542,1,"{""research_input"":1}",1301
all_exact_formal_game_data,861,scc:0226,scc:0543,1,"{""research_input"":1}",1307
all_exact_formal_game_data,862,scc:0226,scc:0549,1,"{""research_input"":1}",1362
all_exact_formal_game_data,863,scc:0226,scc:0556,1,"{""research_input"":1}",1313
all_exact_formal_game_data,864,scc:0226,scc:0557,1,"{""research_input"":1}",1317
all_exact_formal_game_data,865,scc:0226,scc:0558,1,"{""research_input"":1}",1321
all_exact_formal_game_data,866,scc:0226,scc:0562,1,"{""research_input"":1}",1408
all_exact_formal_game_data,867,scc:0226,scc:0583,1,"{""research_input"":1}",1453
all_exact_formal_game_data,868,scc:0226,scc:0589,1,"{""research_input"":1}",1481
all_exact_formal_game_data,869,scc:0226,scc:0595,1,"{""research_input"":1}",1509
all_exact_formal_game_data,870,scc:0226,scc:0600,1,"{""research_input"":1}",1536
all_exact_formal_game_data,871,scc:0226,scc:0605,1,"{""research_input"":1}",1564
all_exact_formal_game_data,872,scc:0226,scc:0610,1,"{""research_input"":1}",1592
all_exact_formal_game_data,873,scc:0226,scc:0615,1,"{""research_input"":1}",1619
all_exact_formal_game_data,874,scc:0226,scc:0621,1,"{""research_input"":1}",1650
all_exact_formal_game_data,875,scc:0226,scc:0622,1,"{""research_input"":1}",1653
all_exact_formal_game_data,876,scc:0226,scc:0628,1,"{""research_input"":1}",1688
all_exact_formal_game_data,877,scc:0226,scc:0629,1,"{""research_input"":1}",1691
all_exact_formal_game_data,878,scc:0226,scc:0635,1,"{""research_input"":1}",1719
all_exact_formal_game_data,879,scc:0226,scc:0641,1,"{""research_input"":1}",1748
all_exact_formal_game_data,880,scc:0227,scc:0095,1,"{""recipe_output"":1}",1751
all_exact_formal_game_data,881,scc:0228,scc:0199,1,"{""recipe_output"":1}",1777
all_exact_formal_game_data,882,scc:0229,scc:0117,1,"{""recipe_output"":1}",2104
all_exact_formal_game_data,883,scc:0230,scc:0128,1,"{""recipe_output"":1}",2308
all_exact_formal_game_data,884,scc:0231,scc:0111,1,"{""recipe_output"":1}",2110
all_exact_formal_game_data,885,scc:0232,scc:0112,1,"{""recipe_output"":1}",2113
all_exact_formal_game_data,886,scc:0233,scc:0113,1,"{""recipe_output"":1}",2116
all_exact_formal_game_data,887,scc:0234,scc:0191,1,"{""recipe_output"":1}",2121
all_exact_formal_game_data,888,scc:0235,scc:0104,1,"{""recipe_output"":1}",1779
all_exact_formal_game_data,889,scc:0236,scc:0192,1,"{""recipe_output"":1}",2126
all_exact_formal_game_data,890,scc:0237,scc:0163,1,"{""recipe_output"":1}",2131
all_exact_formal_game_data,891,scc:0238,scc:0110,1,"{""recipe_output"":1}",2134
all_exact_formal_game_data,892,scc:0239,scc:0176,1,"{""recipe_output"":1}",2139
all_exact_formal_game_data,893,scc:0240,scc:0164,1,"{""recipe_output"":1}",2143
all_exact_formal_game_data,894,scc:0241,scc:0193,1,"{""recipe_output"":1}",2150
all_exact_formal_game_data,895,scc:0242,scc:0157,1,"{""recipe_output"":1}",2155
all_exact_formal_game_data,896,scc:0243,scc:0178,1,"{""recipe_output"":1}",2160
all_exact_formal_game_data,897,scc:0244,scc:0194,1,"{""recipe_output"":1}",2166
all_exact_formal_game_data,898,scc:0245,scc:0123,1,"{""recipe_output"":1}",1782
all_exact_formal_game_data,899,scc:0246,scc:0158,1,"{""recipe_output"":1}",2171
all_exact_formal_game_data,900,scc:0247,scc:0165,1,"{""recipe_output"":1}",2179
all_exact_formal_game_data,901,scc:0248,scc:0213,1,"{""recipe_output"":1}",2183
all_exact_formal_game_data,902,scc:0249,scc:0195,1,"{""recipe_output"":1}",2188
all_exact_formal_game_data,903,scc:0250,scc:0201,1,"{""recipe_output"":1}",2193
all_exact_formal_game_data,904,scc:0251,scc:0202,1,"{""recipe_output"":1}",2198
all_exact_formal_game_data,905,scc:0252,scc:0203,1,"{""recipe_output"":1}",2203
all_exact_formal_game_data,906,scc:0253,scc:0204,1,"{""recipe_output"":1}",2209
all_exact_formal_game_data,907,scc:0254,scc:0205,1,"{""recipe_output"":1}",2214
all_exact_formal_game_data,908,scc:0255,scc:0167,1,"{""recipe_output"":1}",1785
all_exact_formal_game_data,909,scc:0256,scc:0206,1,"{""recipe_output"":1}",2219
all_exact_formal_game_data,910,scc:0257,scc:0207,1,"{""recipe_output"":1}",2223
all_exact_formal_game_data,911,scc:0258,scc:0208,1,"{""recipe_output"":1}",2228
all_exact_formal_game_data,912,scc:0259,scc:0107,1,"{""recipe_output"":1}",2230
all_exact_formal_game_data,913,scc:0260,scc:0108,1,"{""recipe_output"":1}",2234
all_exact_formal_game_data,914,scc:0261,scc:0109,1,"{""recipe_output"":1}",2238
all_exact_formal_game_data,915,scc:0262,scc:0132,1,"{""recipe_output"":1}",2240
all_exact_formal_game_data,916,scc:0263,scc:0133,1,"{""recipe_output"":1}",2243
all_exact_formal_game_data,917,scc:0264,scc:0134,1,"{""recipe_output"":1}",2246
all_exact_formal_game_data,918,scc:0265,scc:0135,1,"{""recipe_output"":1}",2249
all_exact_formal_game_data,919,scc:0266,scc:0185,1,"{""recipe_output"":1}",1790
all_exact_formal_game_data,920,scc:0267,scc:0136,1,"{""recipe_output"":1}",2253
all_exact_formal_game_data,921,scc:0268,scc:0137,1,"{""recipe_output"":1}",2257
all_exact_formal_game_data,922,scc:0269,scc:0138,1,"{""recipe_output"":1}",2261
all_exact_formal_game_data,923,scc:0270,scc:0139,1,"{""recipe_output"":1}",2266
all_exact_formal_game_data,924,scc:0271,scc:0140,1,"{""recipe_output"":1}",2271
all_exact_formal_game_data,925,scc:0272,scc:0141,1,"{""recipe_output"":1}",2276
all_exact_formal_game_data,926,scc:0273,scc:0142,1,"{""recipe_output"":1}",2280
all_exact_formal_game_data,927,scc:0274,scc:0214,1,"{""recipe_output"":1}",2285
all_exact_formal_game_data,928,scc:0275,scc:0215,1,"{""recipe_output"":1}",2290
all_exact_formal_game_data,929,scc:0276,scc:0216,1,"{""recipe_output"":1}",2295
all_exact_formal_game_data,930,scc:0277,scc:0186,1,"{""recipe_output"":1}",1795
all_exact_formal_game_data,931,scc:0278,scc:0217,1,"{""recipe_output"":1}",2300
all_exact_formal_game_data,932,scc:0279,scc:0218,1,"{""recipe_output"":1}",2305
all_exact_formal_game_data,933,scc:0280,scc:0209,1,"{""recipe_output"":1}",2313
all_exact_formal_game_data,934,scc:0281,scc:0200,1,"{""recipe_output"":1}",2318
all_exact_formal_game_data,935,scc:0282,scc:0196,1,"{""recipe_output"":1}",2323
all_exact_formal_game_data,936,scc:0283,scc:0197,1,"{""recipe_output"":1}",2328
all_exact_formal_game_data,937,scc:0284,scc:0148,1,"{""recipe_output"":1}",2333
all_exact_formal_game_data,938,scc:0285,scc:0210,1,"{""recipe_output"":1}",2338
all_exact_formal_game_data,939,scc:0286,scc:0143,1,"{""recipe_output"":1}",2342
all_exact_formal_game_data,940,scc:0287,scc:0144,1,"{""recipe_output"":1}",2346
all_exact_formal_game_data,941,scc:0288,scc:0100,2,"{""recipe_output"":2}",1797|1798
all_exact_formal_game_data,942,scc:0289,scc:0155,1,"{""recipe_output"":1}",2350
all_exact_formal_game_data,943,scc:0290,scc:0198,1,"{""recipe_output"":1}",2355
all_exact_formal_game_data,944,scc:0291,scc:0100,1,"{""recipe_output"":1}",1800
all_exact_formal_game_data,945,scc:0292,scc:0145,1,"{""recipe_output"":1}",1806
all_exact_formal_game_data,946,scc:0293,scc:0096,1,"{""recipe_output"":1}",1753
all_exact_formal_game_data,947,scc:0294,scc:0126,1,"{""recipe_output"":1}",1809
all_exact_formal_game_data,948,scc:0295,scc:0127,1,"{""recipe_output"":1}",1812
all_exact_formal_game_data,949,scc:0296,scc:0187,1,"{""recipe_output"":1}",1817
all_exact_formal_game_data,950,scc:0297,scc:0098,1,"{""recipe_output"":1}",1755
all_exact_formal_game_data,951,scc:0298,scc:0100,2,"{""recipe_output"":2}",1851|1852
all_exact_formal_game_data,952,scc:0299,scc:0081,1,"{""recipe_output"":1}",1857
all_exact_formal_game_data,953,scc:0300,scc:0188,1,"{""recipe_output"":1}",1874
all_exact_formal_game_data,954,scc:0301,scc:0102,1,"{""recipe_output"":1}",1757
all_exact_formal_game_data,955,scc:0302,scc:0146,1,"{""recipe_output"":1}",1880
all_exact_formal_game_data,956,scc:0303,scc:0124,1,"{""recipe_output"":1}",1883
all_exact_formal_game_data,957,scc:0304,scc:0175,1,"{""recipe_output"":1}",1888
all_exact_formal_game_data,958,scc:0305,scc:0147,1,"{""recipe_output"":1}",1893
all_exact_formal_game_data,959,scc:0306,scc:0181,1,"{""recipe_output"":1}",1897
all_exact_formal_game_data,960,scc:0307,scc:0182,1,"{""recipe_output"":1}",1901
all_exact_formal_game_data,961,scc:0308,scc:0183,1,"{""recipe_output"":1}",1905
all_exact_formal_game_data,962,scc:0309,scc:0179,1,"{""recipe_output"":1}",1910
all_exact_formal_game_data,963,scc:0310,scc:0184,1,"{""recipe_output"":1}",1915
all_exact_formal_game_data,964,scc:0311,scc:0114,1,"{""recipe_output"":1}",1759
all_exact_formal_game_data,965,scc:0312,scc:0120,1,"{""recipe_output"":1}",1918
all_exact_formal_game_data,966,scc:0313,scc:0122,1,"{""recipe_output"":1}",1921
all_exact_formal_game_data,967,scc:0314,scc:0121,1,"{""recipe_output"":1}",1927
all_exact_formal_game_data,968,scc:0315,scc:0180,1,"{""recipe_output"":1}",1939
all_exact_formal_game_data,969,scc:0316,scc:0103,1,"{""recipe_output"":1}",1941
all_exact_formal_game_data,970,scc:0317,scc:0099,1,"{""recipe_output"":1}",1947
all_exact_formal_game_data,971,scc:0318,scc:0115,1,"{""recipe_output"":1}",1762
all_exact_formal_game_data,972,scc:0319,scc:0097,1,"{""recipe_output"":1}",1955
all_exact_formal_game_data,973,scc:0320,scc:0169,1,"{""recipe_output"":1}",1960
all_exact_formal_game_data,974,scc:0321,scc:0101,1,"{""recipe_output"":1}",1966
all_exact_formal_game_data,975,scc:0322,scc:0170,1,"{""recipe_output"":1}",1970
all_exact_formal_game_data,976,scc:0323,scc:0125,1,"{""recipe_output"":1}",1973
all_exact_formal_game_data,977,scc:0324,scc:0125,1,"{""recipe_output"":1}",1976
all_exact_formal_game_data,978,scc:0325,scc:0168,1,"{""recipe_output"":1}",1766
all_exact_formal_game_data,979,scc:0326,scc:0129,1,"{""recipe_output"":1}",1979
all_exact_formal_game_data,980,scc:0327,scc:0189,1,"{""recipe_output"":1}",1984
all_exact_formal_game_data,981,scc:0328,scc:0173,1,"{""recipe_output"":1}",1990
all_exact_formal_game_data,982,scc:0329,scc:0177,1,"{""recipe_output"":1}",1994
all_exact_formal_game_data,983,scc:0330,scc:0226,1,"{""recipe_output"":1}",2004
all_exact_formal_game_data,984,scc:0331,scc:0171,1,"{""recipe_output"":1}",2008
all_exact_formal_game_data,985,scc:0332,scc:0174,1,"{""recipe_output"":1}",2013
all_exact_formal_game_data,986,scc:0333,scc:0119,1,"{""recipe_output"":1}",2015
all_exact_formal_game_data,987,scc:0334,scc:0119,1,"{""recipe_output"":1}",2017
all_exact_formal_game_data,988,scc:0335,scc:0166,1,"{""recipe_output"":1}",1769
all_exact_formal_game_data,989,scc:0336,scc:0106,1,"{""recipe_output"":1}",2021
all_exact_formal_game_data,990,scc:0337,scc:0130,1,"{""recipe_output"":1}",2025
all_exact_formal_game_data,991,scc:0338,scc:0190,1,"{""recipe_output"":1}",2030
all_exact_formal_game_data,992,scc:0339,scc:0131,1,"{""recipe_output"":1}",2034
all_exact_formal_game_data,993,scc:0340,scc:0149,1,"{""recipe_output"":1}",2037
all_exact_formal_game_data,994,scc:0341,scc:0152,1,"{""recipe_output"":1}",2040
all_exact_formal_game_data,995,scc:0342,scc:0159,1,"{""recipe_output"":1}",2043
all_exact_formal_game_data,996,scc:0343,scc:0156,1,"{""recipe_output"":1}",2047
all_exact_formal_game_data,997,scc:0344,scc:0153,1,"{""recipe_output"":1}",2050
all_exact_formal_game_data,998,scc:0345,scc:0150,1,"{""recipe_output"":1}",2053
all_exact_formal_game_data,999,scc:0346,scc:0225,1,"{""recipe_output"":1}",1772
all_exact_formal_game_data,1000,scc:0347,scc:0154,1,"{""recipe_output"":1}",2056
all_exact_formal_game_data,1001,scc:0348,scc:0160,1,"{""recipe_output"":1}",2059
all_exact_formal_game_data,1002,scc:0349,scc:0151,1,"{""recipe_output"":1}",2063
all_exact_formal_game_data,1003,scc:0350,scc:0161,1,"{""recipe_output"":1}",2068
all_exact_formal_game_data,1004,scc:0351,scc:0211,1,"{""recipe_output"":1}",2072
all_exact_formal_game_data,1005,scc:0352,scc:0162,1,"{""recipe_output"":1}",2076
all_exact_formal_game_data,1006,scc:0353,scc:0212,1,"{""recipe_output"":1}",2080
all_exact_formal_game_data,1007,scc:0354,scc:0116,1,"{""recipe_output"":1}",2084
all_exact_formal_game_data,1008,scc:0355,scc:0356,1,"{""pretech_explicit"":1}",1
all_exact_formal_game_data,1009,scc:0356,scc:0166,1,"{""grants_item"":1}",7
all_exact_formal_game_data,1010,scc:0356,scc:0168,1,"{""grants_item"":1}",6
all_exact_formal_game_data,1011,scc:0356,scc:0179,1,"{""grants_item"":1}",8
all_exact_formal_game_data,1012,scc:0356,scc:0309,1,"{""unlocks_recipe"":1}",5
all_exact_formal_game_data,1013,scc:0356,scc:0325,1,"{""unlocks_recipe"":1}",3
all_exact_formal_game_data,1014,scc:0356,scc:0335,1,"{""unlocks_recipe"":1}",4
all_exact_formal_game_data,1015,scc:0356,scc:0357,1,"{""pretech_explicit"":1}",9
all_exact_formal_game_data,1016,scc:0356,scc:0358,1,"{""pretech_explicit"":1}",15
all_exact_formal_game_data,1017,scc:0356,scc:0365,1,"{""pretech_explicit"":1}",52
all_exact_formal_game_data,1018,scc:0356,scc:0373,1,"{""pretech_explicit"":1}",152
all_exact_formal_game_data,1019,scc:0356,scc:0380,1,"{""pretech_explicit"":1}",202
all_exact_formal_game_data,1020,scc:0356,scc:0397,1,"{""pretech_explicit"":1}",337
all_exact_formal_game_data,1021,scc:0356,scc:0405,1,"{""pretech_explicit"":1}",396
all_exact_formal_game_data,1022,scc:0356,scc:0407,1,"{""pretech_explicit"":1}",433
all_exact_formal_game_data,1023,scc:0356,scc:0411,1,"{""pretech_explicit"":1}",452
all_exact_formal_game_data,1024,scc:0356,scc:0482,1,"{""pretech_implicit"":1}",875
all_exact_formal_game_data,1025,scc:0356,scc:0544,1,"{""pretech_implicit"":1}",1323
all_exact_formal_game_data,1026,scc:0357,scc:0199,1,"{""grants_item"":1}",14
all_exact_formal_game_data,1027,scc:0357,scc:0228,1,"{""unlocks_recipe"":1}",13
all_exact_formal_game_data,1028,scc:0357,scc:0346,1,"{""unlocks_recipe"":1}",12
all_exact_formal_game_data,1029,scc:0357,scc:0388,1,"{""pretech_explicit"":1}",255
all_exact_formal_game_data,1030,scc:0358,scc:0123,1,"{""grants_item"":1}",20
all_exact_formal_game_data,1031,scc:0358,scc:0235,1,"{""unlocks_recipe"":1}",17
all_exact_formal_game_data,1032,scc:0358,scc:0245,1,"{""unlocks_recipe"":1}",18
all_exact_formal_game_data,1033,scc:0358,scc:0255,1,"{""unlocks_recipe"":1}",19
all_exact_formal_game_data,1034,scc:0358,scc:0359,1,"{""pretech_explicit"":1}",22
all_exact_formal_game_data,1035,scc:0358,scc:0360,1,"{""pretech_explicit"":1}",36
all_exact_formal_game_data,1036,scc:0358,scc:0370,1,"{""pretech_explicit"":1}",137
all_exact_formal_game_data,1037,scc:0358,scc:0414,1,"{""pretech_implicit"":1}",468
all_exact_formal_game_data,1038,scc:0358,scc:0425,1,"{""pretech_implicit"":1}",539
all_exact_formal_game_data,1039,scc:0359,scc:0100,2,"{""pretech_explicit"":2}",28|102
all_exact_formal_game_data,1040,scc:0359,scc:0266,1,"{""unlocks_recipe"":1}",24
all_exact_formal_game_data,1041,scc:0359,scc:0277,1,"{""unlocks_recipe"":1}",25
all_exact_formal_game_data,1042,scc:0359,scc:0288,1,"{""unlocks_recipe"":1}",26
all_exact_formal_game_data,1043,scc:0359,scc:0361,1,"{""pretech_explicit"":1}",40
all_exact_formal_game_data,1044,scc:0359,scc:0366,1,"{""pretech_explicit"":1}",58
all_exact_formal_game_data,1045,scc:0360,scc:0198,1,"{""grants_item"":1}",39
all_exact_formal_game_data,1046,scc:0360,scc:0290,1,"{""unlocks_recipe"":1}",38
all_exact_formal_game_data,1047,scc:0361,scc:0100,1,"{""unlocks_recipe"":1}",42
all_exact_formal_game_data,1048,scc:0361,scc:0362,1,"{""pretech_explicit"":1}",43
all_exact_formal_game_data,1049,scc:0362,scc:0292,1,"{""unlocks_recipe"":1}",45
all_exact_formal_game_data,1050,scc:0362,scc:0363,1,"{""pretech_explicit"":1}",46
all_exact_formal_game_data,1051,scc:0363,scc:0294,1,"{""unlocks_recipe"":1}",48
all_exact_formal_game_data,1052,scc:0363,scc:0364,1,"{""pretech_explicit"":1}",49
all_exact_formal_game_data,1053,scc:0363,scc:0400,1,"{""pretech_implicit"":1}",361
all_exact_formal_game_data,1054,scc:0363,scc:0421,1,"{""pretech_implicit"":1}",510
all_exact_formal_game_data,1055,scc:0364,scc:0295,1,"{""unlocks_recipe"":1}",51
all_exact_formal_game_data,1056,scc:0364,scc:0401,1,"{""pretech_implicit"":1}",370
all_exact_formal_game_data,1057,scc:0365,scc:0164,1,"{""grants_item"":1}",56
all_exact_formal_game_data,1058,scc:0365,scc:0240,1,"{""unlocks_recipe"":1}",54
all_exact_formal_game_data,1059,scc:0365,scc:0310,1,"{""unlocks_recipe"":1}",55
all_exact_formal_game_data,1060,scc:0365,scc:0359,1,"{""pretech_explicit"":1}",21
all_exact_formal_game_data,1061,scc:0365,scc:0366,1,"{""pretech_explicit"":1}",57
all_exact_formal_game_data,1062,scc:0366,scc:0100,4,"{""pretech_explicit"":2,""unlocks_recipe"":2}",27|61|62|63
all_exact_formal_game_data,1063,scc:0366,scc:0296,1,"{""unlocks_recipe"":1}",60
all_exact_formal_game_data,1064,scc:0366,scc:0367,1,"{""pretech_explicit"":1}",86
all_exact_formal_game_data,1065,scc:0367,scc:0100,2,"{""pretech_explicit"":1,""unlocks_recipe"":1}",88|90
all_exact_formal_game_data,1066,scc:0367,scc:0298,1,"{""unlocks_recipe"":1}",89
all_exact_formal_game_data,1067,scc:0368,scc:0304,1,"{""unlocks_recipe"":1}",130
all_exact_formal_game_data,1068,scc:0369,scc:0303,1,"{""unlocks_recipe"":1}",134
all_exact_formal_game_data,1069,scc:0369,scc:0305,1,"{""unlocks_recipe"":1}",135
all_exact_formal_game_data,1070,scc:0369,scc:0368,1,"{""pretech_explicit"":1}",124
all_exact_formal_game_data,1071,scc:0369,scc:0424,1,"{""pretech_explicit"":1}",530
all_exact_formal_game_data,1072,scc:0369,scc:0435,1,"{""pretech_explicit"":1}",593
all_exact_formal_game_data,1073,scc:0370,scc:0231,1,"{""unlocks_recipe"":1}",139
all_exact_formal_game_data,1074,scc:0370,scc:0234,1,"{""unlocks_recipe"":1}",140
all_exact_formal_game_data,1075,scc:0370,scc:0371,1,"{""pretech_explicit"":1}",142
all_exact_formal_game_data,1076,scc:0371,scc:0232,1,"{""unlocks_recipe"":1}",145
all_exact_formal_game_data,1077,scc:0371,scc:0372,1,"{""pretech_explicit"":1}",146
all_exact_formal_game_data,1078,scc:0372,scc:0233,1,"{""unlocks_recipe"":1}",151
all_exact_formal_game_data,1079,scc:0373,scc:0181,1,"{""grants_item"":1}",156
all_exact_formal_game_data,1080,scc:0373,scc:0306,1,"{""unlocks_recipe"":1}",155
all_exact_formal_game_data,1081,scc:0373,scc:0374,1,"{""pretech_explicit"":1}",157
all_exact_formal_game_data,1082,scc:0373,scc:0379,1,"{""pretech_explicit"":1}",194
all_exact_formal_game_data,1083,scc:0373,scc:0383,1,"{""pretech_explicit"":1}",224
all_exact_formal_game_data,1084,scc:0373,scc:0388,1,"{""pretech_explicit"":1}",256
all_exact_formal_game_data,1085,scc:0374,scc:0058,1,"{""unlocks_function"":1}",162
all_exact_formal_game_data,1086,scc:0374,scc:0307,1,"{""unlocks_recipe"":1}",161
all_exact_formal_game_data,1087,scc:0374,scc:0375,1,"{""pretech_explicit"":1}",163
all_exact_formal_game_data,1088,scc:0375,scc:0058,1,"{""unlocks_function"":1}",170
all_exact_formal_game_data,1089,scc:0375,scc:0308,1,"{""unlocks_recipe"":1}",169
all_exact_formal_game_data,1090,scc:0375,scc:0433,1,"{""pretech_explicit"":1}",585
all_exact_formal_game_data,1091,scc:0376,scc:0100,1,"{""pretech_explicit"":1}",197
all_exact_formal_game_data,1092,scc:0376,scc:0313,1,"{""unlocks_recipe"":1}",173
all_exact_formal_game_data,1093,scc:0376,scc:0371,1,"{""pretech_explicit"":1}",141
all_exact_formal_game_data,1094,scc:0376,scc:0374,1,"{""pretech_explicit"":1}",158
all_exact_formal_game_data,1095,scc:0376,scc:0416,1,"{""pretech_implicit"":1}",479
all_exact_formal_game_data,1096,scc:0377,scc:0244,1,"{""unlocks_recipe"":1}",186
all_exact_formal_game_data,1097,scc:0378,scc:0249,1,"{""unlocks_recipe"":1}",193
all_exact_formal_game_data,1098,scc:0379,scc:0314,1,"{""unlocks_recipe"":1}",196
all_exact_formal_game_data,1099,scc:0379,scc:0370,1,"{""pretech_explicit"":1}",136
all_exact_formal_game_data,1100,scc:0379,scc:0376,1,"{""pretech_explicit"":1}",171
all_exact_formal_game_data,1101,scc:0380,scc:0180,1,"{""grants_item"":1}",207
all_exact_formal_game_data,1102,scc:0380,scc:0315,1,"{""unlocks_recipe"":1}",205
all_exact_formal_game_data,1103,scc:0380,scc:0316,1,"{""unlocks_recipe"":1}",206
all_exact_formal_game_data,1104,scc:0380,scc:0381,1,"{""pretech_explicit"":1}",208
all_exact_formal_game_data,1105,scc:0380,scc:0382,1,"{""pretech_explicit"":1}",219
all_exact_formal_game_data,1106,scc:0380,scc:0407,1,"{""pretech_implicit"":1}",434
all_exact_formal_game_data,1107,scc:0380,scc:0408,1,"{""pretech_explicit"":1}",439
all_exact_formal_game_data,1108,scc:0381,scc:0100,1,"{""pretech_explicit"":1}",213
all_exact_formal_game_data,1109,scc:0381,scc:0291,1,"{""unlocks_recipe"":1}",211
all_exact_formal_game_data,1110,scc:0381,scc:0299,1,"{""unlocks_recipe"":1}",210
all_exact_formal_game_data,1111,scc:0381,scc:0317,1,"{""unlocks_recipe"":1}",212
all_exact_formal_game_data,1112,scc:0381,scc:0388,1,"{""pretech_explicit"":1}",254
all_exact_formal_game_data,1113,scc:0382,scc:0038,2,"{""unlocks_function"":2}",222|223
all_exact_formal_game_data,1114,scc:0382,scc:0100,1,"{""pretech_explicit"":1}",228
all_exact_formal_game_data,1115,scc:0382,scc:0319,1,"{""unlocks_recipe"":1}",221
all_exact_formal_game_data,1116,scc:0382,scc:0385,1,"{""pretech_explicit"":1}",237
all_exact_formal_game_data,1117,scc:0383,scc:0100,1,"{""pretech_explicit"":1}",101
all_exact_formal_game_data,1118,scc:0383,scc:0169,1,"{""grants_item"":1}",227
all_exact_formal_game_data,1119,scc:0383,scc:0320,1,"{""unlocks_recipe"":1}",226
all_exact_formal_game_data,1120,scc:0384,scc:0321,1,"{""unlocks_recipe"":1}",236
all_exact_formal_game_data,1121,scc:0384,scc:0386,1,"{""pretech_implicit"":1}",241
all_exact_formal_game_data,1122,scc:0384,scc:0392,1,"{""pretech_explicit"":1}",305
all_exact_formal_game_data,1123,scc:0384,scc:0401,1,"{""pretech_explicit"":1}",369
all_exact_formal_game_data,1124,scc:0384,scc:0419,1,"{""pretech_implicit"":1}",499
all_exact_formal_game_data,1125,scc:0384,scc:0422,1,"{""pretech_implicit"":1}",516
all_exact_formal_game_data,1126,scc:0385,scc:0238,1,"{""unlocks_recipe"":1}",239
all_exact_formal_game_data,1127,scc:0386,scc:0239,1,"{""unlocks_recipe"":1}",245
all_exact_formal_game_data,1128,scc:0386,scc:0302,1,"{""unlocks_recipe"":1}",246
all_exact_formal_game_data,1129,scc:0387,scc:0241,1,"{""unlocks_recipe"":1}",253
all_exact_formal_game_data,1130,scc:0387,scc:0434,1,"{""pretech_explicit"":1}",589
all_exact_formal_game_data,1131,scc:0388,scc:0100,1,"{""pretech_explicit"":1}",260
all_exact_formal_game_data,1132,scc:0388,scc:0170,1,"{""grants_item"":1}",259
all_exact_formal_game_data,1133,scc:0388,scc:0322,1,"{""unlocks_recipe"":1}",258
all_exact_formal_game_data,1134,scc:0388,scc:0391,1,"{""pretech_explicit"":1}",300
all_exact_formal_game_data,1135,scc:0389,scc:0330,1,"{""unlocks_recipe"":1}",295
all_exact_formal_game_data,1136,scc:0389,scc:0390,1,"{""pretech_explicit"":1}",296
all_exact_formal_game_data,1137,scc:0390,scc:0077,1,"{""unlocks_function"":1}",298
all_exact_formal_game_data,1138,scc:0391,scc:0331,1,"{""unlocks_recipe"":1}",304
all_exact_formal_game_data,1139,scc:0391,scc:0392,1,"{""pretech_explicit"":1}",306
all_exact_formal_game_data,1140,scc:0392,scc:0332,1,"{""unlocks_recipe"":1}",310
all_exact_formal_game_data,1141,scc:0392,scc:0402,1,"{""pretech_explicit"":1}",377
all_exact_formal_game_data,1142,scc:0393,scc:0243,1,"{""unlocks_recipe"":1}",315
all_exact_formal_game_data,1143,scc:0394,scc:0336,1,"{""unlocks_recipe"":1}",320
all_exact_formal_game_data,1144,scc:0394,scc:0337,1,"{""unlocks_recipe"":1}",321
all_exact_formal_game_data,1145,scc:0394,scc:0395,1,"{""pretech_explicit"":1}",322
all_exact_formal_game_data,1146,scc:0394,scc:0406,1,"{""pretech_implicit"":1}",428
all_exact_formal_game_data,1147,scc:0395,scc:0338,1,"{""unlocks_recipe"":1}",328
all_exact_formal_game_data,1148,scc:0395,scc:0339,1,"{""unlocks_recipe"":1}",329
all_exact_formal_game_data,1149,scc:0395,scc:0396,1,"{""pretech_explicit"":1}",330
all_exact_formal_game_data,1150,scc:0395,scc:0572,1,"{""pretech_implicit"":1}",1010
all_exact_formal_game_data,1151,scc:0396,scc:0026,1,"{""unlocks_function"":1}",336
all_exact_formal_game_data,1152,scc:0397,scc:0149,1,"{""grants_item"":1}",343
all_exact_formal_game_data,1153,scc:0397,scc:0152,1,"{""grants_item"":1}",344
all_exact_formal_game_data,1154,scc:0397,scc:0340,1,"{""unlocks_recipe"":1}",340
all_exact_formal_game_data,1155,scc:0397,scc:0341,1,"{""unlocks_recipe"":1}",341
all_exact_formal_game_data,1156,scc:0397,scc:0342,1,"{""unlocks_recipe"":1}",342
all_exact_formal_game_data,1157,scc:0397,scc:0398,1,"{""pretech_explicit"":1}",345
all_exact_formal_game_data,1158,scc:0397,scc:0550,1,"{""pretech_implicit"":1}",1366
all_exact_formal_game_data,1159,scc:0398,scc:0153,1,"{""grants_item"":1}",351
all_exact_formal_game_data,1160,scc:0398,scc:0156,1,"{""grants_item"":1}",350
all_exact_formal_game_data,1161,scc:0398,scc:0157,1,"{""grants_item"":1}",352
all_exact_formal_game_data,1162,scc:0398,scc:0242,1,"{""unlocks_recipe"":1}",349
all_exact_formal_game_data,1163,scc:0398,scc:0343,1,"{""unlocks_recipe"":1}",347
all_exact_formal_game_data,1164,scc:0398,scc:0344,1,"{""unlocks_recipe"":1}",348
all_exact_formal_game_data,1165,scc:0398,scc:0399,1,"{""pretech_explicit"":1}",353
all_exact_formal_game_data,1166,scc:0398,scc:0404,1,"{""pretech_explicit"":1}",389
all_exact_formal_game_data,1167,scc:0399,scc:0345,1,"{""unlocks_recipe"":1}",357
all_exact_formal_game_data,1168,scc:0399,scc:0347,1,"{""unlocks_recipe"":1}",358
all_exact_formal_game_data,1169,scc:0399,scc:0348,1,"{""unlocks_recipe"":1}",359
all_exact_formal_game_data,1170,scc:0399,scc:0400,1,"{""pretech_explicit"":1}",360
all_exact_formal_game_data,1171,scc:0399,scc:0403,1,"{""pretech_explicit"":1}",382
all_exact_formal_game_data,1172,scc:0400,scc:0349,1,"{""unlocks_recipe"":1}",365
all_exact_formal_game_data,1173,scc:0400,scc:0350,1,"{""unlocks_recipe"":1}",366
all_exact_formal_game_data,1174,scc:0400,scc:0351,1,"{""unlocks_recipe"":1}",367
all_exact_formal_game_data,1175,scc:0400,scc:0401,1,"{""pretech_explicit"":1}",368
all_exact_formal_game_data,1176,scc:0400,scc:0527,1,"{""pretech_implicit"":1}",1187
all_exact_formal_game_data,1177,scc:0400,scc:0534,1,"{""pretech_implicit"":1}",1240
all_exact_formal_game_data,1178,scc:0401,scc:0352,1,"{""unlocks_recipe"":1}",374
all_exact_formal_game_data,1179,scc:0401,scc:0353,1,"{""unlocks_recipe"":1}",375
all_exact_formal_game_data,1180,scc:0401,scc:0402,1,"{""pretech_explicit"":1}",376
all_exact_formal_game_data,1181,scc:0401,scc:0529,1,"{""pretech_implicit"":1}",1200
all_exact_formal_game_data,1182,scc:0401,scc:0536,1,"{""pretech_implicit"":1}",1253
all_exact_formal_game_data,1183,scc:0402,scc:0237,1,"{""unlocks_recipe"":1}",381
all_exact_formal_game_data,1184,scc:0403,scc:0246,1,"{""unlocks_recipe"":1}",387
all_exact_formal_game_data,1185,scc:0403,scc:0289,1,"{""unlocks_recipe"":1}",388
all_exact_formal_game_data,1186,scc:0403,scc:0515,1,"{""pretech_implicit"":1}",1096
all_exact_formal_game_data,1187,scc:0403,scc:0520,1,"{""pretech_implicit"":1}",1122
all_exact_formal_game_data,1188,scc:0403,scc:0521,1,"{""pretech_implicit"":1}",1128
all_exact_formal_game_data,1189,scc:0403,scc:0526,1,"{""pretech_implicit"":1}",1154
all_exact_formal_game_data,1190,scc:0404,scc:0033,1,"{""unlocks_function"":1}",395
all_exact_formal_game_data,1191,scc:0404,scc:0247,1,"{""unlocks_recipe"":1}",393
all_exact_formal_game_data,1192,scc:0404,scc:0248,1,"{""unlocks_recipe"":1}",394
all_exact_formal_game_data,1193,scc:0404,scc:0563,1,"{""pretech_implicit"":1}",1160
all_exact_formal_game_data,1194,scc:0405,scc:0100,1,"{""pretech_explicit"":1}",399
all_exact_formal_game_data,1195,scc:0405,scc:0354,1,"{""unlocks_recipe"":1}",398
all_exact_formal_game_data,1196,scc:0406,scc:0329,1,"{""unlocks_recipe"":1}",432
all_exact_formal_game_data,1197,scc:0407,scc:0132,1,"{""grants_item"":1}",438
all_exact_formal_game_data,1198,scc:0407,scc:0250,1,"{""unlocks_recipe"":1}",436
all_exact_formal_game_data,1199,scc:0407,scc:0262,1,"{""unlocks_recipe"":1}",437
all_exact_formal_game_data,1200,scc:0407,scc:0412,1,"{""pretech_explicit"":1}",456
all_exact_formal_game_data,1201,scc:0407,scc:0418,1,"{""pretech_explicit"":1}",493
all_exact_formal_game_data,1202,scc:0407,scc:0431,1,"{""pretech_explicit"":1}",577
all_exact_formal_game_data,1203,scc:0407,scc:0578,1,"{""pretech_implicit"":1}",1427
all_exact_formal_game_data,1204,scc:0407,scc:0584,1,"{""pretech_implicit"":1}",1455
all_exact_formal_game_data,1205,scc:0408,scc:0259,1,"{""unlocks_recipe"":1}",441
all_exact_formal_game_data,1206,scc:0408,scc:0412,1,"{""pretech_implicit"":1}",457
all_exact_formal_game_data,1207,scc:0408,scc:0590,1,"{""pretech_implicit"":1}",1483
all_exact_formal_game_data,1208,scc:0409,scc:0260,1,"{""unlocks_recipe"":1}",445
all_exact_formal_game_data,1209,scc:0410,scc:0261,1,"{""unlocks_recipe"":1}",451
all_exact_formal_game_data,1210,scc:0411,scc:0230,1,"{""unlocks_recipe"":1}",454
all_exact_formal_game_data,1211,scc:0411,scc:0412,1,"{""pretech_explicit"":1}",455
all_exact_formal_game_data,1212,scc:0411,scc:0431,1,"{""pretech_explicit"":1}",578
all_exact_formal_game_data,1213,scc:0412,scc:0254,1,"{""unlocks_recipe"":1}",459
all_exact_formal_game_data,1214,scc:0412,scc:0271,1,"{""unlocks_recipe"":1}",460
all_exact_formal_game_data,1215,scc:0412,scc:0413,1,"{""pretech_explicit"":1}",461
all_exact_formal_game_data,1216,scc:0412,scc:0414,1,"{""pretech_explicit"":1}",467
all_exact_formal_game_data,1217,scc:0412,scc:0416,1,"{""pretech_explicit"":1}",478
all_exact_formal_game_data,1218,scc:0413,scc:0252,1,"{""unlocks_recipe"":1}",465
all_exact_formal_game_data,1219,scc:0413,scc:0265,1,"{""unlocks_recipe"":1}",466
all_exact_formal_game_data,1220,scc:0413,scc:0415,1,"{""pretech_explicit"":1}",472
all_exact_formal_game_data,1221,scc:0413,scc:0420,1,"{""pretech_explicit"":1}",504
all_exact_formal_game_data,1222,scc:0414,scc:0257,1,"{""unlocks_recipe"":1}",471
all_exact_formal_game_data,1223,scc:0415,scc:0251,1,"{""unlocks_recipe"":1}",476
all_exact_formal_game_data,1224,scc:0415,scc:0258,1,"{""unlocks_recipe"":1}",477
all_exact_formal_game_data,1225,scc:0415,scc:0417,1,"{""pretech_explicit"":1}",484
all_exact_formal_game_data,1226,scc:0415,scc:0428,1,"{""pretech_explicit"":1}",555
all_exact_formal_game_data,1227,scc:0415,scc:0611,1,"{""pretech_implicit"":1}",1595
all_exact_formal_game_data,1228,scc:0416,scc:0256,1,"{""unlocks_recipe"":1}",482
all_exact_formal_game_data,1229,scc:0416,scc:0286,1,"{""unlocks_recipe"":1}",483
all_exact_formal_game_data,1230,scc:0416,scc:0430,1,"{""pretech_explicit"":1}",572
all_exact_formal_game_data,1231,scc:0416,scc:0636,1,"{""pretech_implicit"":1}",1721
all_exact_formal_game_data,1232,scc:0417,scc:0253,1,"{""unlocks_recipe"":1}",490
all_exact_formal_game_data,1233,scc:0417,scc:0269,1,"{""unlocks_recipe"":1}",491
all_exact_formal_game_data,1234,scc:0417,scc:0285,1,"{""unlocks_recipe"":1}",492
all_exact_formal_game_data,1235,scc:0417,scc:0424,1,"{""pretech_explicit"":1}",531
all_exact_formal_game_data,1236,scc:0418,scc:0263,1,"{""unlocks_recipe"":1}",497
all_exact_formal_game_data,1237,scc:0418,scc:0419,1,"{""pretech_explicit"":1}",498
all_exact_formal_game_data,1238,scc:0419,scc:0264,1,"{""unlocks_recipe"":1}",503
all_exact_formal_game_data,1239,scc:0420,scc:0267,1,"{""unlocks_recipe"":1}",508
all_exact_formal_game_data,1240,scc:0420,scc:0421,1,"{""pretech_explicit"":1}",509
all_exact_formal_game_data,1241,scc:0421,scc:0272,1,"{""unlocks_recipe"":1}",514
all_exact_formal_game_data,1242,scc:0421,scc:0422,1,"{""pretech_explicit"":1}",515
all_exact_formal_game_data,1243,scc:0422,scc:0268,1,"{""unlocks_recipe"":1}",521
all_exact_formal_game_data,1244,scc:0422,scc:0423,1,"{""pretech_explicit"":1}",522
all_exact_formal_game_data,1245,scc:0423,scc:0273,1,"{""unlocks_recipe"":1}",529
all_exact_formal_game_data,1246,scc:0424,scc:0270,1,"{""unlocks_recipe"":1}",537
all_exact_formal_game_data,1247,scc:0425,scc:0065,1,"{""unlocks_function"":1}",542
all_exact_formal_game_data,1248,scc:0425,scc:0066,1,"{""unlocks_function"":1}",543
all_exact_formal_game_data,1249,scc:0425,scc:0274,1,"{""unlocks_recipe"":1}",541
all_exact_formal_game_data,1250,scc:0425,scc:0426,1,"{""pretech_explicit"":1}",544
all_exact_formal_game_data,1251,scc:0425,scc:0427,1,"{""pretech_explicit"":1}",549
all_exact_formal_game_data,1252,scc:0425,scc:0596,1,"{""pretech_implicit"":1}",1511
all_exact_formal_game_data,1253,scc:0425,scc:0601,1,"{""pretech_implicit"":1}",1539
all_exact_formal_game_data,1254,scc:0425,scc:0606,1,"{""pretech_implicit"":1}",1567
all_exact_formal_game_data,1255,scc:0425,scc:0616,1,"{""pretech_implicit"":1}",1621
all_exact_formal_game_data,1256,scc:0426,scc:0275,1,"{""unlocks_recipe"":1}",548
all_exact_formal_game_data,1257,scc:0426,scc:0428,1,"{""pretech_explicit"":1}",556
all_exact_formal_game_data,1258,scc:0427,scc:0276,1,"{""unlocks_recipe"":1}",554
all_exact_formal_game_data,1259,scc:0427,scc:0429,1,"{""pretech_explicit"":1}",565
all_exact_formal_game_data,1260,scc:0428,scc:0067,1,"{""unlocks_function"":1}",562
all_exact_formal_game_data,1261,scc:0428,scc:0069,1,"{""unlocks_function"":1}",563
all_exact_formal_game_data,1262,scc:0428,scc:0278,1,"{""unlocks_recipe"":1}",561
all_exact_formal_game_data,1263,scc:0428,scc:0429,1,"{""pretech_explicit"":1}",564
all_exact_formal_game_data,1264,scc:0428,scc:0623,1,"{""pretech_implicit"":1}",1655
all_exact_formal_game_data,1265,scc:0429,scc:0279,1,"{""unlocks_recipe"":1}",571
all_exact_formal_game_data,1266,scc:0430,scc:0287,1,"{""unlocks_recipe"":1}",576
all_exact_formal_game_data,1267,scc:0431,scc:0280,1,"{""unlocks_recipe"":1}",580
all_exact_formal_game_data,1268,scc:0431,scc:0425,1,"{""pretech_explicit"":1}",538
all_exact_formal_game_data,1269,scc:0432,scc:0281,1,"{""unlocks_recipe"":1}",584
all_exact_formal_game_data,1270,scc:0433,scc:0282,1,"{""unlocks_recipe"":1}",588
all_exact_formal_game_data,1271,scc:0434,scc:0283,1,"{""unlocks_recipe"":1}",592
all_exact_formal_game_data,1272,scc:0435,scc:0284,1,"{""unlocks_recipe"":1}",596
all_exact_formal_game_data,1273,scc:0436,scc:0048,1,"{""unlocks_function"":1}",599
all_exact_formal_game_data,1274,scc:0436,scc:0070,1,"{""unlocks_function"":1}",600
all_exact_formal_game_data,1275,scc:0436,scc:0071,1,"{""unlocks_function"":1}",601
all_exact_formal_game_data,1276,scc:0436,scc:0437,1,"{""pretech_explicit"":1}",602
all_exact_formal_game_data,1277,scc:0436,scc:0442,1,"{""pretech_implicit"":1}",641
all_exact_formal_game_data,1278,scc:0436,scc:0443,1,"{""pretech_implicit"":1}",645
all_exact_formal_game_data,1279,scc:0436,scc:0450,1,"{""pretech_implicit"":1}",688
all_exact_formal_game_data,1280,scc:0436,scc:0451,1,"{""pretech_implicit"":1}",693
all_exact_formal_game_data,1281,scc:0436,scc:0457,1,"{""pretech_implicit"":1}",732
all_exact_formal_game_data,1282,scc:0436,scc:0458,1,"{""pretech_implicit"":1}",736
all_exact_formal_game_data,1283,scc:0436,scc:0464,1,"{""pretech_implicit"":1}",770
all_exact_formal_game_data,1284,scc:0436,scc:0470,1,"{""pretech_implicit"":1}",804
all_exact_formal_game_data,1285,scc:0436,scc:0476,1,"{""pretech_implicit"":1}",837
all_exact_formal_game_data,1286,scc:0436,scc:0477,1,"{""pretech_implicit"":1}",842
all_exact_formal_game_data,1287,scc:0436,scc:0489,1,"{""pretech_implicit"":1}",918
all_exact_formal_game_data,1288,scc:0436,scc:0495,1,"{""pretech_implicit"":1}",949
all_exact_formal_game_data,1289,scc:0436,scc:0630,1,"{""pretech_implicit"":1}",1693
all_exact_formal_game_data,1290,scc:0437,scc:0048,1,"{""unlocks_function"":1}",605
all_exact_formal_game_data,1291,scc:0437,scc:0070,1,"{""unlocks_function"":1}",606
all_exact_formal_game_data,1292,scc:0437,scc:0071,1,"{""unlocks_function"":1}",607
all_exact_formal_game_data,1293,scc:0437,scc:0072,1,"{""unlocks_function"":1}",608
all_exact_formal_game_data,1294,scc:0437,scc:0438,1,"{""pretech_explicit"":1}",609
all_exact_formal_game_data,1295,scc:0437,scc:0444,1,"{""pretech_implicit"":1}",650
all_exact_formal_game_data,1296,scc:0437,scc:0445,1,"{""pretech_implicit"":1}",655
all_exact_formal_game_data,1297,scc:0437,scc:0452,1,"{""pretech_implicit"":1}",698
all_exact_formal_game_data,1298,scc:0437,scc:0453,1,"{""pretech_implicit"":1}",705
all_exact_formal_game_data,1299,scc:0437,scc:0459,1,"{""pretech_implicit"":1}",741
all_exact_formal_game_data,1300,scc:0437,scc:0465,1,"{""pretech_implicit"":1}",776
all_exact_formal_game_data,1301,scc:0437,scc:0471,1,"{""pretech_implicit"":1}",808
all_exact_formal_game_data,1302,scc:0437,scc:0478,1,"{""pretech_implicit"":1}",847
all_exact_formal_game_data,1303,scc:0437,scc:0483,1,"{""pretech_implicit"":1}",881
all_exact_formal_game_data,1304,scc:0437,scc:0490,1,"{""pretech_implicit"":1}",923
all_exact_formal_game_data,1305,scc:0438,scc:0048,1,"{""unlocks_function"":1}",613
all_exact_formal_game_data,1306,scc:0438,scc:0070,1,"{""unlocks_function"":1}",614
all_exact_formal_game_data,1307,scc:0438,scc:0071,1,"{""unlocks_function"":1}",615
all_exact_formal_game_data,1308,scc:0438,scc:0072,1,"{""unlocks_function"":1}",616
all_exact_formal_game_data,1309,scc:0438,scc:0439,1,"{""pretech_explicit"":1}",617
all_exact_formal_game_data,1310,scc:0438,scc:0446,1,"{""pretech_implicit"":1}",661
all_exact_formal_game_data,1311,scc:0438,scc:0454,1,"{""pretech_implicit"":1}",713
all_exact_formal_game_data,1312,scc:0438,scc:0460,1,"{""pretech_implicit"":1}",746
all_exact_formal_game_data,1313,scc:0438,scc:0466,1,"{""pretech_implicit"":1}",781
all_exact_formal_game_data,1314,scc:0438,scc:0472,1,"{""pretech_implicit"":1}",813
all_exact_formal_game_data,1315,scc:0438,scc:0479,1,"{""pretech_implicit"":1}",853
all_exact_formal_game_data,1316,scc:0438,scc:0484,1,"{""pretech_implicit"":1}",887
all_exact_formal_game_data,1317,scc:0438,scc:0491,1,"{""pretech_implicit"":1}",928
all_exact_formal_game_data,1318,scc:0439,scc:0048,1,"{""unlocks_function"":1}",622
all_exact_formal_game_data,1319,scc:0439,scc:0070,1,"{""unlocks_function"":1}",623
all_exact_formal_game_data,1320,scc:0439,scc:0071,1,"{""unlocks_function"":1}",624
all_exact_formal_game_data,1321,scc:0439,scc:0072,1,"{""unlocks_function"":1}",625
all_exact_formal_game_data,1322,scc:0439,scc:0440,1,"{""pretech_explicit"":1}",626
all_exact_formal_game_data,1323,scc:0439,scc:0447,1,"{""pretech_implicit"":1}",667
all_exact_formal_game_data,1324,scc:0439,scc:0448,1,"{""pretech_implicit"":1}",674
all_exact_formal_game_data,1325,scc:0439,scc:0461,1,"{""pretech_implicit"":1}",752
all_exact_formal_game_data,1326,scc:0439,scc:0467,1,"{""pretech_implicit"":1}",787
all_exact_formal_game_data,1327,scc:0439,scc:0473,1,"{""pretech_implicit"":1}",819
all_exact_formal_game_data,1328,scc:0439,scc:0480,1,"{""pretech_implicit"":1}",860
all_exact_formal_game_data,1329,scc:0439,scc:0486,1,"{""pretech_implicit"":1}",902
all_exact_formal_game_data,1330,scc:0439,scc:0492,1,"{""pretech_implicit"":1}",934
all_exact_formal_game_data,1331,scc:0440,scc:0048,1,"{""unlocks_function"":1}",632
all_exact_formal_game_data,1332,scc:0440,scc:0070,1,"{""unlocks_function"":1}",633
all_exact_formal_game_data,1333,scc:0440,scc:0071,1,"{""unlocks_function"":1}",634
all_exact_formal_game_data,1334,scc:0440,scc:0072,1,"{""unlocks_function"":1}",635
all_exact_formal_game_data,1335,scc:0440,scc:0441,1,"{""pretech_explicit"":1}",636
all_exact_formal_game_data,1336,scc:0440,scc:0449,1,"{""pretech_implicit"":1}",681
all_exact_formal_game_data,1337,scc:0440,scc:0455,1,"{""pretech_implicit"":1}",720
all_exact_formal_game_data,1338,scc:0440,scc:0462,1,"{""pretech_implicit"":1}",759
all_exact_formal_game_data,1339,scc:0440,scc:0463,1,"{""pretech_implicit"":1}",767
all_exact_formal_game_data,1340,scc:0440,scc:0468,1,"{""pretech_implicit"":1}",793
all_exact_formal_game_data,1341,scc:0440,scc:0469,1,"{""pretech_implicit"":1}",801
all_exact_formal_game_data,1342,scc:0440,scc:0474,1,"{""pretech_implicit"":1}",826
all_exact_formal_game_data,1343,scc:0440,scc:0475,1,"{""pretech_implicit"":1}",834
all_exact_formal_game_data,1344,scc:0440,scc:0481,1,"{""pretech_implicit"":1}",868
all_exact_formal_game_data,1345,scc:0440,scc:0487,1,"{""pretech_implicit"":1}",911
all_exact_formal_game_data,1346,scc:0441,scc:0048,1,"{""unlocks_function"":1}",638
all_exact_formal_game_data,1347,scc:0441,scc:0070,1,"{""unlocks_function"":1}",639
all_exact_formal_game_data,1348,scc:0441,scc:0072,1,"{""unlocks_function"":1}",640
all_exact_formal_game_data,1349,scc:0442,scc:0030,1,"{""unlocks_function"":1}",643
all_exact_formal_game_data,1350,scc:0442,scc:0443,1,"{""pretech_explicit"":1}",644
all_exact_formal_game_data,1351,scc:0443,scc:0030,1,"{""unlocks_function"":1}",648
all_exact_formal_game_data,1352,scc:0443,scc:0444,1,"{""pretech_explicit"":1}",649
all_exact_formal_game_data,1353,scc:0444,scc:0030,1,"{""unlocks_function"":1}",653
all_exact_formal_game_data,1354,scc:0444,scc:0445,1,"{""pretech_explicit"":1}",654
all_exact_formal_game_data,1355,scc:0445,scc:0030,1,"{""unlocks_function"":1}",659
all_exact_formal_game_data,1356,scc:0445,scc:0446,1,"{""pretech_explicit"":1}",660
all_exact_formal_game_data,1357,scc:0446,scc:0030,1,"{""unlocks_function"":1}",665
all_exact_formal_game_data,1358,scc:0446,scc:0447,1,"{""pretech_explicit"":1}",666
all_exact_formal_game_data,1359,scc:0447,scc:0030,1,"{""unlocks_function"":1}",672
all_exact_formal_game_data,1360,scc:0447,scc:0448,1,"{""pretech_explicit"":1}",673
all_exact_formal_game_data,1361,scc:0448,scc:0030,1,"{""unlocks_function"":1}",679
all_exact_formal_game_data,1362,scc:0448,scc:0449,1,"{""pretech_explicit"":1}",680
all_exact_formal_game_data,1363,scc:0449,scc:0030,1,"{""unlocks_function"":1}",687
all_exact_formal_game_data,1364,scc:0450,scc:0047,1,"{""unlocks_function"":1}",691
all_exact_formal_game_data,1365,scc:0450,scc:0451,1,"{""pretech_explicit"":1}",692
all_exact_formal_game_data,1366,scc:0451,scc:0047,1,"{""unlocks_function"":1}",696
all_exact_formal_game_data,1367,scc:0451,scc:0452,1,"{""pretech_explicit"":1}",697
all_exact_formal_game_data,1368,scc:0452,scc:0034,1,"{""unlocks_function"":1}",703
all_exact_formal_game_data,1369,scc:0452,scc:0047,1,"{""unlocks_function"":1}",702
all_exact_formal_game_data,1370,scc:0452,scc:0453,1,"{""pretech_explicit"":1}",704
all_exact_formal_game_data,1371,scc:0453,scc:0033,1,"{""unlocks_function"":1}",710
all_exact_formal_game_data,1372,scc:0453,scc:0034,1,"{""unlocks_function"":1}",711
all_exact_formal_game_data,1373,scc:0453,scc:0047,1,"{""unlocks_function"":1}",709
all_exact_formal_game_data,1374,scc:0453,scc:0454,1,"{""pretech_explicit"":1}",712
all_exact_formal_game_data,1375,scc:0454,scc:0034,1,"{""unlocks_function"":1}",718
all_exact_formal_game_data,1376,scc:0454,scc:0047,1,"{""unlocks_function"":1}",717
all_exact_formal_game_data,1377,scc:0454,scc:0455,1,"{""pretech_explicit"":1}",719
all_exact_formal_game_data,1378,scc:0455,scc:0034,1,"{""unlocks_function"":1}",727
all_exact_formal_game_data,1379,scc:0455,scc:0047,1,"{""unlocks_function"":1}",726
all_exact_formal_game_data,1380,scc:0455,scc:0456,1,"{""pretech_explicit"":1}",728
all_exact_formal_game_data,1381,scc:0456,scc:0033,1,"{""unlocks_function"":1}",731
all_exact_formal_game_data,1382,scc:0456,scc:0039,1,"{""unlocks_function"":1}",730
all_exact_formal_game_data,1383,scc:0457,scc:0008,1,"{""unlocks_function"":1}",734
all_exact_formal_game_data,1384,scc:0457,scc:0458,1,"{""pretech_explicit"":1}",735
all_exact_formal_game_data,1385,scc:0458,scc:0008,1,"{""unlocks_function"":1}",739
all_exact_formal_game_data,1386,scc:0458,scc:0459,1,"{""pretech_explicit"":1}",740
all_exact_formal_game_data,1387,scc:0459,scc:0076,1,"{""unlocks_function"":1}",744
all_exact_formal_game_data,1388,scc:0459,scc:0460,1,"{""pretech_explicit"":1}",745
all_exact_formal_game_data,1389,scc:0460,scc:0008,1,"{""unlocks_function"":1}",750
all_exact_formal_game_data,1390,scc:0460,scc:0461,1,"{""pretech_explicit"":1}",751
all_exact_formal_game_data,1391,scc:0461,scc:0008,1,"{""unlocks_function"":1}",757
all_exact_formal_game_data,1392,scc:0461,scc:0462,1,"{""pretech_explicit"":1}",758
all_exact_formal_game_data,1393,scc:0462,scc:0076,1,"{""unlocks_function"":1}",765
all_exact_formal_game_data,1394,scc:0462,scc:0463,1,"{""pretech_explicit"":1}",766
all_exact_formal_game_data,1395,scc:0463,scc:0008,1,"{""unlocks_function"":1}",769
all_exact_formal_game_data,1396,scc:0464,scc:0019,1,"{""unlocks_function"":1}",774
all_exact_formal_game_data,1397,scc:0464,scc:0465,1,"{""pretech_explicit"":1}",775
all_exact_formal_game_data,1398,scc:0465,scc:0019,1,"{""unlocks_function"":1}",779
all_exact_formal_game_data,1399,scc:0465,scc:0466,1,"{""pretech_explicit"":1}",780
all_exact_formal_game_data,1400,scc:0466,scc:0019,1,"{""unlocks_function"":1}",785
all_exact_formal_game_data,1401,scc:0466,scc:0467,1,"{""pretech_explicit"":1}",786
all_exact_formal_game_data,1402,scc:0467,scc:0019,1,"{""unlocks_function"":1}",791
all_exact_formal_game_data,1403,scc:0467,scc:0468,1,"{""pretech_explicit"":1}",792
all_exact_formal_game_data,1404,scc:0468,scc:0019,1,"{""unlocks_function"":1}",799
all_exact_formal_game_data,1405,scc:0468,scc:0469,1,"{""pretech_explicit"":1}",800
all_exact_formal_game_data,1406,scc:0469,scc:0019,1,"{""unlocks_function"":1}",803
all_exact_formal_game_data,1407,scc:0470,scc:0009,1,"{""unlocks_function"":1}",806
all_exact_formal_game_data,1408,scc:0470,scc:0471,1,"{""pretech_explicit"":1}",807
all_exact_formal_game_data,1409,scc:0471,scc:0009,1,"{""unlocks_function"":1}",811
all_exact_formal_game_data,1410,scc:0471,scc:0472,1,"{""pretech_explicit"":1}",812
all_exact_formal_game_data,1411,scc:0472,scc:0009,1,"{""unlocks_function"":1}",817
all_exact_formal_game_data,1412,scc:0472,scc:0473,1,"{""pretech_explicit"":1}",818
all_exact_formal_game_data,1413,scc:0473,scc:0009,1,"{""unlocks_function"":1}",824
all_exact_formal_game_data,1414,scc:0473,scc:0474,1,"{""pretech_explicit"":1}",825
all_exact_formal_game_data,1415,scc:0474,scc:0009,1,"{""unlocks_function"":1}",832
all_exact_formal_game_data,1416,scc:0474,scc:0475,1,"{""pretech_explicit"":1}",833
all_exact_formal_game_data,1417,scc:0475,scc:0009,1,"{""unlocks_function"":1}",836
all_exact_formal_game_data,1418,scc:0476,scc:0028,1,"{""unlocks_function"":1}",839
all_exact_formal_game_data,1419,scc:0476,scc:0046,1,"{""unlocks_function"":1}",840
all_exact_formal_game_data,1420,scc:0476,scc:0477,1,"{""pretech_explicit"":1}",841
all_exact_formal_game_data,1421,scc:0477,scc:0028,1,"{""unlocks_function"":1}",844
all_exact_formal_game_data,1422,scc:0477,scc:0046,1,"{""unlocks_function"":1}",845
all_exact_formal_game_data,1423,scc:0477,scc:0478,1,"{""pretech_explicit"":1}",846
all_exact_formal_game_data,1424,scc:0478,scc:0028,1,"{""unlocks_function"":1}",850
all_exact_formal_game_data,1425,scc:0478,scc:0046,1,"{""unlocks_function"":1}",851
all_exact_formal_game_data,1426,scc:0478,scc:0479,1,"{""pretech_explicit"":1}",852
all_exact_formal_game_data,1427,scc:0479,scc:0028,1,"{""unlocks_function"":1}",857
all_exact_formal_game_data,1428,scc:0479,scc:0046,1,"{""unlocks_function"":1}",858
all_exact_formal_game_data,1429,scc:0479,scc:0480,1,"{""pretech_explicit"":1}",859
all_exact_formal_game_data,1430,scc:0480,scc:0028,1,"{""unlocks_function"":1}",865
all_exact_formal_game_data,1431,scc:0480,scc:0046,1,"{""unlocks_function"":1}",866
all_exact_formal_game_data,1432,scc:0480,scc:0481,1,"{""pretech_explicit"":1}",867
all_exact_formal_game_data,1433,scc:0481,scc:0046,1,"{""unlocks_function"":1}",874
all_exact_formal_game_data,1434,scc:0482,scc:0053,1,"{""unlocks_function"":1}",878
all_exact_formal_game_data,1435,scc:0482,scc:0054,1,"{""unlocks_function"":1}",879
all_exact_formal_game_data,1436,scc:0482,scc:0063,1,"{""unlocks_function"":1}",877
all_exact_formal_game_data,1437,scc:0482,scc:0483,1,"{""pretech_explicit"":1}",880
all_exact_formal_game_data,1438,scc:0483,scc:0053,1,"{""unlocks_function"":1}",884
all_exact_formal_game_data,1439,scc:0483,scc:0054,1,"{""unlocks_function"":1}",885
all_exact_formal_game_data,1440,scc:0483,scc:0484,1,"{""pretech_explicit"":1}",886
all_exact_formal_game_data,1441,scc:0484,scc:0053,1,"{""unlocks_function"":1}",891
all_exact_formal_game_data,1442,scc:0484,scc:0054,1,"{""unlocks_function"":1}",892
all_exact_formal_game_data,1443,scc:0484,scc:0075,1,"{""unlocks_function"":1}",893
all_exact_formal_game_data,1444,scc:0484,scc:0485,1,"{""pretech_explicit"":1}",894
all_exact_formal_game_data,1445,scc:0485,scc:0053,1,"{""unlocks_function"":1}",899
all_exact_formal_game_data,1446,scc:0485,scc:0054,1,"{""unlocks_function"":1}",900
all_exact_formal_game_data,1447,scc:0485,scc:0486,1,"{""pretech_explicit"":1}",901
all_exact_formal_game_data,1448,scc:0486,scc:0053,1,"{""unlocks_function"":1}",908
all_exact_formal_game_data,1449,scc:0486,scc:0054,1,"{""unlocks_function"":1}",909
all_exact_formal_game_data,1450,scc:0486,scc:0487,1,"{""pretech_explicit"":1}",910
all_exact_formal_game_data,1451,scc:0487,scc:0053,1,"{""unlocks_function"":1}",913
all_exact_formal_game_data,1452,scc:0487,scc:0054,1,"{""unlocks_function"":1}",914
all_exact_formal_game_data,1453,scc:0487,scc:0488,1,"{""pretech_explicit"":1}",915
all_exact_formal_game_data,1454,scc:0488,scc:0054,1,"{""unlocks_function"":1}",917
all_exact_formal_game_data,1455,scc:0489,scc:0041,1,"{""unlocks_function"":1}",921
all_exact_formal_game_data,1456,scc:0489,scc:0490,1,"{""pretech_explicit"":1}",922
all_exact_formal_game_data,1457,scc:0490,scc:0041,1,"{""unlocks_function"":1}",926
all_exact_formal_game_data,1458,scc:0490,scc:0491,1,"{""pretech_explicit"":1}",927
all_exact_formal_game_data,1459,scc:0490,scc:0570,1,"{""pretech_implicit"":1}",1416
all_exact_formal_game_data,1460,scc:0491,scc:0010,1,"{""unlocks_function"":1}",932
all_exact_formal_game_data,1461,scc:0491,scc:0492,1,"{""pretech_explicit"":1}",933
all_exact_formal_game_data,1462,scc:0492,scc:0041,1,"{""unlocks_function"":1}",939
all_exact_formal_game_data,1463,scc:0492,scc:0493,1,"{""pretech_explicit"":1}",940
all_exact_formal_game_data,1464,scc:0492,scc:0530,1,"{""pretech_implicit"":1}",1208
all_exact_formal_game_data,1465,scc:0493,scc:0027,1,"{""unlocks_function"":1}",945
all_exact_formal_game_data,1466,scc:0493,scc:0494,1,"{""pretech_explicit"":1}",946
all_exact_formal_game_data,1467,scc:0494,scc:0027,1,"{""unlocks_function"":1}",948
all_exact_formal_game_data,1468,scc:0495,scc:0064,1,"{""unlocks_function"":1}",951
all_exact_formal_game_data,1469,scc:0495,scc:0496,1,"{""pretech_explicit"":1}",952
all_exact_formal_game_data,1470,scc:0496,scc:0064,1,"{""unlocks_function"":1}",955
all_exact_formal_game_data,1471,scc:0496,scc:0497,1,"{""pretech_explicit"":1}",956
all_exact_formal_game_data,1472,scc:0497,scc:0064,1,"{""unlocks_function"":1}",960
all_exact_formal_game_data,1473,scc:0497,scc:0498,1,"{""pretech_explicit"":1}",961
all_exact_formal_game_data,1474,scc:0498,scc:0064,1,"{""unlocks_function"":1}",966
all_exact_formal_game_data,1475,scc:0498,scc:0499,1,"{""pretech_explicit"":1}",967
all_exact_formal_game_data,1476,scc:0499,scc:0064,1,"{""unlocks_function"":1}",973
all_exact_formal_game_data,1477,scc:0499,scc:0500,1,"{""pretech_explicit"":1}",974
all_exact_formal_game_data,1478,scc:0500,scc:0064,1,"{""unlocks_function"":1}",976
all_exact_formal_game_data,1479,scc:0501,scc:0011,1,"{""unlocks_function"":1}",981
all_exact_formal_game_data,1480,scc:0501,scc:0502,1,"{""pretech_explicit"":1}",982
all_exact_formal_game_data,1481,scc:0502,scc:0011,1,"{""unlocks_function"":1}",986
all_exact_formal_game_data,1482,scc:0502,scc:0503,1,"{""pretech_explicit"":1}",987
all_exact_formal_game_data,1483,scc:0503,scc:0011,1,"{""unlocks_function"":1}",991
all_exact_formal_game_data,1484,scc:0503,scc:0504,1,"{""pretech_explicit"":1}",992
all_exact_formal_game_data,1485,scc:0504,scc:0011,1,"{""unlocks_function"":1}",997
all_exact_formal_game_data,1486,scc:0504,scc:0505,1,"{""pretech_explicit"":1}",998
all_exact_formal_game_data,1487,scc:0505,scc:0011,1,"{""unlocks_function"":1}",1003
all_exact_formal_game_data,1488,scc:0505,scc:0506,1,"{""pretech_explicit"":1}",1004
all_exact_formal_game_data,1489,scc:0506,scc:0011,1,"{""unlocks_function"":1}",1009
all_exact_formal_game_data,1490,scc:0507,scc:0012,1,"{""unlocks_function"":1}",1056
all_exact_formal_game_data,1491,scc:0507,scc:0508,1,"{""pretech_explicit"":1}",1057
all_exact_formal_game_data,1492,scc:0508,scc:0012,1,"{""unlocks_function"":1}",1061
all_exact_formal_game_data,1493,scc:0508,scc:0509,1,"{""pretech_explicit"":1}",1062
all_exact_formal_game_data,1494,scc:0509,scc:0012,1,"{""unlocks_function"":1}",1066
all_exact_formal_game_data,1495,scc:0509,scc:0510,1,"{""pretech_explicit"":1}",1067
all_exact_formal_game_data,1496,scc:0510,scc:0012,1,"{""unlocks_function"":1}",1072
all_exact_formal_game_data,1497,scc:0510,scc:0511,1,"{""pretech_explicit"":1}",1073
all_exact_formal_game_data,1498,scc:0511,scc:0012,1,"{""unlocks_function"":1}",1078
all_exact_formal_game_data,1499,scc:0511,scc:0512,1,"{""pretech_explicit"":1}",1079
all_exact_formal_game_data,1500,scc:0512,scc:0012,1,"{""unlocks_function"":1}",1085
all_exact_formal_game_data,1501,scc:0512,scc:0513,1,"{""pretech_explicit"":1}",1086
all_exact_formal_game_data,1502,scc:0513,scc:0012,1,"{""unlocks_function"":1}",1092
all_exact_formal_game_data,1503,scc:0513,scc:0514,1,"{""pretech_explicit"":1}",1093
all_exact_formal_game_data,1504,scc:0514,scc:0012,1,"{""unlocks_function"":1}",1095
all_exact_formal_game_data,1505,scc:0515,scc:0013,1,"{""unlocks_function"":1}",1100
all_exact_formal_game_data,1506,scc:0515,scc:0516,1,"{""pretech_explicit"":1}",1101
all_exact_formal_game_data,1507,scc:0516,scc:0013,1,"{""unlocks_function"":1}",1105
all_exact_formal_game_data,1508,scc:0516,scc:0517,1,"{""pretech_explicit"":1}",1106
all_exact_formal_game_data,1509,scc:0517,scc:0013,1,"{""unlocks_function"":1}",1110
all_exact_formal_game_data,1510,scc:0517,scc:0518,1,"{""pretech_explicit"":1}",1111
all_exact_formal_game_data,1511,scc:0518,scc:0013,1,"{""unlocks_function"":1}",1115
all_exact_formal_game_data,1512,scc:0518,scc:0519,1,"{""pretech_explicit"":1}",1116
all_exact_formal_game_data,1513,scc:0519,scc:0013,1,"{""unlocks_function"":1}",1120
all_exact_formal_game_data,1514,scc:0519,scc:0520,1,"{""pretech_explicit"":1}",1121
all_exact_formal_game_data,1515,scc:0520,scc:0040,1,"{""unlocks_function"":1}",1126
all_exact_formal_game_data,1516,scc:0520,scc:0042,1,"{""unlocks_function"":1}",1127
all_exact_formal_game_data,1517,scc:0521,scc:0040,1,"{""unlocks_function"":1}",1132
all_exact_formal_game_data,1518,scc:0521,scc:0522,1,"{""pretech_explicit"":1}",1133
all_exact_formal_game_data,1519,scc:0522,scc:0043,1,"{""unlocks_function"":1}",1137
all_exact_formal_game_data,1520,scc:0522,scc:0523,1,"{""pretech_explicit"":1}",1138
all_exact_formal_game_data,1521,scc:0523,scc:0040,1,"{""unlocks_function"":1}",1142
all_exact_formal_game_data,1522,scc:0523,scc:0524,1,"{""pretech_explicit"":1}",1143
all_exact_formal_game_data,1523,scc:0524,scc:0043,1,"{""unlocks_function"":1}",1147
all_exact_formal_game_data,1524,scc:0524,scc:0525,1,"{""pretech_explicit"":1}",1148
all_exact_formal_game_data,1525,scc:0525,scc:0040,1,"{""unlocks_function"":1}",1152
all_exact_formal_game_data,1526,scc:0525,scc:0526,1,"{""pretech_explicit"":1}",1153
all_exact_formal_game_data,1527,scc:0526,scc:0042,1,"{""unlocks_function"":1}",1159
all_exact_formal_game_data,1528,scc:0527,scc:0014,1,"{""unlocks_function"":1}",1191
all_exact_formal_game_data,1529,scc:0527,scc:0035,1,"{""unlocks_function"":1}",1192
all_exact_formal_game_data,1530,scc:0527,scc:0528,1,"{""pretech_explicit"":1}",1193
all_exact_formal_game_data,1531,scc:0528,scc:0014,1,"{""unlocks_function"":1}",1197
all_exact_formal_game_data,1532,scc:0528,scc:0035,1,"{""unlocks_function"":1}",1198
all_exact_formal_game_data,1533,scc:0528,scc:0529,1,"{""pretech_explicit"":1}",1199
all_exact_formal_game_data,1534,scc:0529,scc:0014,1,"{""unlocks_function"":1}",1204
all_exact_formal_game_data,1535,scc:0529,scc:0015,1,"{""unlocks_function"":1}",1206
all_exact_formal_game_data,1536,scc:0529,scc:0035,1,"{""unlocks_function"":1}",1205
all_exact_formal_game_data,1537,scc:0529,scc:0530,1,"{""pretech_explicit"":1}",1207
all_exact_formal_game_data,1538,scc:0530,scc:0014,1,"{""unlocks_function"":1}",1213
all_exact_formal_game_data,1539,scc:0530,scc:0015,1,"{""unlocks_function"":1}",1215
all_exact_formal_game_data,1540,scc:0530,scc:0016,1,"{""unlocks_function"":1}",1216
all_exact_formal_game_data,1541,scc:0530,scc:0035,1,"{""unlocks_function"":1}",1214
all_exact_formal_game_data,1542,scc:0530,scc:0531,1,"{""pretech_explicit"":1}",1217
all_exact_formal_game_data,1543,scc:0531,scc:0014,1,"{""unlocks_function"":1}",1223
all_exact_formal_game_data,1544,scc:0531,scc:0015,1,"{""unlocks_function"":1}",1225
all_exact_formal_game_data,1545,scc:0531,scc:0035,1,"{""unlocks_function"":1}",1224
all_exact_formal_game_data,1546,scc:0531,scc:0532,1,"{""pretech_explicit"":1}",1226
all_exact_formal_game_data,1547,scc:0532,scc:0014,1,"{""unlocks_function"":1}",1232
all_exact_formal_game_data,1548,scc:0532,scc:0015,1,"{""unlocks_function"":1}",1234
all_exact_formal_game_data,1549,scc:0532,scc:0035,1,"{""unlocks_function"":1}",1233
all_exact_formal_game_data,1550,scc:0532,scc:0533,1,"{""pretech_explicit"":1}",1235
all_exact_formal_game_data,1551,scc:0533,scc:0014,1,"{""unlocks_function"":1}",1237
all_exact_formal_game_data,1552,scc:0533,scc:0015,1,"{""unlocks_function"":1}",1239
all_exact_formal_game_data,1553,scc:0533,scc:0035,1,"{""unlocks_function"":1}",1238
all_exact_formal_game_data,1554,scc:0534,scc:0017,1,"{""unlocks_function"":1}",1245
all_exact_formal_game_data,1555,scc:0534,scc:0036,1,"{""unlocks_function"":1}",1244
all_exact_formal_game_data,1556,scc:0534,scc:0535,1,"{""pretech_explicit"":1}",1246
all_exact_formal_game_data,1557,scc:0535,scc:0017,1,"{""unlocks_function"":1}",1251
all_exact_formal_game_data,1558,scc:0535,scc:0036,1,"{""unlocks_function"":1}",1250
all_exact_formal_game_data,1559,scc:0535,scc:0536,1,"{""pretech_explicit"":1}",1252
all_exact_formal_game_data,1560,scc:0536,scc:0017,1,"{""unlocks_function"":1}",1258
all_exact_formal_game_data,1561,scc:0536,scc:0018,1,"{""unlocks_function"":1}",1259
all_exact_formal_game_data,1562,scc:0536,scc:0036,1,"{""unlocks_function"":1}",1257
all_exact_formal_game_data,1563,scc:0536,scc:0537,1,"{""pretech_explicit"":1}",1260
all_exact_formal_game_data,1564,scc:0537,scc:0017,1,"{""unlocks_function"":1}",1265
all_exact_formal_game_data,1565,scc:0537,scc:0018,1,"{""unlocks_function"":1}",1266
all_exact_formal_game_data,1566,scc:0537,scc:0036,1,"{""unlocks_function"":1}",1264
all_exact_formal_game_data,1567,scc:0537,scc:0538,1,"{""pretech_explicit"":1}",1267
all_exact_formal_game_data,1568,scc:0538,scc:0017,1,"{""unlocks_function"":1}",1273
all_exact_formal_game_data,1569,scc:0538,scc:0018,1,"{""unlocks_function"":1}",1274
all_exact_formal_game_data,1570,scc:0538,scc:0036,1,"{""unlocks_function"":1}",1272
all_exact_formal_game_data,1571,scc:0538,scc:0539,1,"{""pretech_explicit"":1}",1275
all_exact_formal_game_data,1572,scc:0539,scc:0017,1,"{""unlocks_function"":1}",1281
all_exact_formal_game_data,1573,scc:0539,scc:0018,1,"{""unlocks_function"":1}",1282
all_exact_formal_game_data,1574,scc:0539,scc:0036,1,"{""unlocks_function"":1}",1280
all_exact_formal_game_data,1575,scc:0539,scc:0540,1,"{""pretech_explicit"":1}",1283
all_exact_formal_game_data,1576,scc:0540,scc:0017,1,"{""unlocks_function"":1}",1290
all_exact_formal_game_data,1577,scc:0540,scc:0018,1,"{""unlocks_function"":1}",1291
all_exact_formal_game_data,1578,scc:0540,scc:0036,1,"{""unlocks_function"":1}",1289
all_exact_formal_game_data,1579,scc:0540,scc:0541,1,"{""pretech_explicit"":1}",1292
all_exact_formal_game_data,1580,scc:0541,scc:0017,1,"{""unlocks_function"":1}",1298
all_exact_formal_game_data,1581,scc:0541,scc:0018,1,"{""unlocks_function"":1}",1299
all_exact_formal_game_data,1582,scc:0541,scc:0542,1,"{""pretech_explicit"":1}",1300
all_exact_formal_game_data,1583,scc:0541,scc:0556,1,"{""pretech_implicit"":1}",1312
all_exact_formal_game_data,1584,scc:0542,scc:0017,1,"{""unlocks_function"":1}",1302
all_exact_formal_game_data,1585,scc:0542,scc:0018,1,"{""unlocks_function"":1}",1303
all_exact_formal_game_data,1586,scc:0542,scc:0031,1,"{""unlocks_function"":1}",1304
all_exact_formal_game_data,1587,scc:0542,scc:0032,1,"{""unlocks_function"":1}",1305
all_exact_formal_game_data,1588,scc:0542,scc:0543,1,"{""pretech_explicit"":1}",1306
all_exact_formal_game_data,1589,scc:0542,scc:0557,1,"{""pretech_implicit"":1}",1316
all_exact_formal_game_data,1590,scc:0543,scc:0017,1,"{""unlocks_function"":1}",1308
all_exact_formal_game_data,1591,scc:0543,scc:0018,1,"{""unlocks_function"":1}",1309
all_exact_formal_game_data,1592,scc:0543,scc:0031,1,"{""unlocks_function"":1}",1310
all_exact_formal_game_data,1593,scc:0543,scc:0032,1,"{""unlocks_function"":1}",1311
all_exact_formal_game_data,1594,scc:0543,scc:0558,1,"{""pretech_implicit"":1}",1320
all_exact_formal_game_data,1595,scc:0544,scc:0020,1,"{""unlocks_function"":1}",1326
all_exact_formal_game_data,1596,scc:0544,scc:0021,1,"{""unlocks_function"":1}",1327
all_exact_formal_game_data,1597,scc:0544,scc:0074,1,"{""unlocks_function"":1}",1328
all_exact_formal_game_data,1598,scc:0544,scc:0545,1,"{""pretech_explicit"":1}",1329
all_exact_formal_game_data,1599,scc:0545,scc:0020,1,"{""unlocks_function"":1}",1333
all_exact_formal_game_data,1600,scc:0545,scc:0021,1,"{""unlocks_function"":1}",1334
all_exact_formal_game_data,1601,scc:0545,scc:0074,1,"{""unlocks_function"":1}",1335
all_exact_formal_game_data,1602,scc:0545,scc:0546,1,"{""pretech_explicit"":1}",1336
all_exact_formal_game_data,1603,scc:0546,scc:0020,1,"{""unlocks_function"":1}",1341
all_exact_formal_game_data,1604,scc:0546,scc:0021,1,"{""unlocks_function"":1}",1342
all_exact_formal_game_data,1605,scc:0546,scc:0074,1,"{""unlocks_function"":1}",1343
all_exact_formal_game_data,1606,scc:0546,scc:0547,1,"{""pretech_explicit"":1}",1344
all_exact_formal_game_data,1607,scc:0547,scc:0020,1,"{""unlocks_function"":1}",1349
all_exact_formal_game_data,1608,scc:0547,scc:0021,1,"{""unlocks_function"":1}",1350
all_exact_formal_game_data,1609,scc:0547,scc:0074,1,"{""unlocks_function"":1}",1351
all_exact_formal_game_data,1610,scc:0547,scc:0548,1,"{""pretech_explicit"":1}",1352
all_exact_formal_game_data,1611,scc:0548,scc:0020,1,"{""unlocks_function"":1}",1358
all_exact_formal_game_data,1612,scc:0548,scc:0021,1,"{""unlocks_function"":1}",1359
all_exact_formal_game_data,1613,scc:0548,scc:0074,1,"{""unlocks_function"":1}",1360
all_exact_formal_game_data,1614,scc:0548,scc:0549,1,"{""pretech_explicit"":1}",1361
all_exact_formal_game_data,1615,scc:0549,scc:0020,1,"{""unlocks_function"":1}",1363
all_exact_formal_game_data,1616,scc:0549,scc:0021,1,"{""unlocks_function"":1}",1364
all_exact_formal_game_data,1617,scc:0549,scc:0074,1,"{""unlocks_function"":1}",1365
all_exact_formal_game_data,1618,scc:0550,scc:0024,1,"{""unlocks_function"":1}",1368
all_exact_formal_game_data,1619,scc:0550,scc:0025,1,"{""unlocks_function"":1}",1369
all_exact_formal_game_data,1620,scc:0550,scc:0400,1,"{""pretech_implicit"":1}",362
all_exact_formal_game_data,1621,scc:0550,scc:0551,1,"{""pretech_explicit"":1}",1370
all_exact_formal_game_data,1622,scc:0551,scc:0024,1,"{""unlocks_function"":1}",1372
all_exact_formal_game_data,1623,scc:0551,scc:0025,1,"{""unlocks_function"":1}",1373
all_exact_formal_game_data,1624,scc:0551,scc:0552,1,"{""pretech_explicit"":1}",1374
all_exact_formal_game_data,1625,scc:0552,scc:0024,1,"{""unlocks_function"":1}",1377
all_exact_formal_game_data,1626,scc:0552,scc:0025,1,"{""unlocks_function"":1}",1378
all_exact_formal_game_data,1627,scc:0552,scc:0553,1,"{""pretech_explicit"":1}",1379
all_exact_formal_game_data,1628,scc:0553,scc:0024,1,"{""unlocks_function"":1}",1383
all_exact_formal_game_data,1629,scc:0553,scc:0025,1,"{""unlocks_function"":1}",1384
all_exact_formal_game_data,1630,scc:0553,scc:0554,1,"{""pretech_explicit"":1}",1385
all_exact_formal_game_data,1631,scc:0554,scc:0024,1,"{""unlocks_function"":1}",1389
all_exact_formal_game_data,1632,scc:0554,scc:0025,1,"{""unlocks_function"":1}",1390
all_exact_formal_game_data,1633,scc:0554,scc:0555,1,"{""pretech_explicit"":1}",1391
all_exact_formal_game_data,1634,scc:0555,scc:0024,1,"{""unlocks_function"":1}",1396
all_exact_formal_game_data,1635,scc:0555,scc:0025,1,"{""unlocks_function"":1}",1397
all_exact_formal_game_data,1636,scc:0556,scc:0029,1,"{""unlocks_function"":1}",1314
all_exact_formal_game_data,1637,scc:0556,scc:0557,1,"{""pretech_explicit"":1}",1315
all_exact_formal_game_data,1638,scc:0557,scc:0029,1,"{""unlocks_function"":1}",1318
all_exact_formal_game_data,1639,scc:0557,scc:0558,1,"{""pretech_explicit"":1}",1319
all_exact_formal_game_data,1640,scc:0558,scc:0029,1,"{""unlocks_function"":1}",1322
all_exact_formal_game_data,1641,scc:0559,scc:0022,1,"{""unlocks_function"":1}",1400
all_exact_formal_game_data,1642,scc:0559,scc:0560,1,"{""pretech_explicit"":1}",1401
all_exact_formal_game_data,1643,scc:0560,scc:0022,1,"{""unlocks_function"":1}",1403
all_exact_formal_game_data,1644,scc:0560,scc:0561,1,"{""pretech_explicit"":1}",1404
all_exact_formal_game_data,1645,scc:0561,scc:0022,1,"{""unlocks_function"":1}",1406
all_exact_formal_game_data,1646,scc:0561,scc:0562,1,"{""pretech_explicit"":1}",1407
all_exact_formal_game_data,1647,scc:0562,scc:0022,1,"{""unlocks_function"":1}",1409
all_exact_formal_game_data,1648,scc:0563,scc:0037,1,"{""unlocks_function"":1}",1163
all_exact_formal_game_data,1649,scc:0563,scc:0564,1,"{""pretech_explicit"":1}",1164
all_exact_formal_game_data,1650,scc:0564,scc:0037,1,"{""unlocks_function"":1}",1168
all_exact_formal_game_data,1651,scc:0564,scc:0565,1,"{""pretech_explicit"":1}",1169
all_exact_formal_game_data,1652,scc:0565,scc:0037,1,"{""unlocks_function"":1}",1173
all_exact_formal_game_data,1653,scc:0565,scc:0566,1,"{""pretech_explicit"":1}",1174
all_exact_formal_game_data,1654,scc:0566,scc:0037,1,"{""unlocks_function"":1}",1179
all_exact_formal_game_data,1655,scc:0566,scc:0567,1,"{""pretech_explicit"":1}",1180
all_exact_formal_game_data,1656,scc:0567,scc:0037,1,"{""unlocks_function"":1}",1186
all_exact_formal_game_data,1657,scc:0568,scc:0023,1,"{""unlocks_function"":1}",1411
all_exact_formal_game_data,1658,scc:0568,scc:0569,1,"{""pretech_explicit"":1}",1412
all_exact_formal_game_data,1659,scc:0569,scc:0023,1,"{""unlocks_function"":1}",1414
all_exact_formal_game_data,1660,scc:0569,scc:0570,1,"{""pretech_explicit"":1}",1415
all_exact_formal_game_data,1661,scc:0570,scc:0023,1,"{""unlocks_function"":1}",1420
all_exact_formal_game_data,1662,scc:0570,scc:0571,1,"{""pretech_explicit"":1}",1421
all_exact_formal_game_data,1663,scc:0571,scc:0023,1,"{""unlocks_function"":1}",1426
all_exact_formal_game_data,1664,scc:0572,scc:0045,1,"{""unlocks_function"":1}",1016
all_exact_formal_game_data,1665,scc:0572,scc:0573,1,"{""pretech_explicit"":1}",1017
all_exact_formal_game_data,1666,scc:0573,scc:0045,1,"{""unlocks_function"":1}",1023
all_exact_formal_game_data,1667,scc:0573,scc:0574,1,"{""pretech_explicit"":1}",1024
all_exact_formal_game_data,1668,scc:0574,scc:0045,1,"{""unlocks_function"":1}",1030
all_exact_formal_game_data,1669,scc:0574,scc:0575,1,"{""pretech_explicit"":1}",1031
all_exact_formal_game_data,1670,scc:0575,scc:0045,1,"{""unlocks_function"":1}",1037
all_exact_formal_game_data,1671,scc:0575,scc:0576,1,"{""pretech_explicit"":1}",1038
all_exact_formal_game_data,1672,scc:0576,scc:0045,1,"{""unlocks_function"":1}",1044
all_exact_formal_game_data,1673,scc:0576,scc:0577,1,"{""pretech_explicit"":1}",1045
all_exact_formal_game_data,1674,scc:0577,scc:0045,1,"{""unlocks_function"":1}",1051
all_exact_formal_game_data,1675,scc:0578,scc:0049,1,"{""unlocks_function"":1}",1429
all_exact_formal_game_data,1676,scc:0578,scc:0579,1,"{""pretech_explicit"":1}",1430
all_exact_formal_game_data,1677,scc:0579,scc:0049,1,"{""unlocks_function"":1}",1433
all_exact_formal_game_data,1678,scc:0579,scc:0580,1,"{""pretech_explicit"":1}",1434
all_exact_formal_game_data,1679,scc:0580,scc:0049,1,"{""unlocks_function"":1}",1438
all_exact_formal_game_data,1680,scc:0580,scc:0581,1,"{""pretech_explicit"":1}",1439
all_exact_formal_game_data,1681,scc:0581,scc:0049,1,"{""unlocks_function"":1}",1444
all_exact_formal_game_data,1682,scc:0581,scc:0582,1,"{""pretech_explicit"":1}",1445
all_exact_formal_game_data,1683,scc:0582,scc:0049,1,"{""unlocks_function"":1}",1451
all_exact_formal_game_data,1684,scc:0582,scc:0583,1,"{""pretech_explicit"":1}",1452
all_exact_formal_game_data,1685,scc:0583,scc:0049,1,"{""unlocks_function"":1}",1454
all_exact_formal_game_data,1686,scc:0584,scc:0050,1,"{""unlocks_function"":1}",1457
all_exact_formal_game_data,1687,scc:0584,scc:0585,1,"{""pretech_explicit"":1}",1458
all_exact_formal_game_data,1688,scc:0585,scc:0050,1,"{""unlocks_function"":1}",1461
all_exact_formal_game_data,1689,scc:0585,scc:0586,1,"{""pretech_explicit"":1}",1462
all_exact_formal_game_data,1690,scc:0586,scc:0050,1,"{""unlocks_function"":1}",1466
all_exact_formal_game_data,1691,scc:0586,scc:0587,1,"{""pretech_explicit"":1}",1467
all_exact_formal_game_data,1692,scc:0587,scc:0050,1,"{""unlocks_function"":1}",1472
all_exact_formal_game_data,1693,scc:0587,scc:0588,1,"{""pretech_explicit"":1}",1473
all_exact_formal_game_data,1694,scc:0588,scc:0050,1,"{""unlocks_function"":1}",1479
all_exact_formal_game_data,1695,scc:0588,scc:0589,1,"{""pretech_explicit"":1}",1480
all_exact_formal_game_data,1696,scc:0589,scc:0050,1,"{""unlocks_function"":1}",1482
all_exact_formal_game_data,1697,scc:0590,scc:0051,1,"{""unlocks_function"":1}",1485
all_exact_formal_game_data,1698,scc:0590,scc:0591,1,"{""pretech_explicit"":1}",1486
all_exact_formal_game_data,1699,scc:0591,scc:0051,1,"{""unlocks_function"":1}",1489
all_exact_formal_game_data,1700,scc:0591,scc:0592,1,"{""pretech_explicit"":1}",1490
all_exact_formal_game_data,1701,scc:0592,scc:0051,1,"{""unlocks_function"":1}",1494
all_exact_formal_game_data,1702,scc:0592,scc:0593,1,"{""pretech_explicit"":1}",1495
all_exact_formal_game_data,1703,scc:0593,scc:0051,1,"{""unlocks_function"":1}",1500
all_exact_formal_game_data,1704,scc:0593,scc:0594,1,"{""pretech_explicit"":1}",1501
all_exact_formal_game_data,1705,scc:0594,scc:0051,1,"{""unlocks_function"":1}",1507
all_exact_formal_game_data,1706,scc:0594,scc:0595,1,"{""pretech_explicit"":1}",1508
all_exact_formal_game_data,1707,scc:0595,scc:0051,1,"{""unlocks_function"":1}",1510
all_exact_formal_game_data,1708,scc:0596,scc:0055,1,"{""unlocks_function"":1}",1514
all_exact_formal_game_data,1709,scc:0596,scc:0597,1,"{""pretech_explicit"":1}",1515
all_exact_formal_game_data,1710,scc:0597,scc:0055,1,"{""unlocks_function"":1}",1519
all_exact_formal_game_data,1711,scc:0597,scc:0598,1,"{""pretech_explicit"":1}",1520
all_exact_formal_game_data,1712,scc:0598,scc:0055,1,"{""unlocks_function"":1}",1525
all_exact_formal_game_data,1713,scc:0598,scc:0059,1,"{""unlocks_function"":1}",1526
all_exact_formal_game_data,1714,scc:0598,scc:0599,1,"{""pretech_explicit"":1}",1527
all_exact_formal_game_data,1715,scc:0599,scc:0055,1,"{""unlocks_function"":1}",1533
all_exact_formal_game_data,1716,scc:0599,scc:0059,1,"{""unlocks_function"":1}",1534
all_exact_formal_game_data,1717,scc:0599,scc:0600,1,"{""pretech_explicit"":1}",1535
all_exact_formal_game_data,1718,scc:0600,scc:0055,1,"{""unlocks_function"":1}",1537
all_exact_formal_game_data,1719,scc:0600,scc:0059,1,"{""unlocks_function"":1}",1538
all_exact_formal_game_data,1720,scc:0601,scc:0056,1,"{""unlocks_function"":1}",1542
all_exact_formal_game_data,1721,scc:0601,scc:0602,1,"{""pretech_explicit"":1}",1543
all_exact_formal_game_data,1722,scc:0602,scc:0056,1,"{""unlocks_function"":1}",1547
all_exact_formal_game_data,1723,scc:0602,scc:0603,1,"{""pretech_explicit"":1}",1548
all_exact_formal_game_data,1724,scc:0603,scc:0056,1,"{""unlocks_function"":1}",1553
all_exact_formal_game_data,1725,scc:0603,scc:0060,1,"{""unlocks_function"":1}",1554
all_exact_formal_game_data,1726,scc:0603,scc:0604,1,"{""pretech_explicit"":1}",1555
all_exact_formal_game_data,1727,scc:0604,scc:0056,1,"{""unlocks_function"":1}",1561
all_exact_formal_game_data,1728,scc:0604,scc:0060,1,"{""unlocks_function"":1}",1562
all_exact_formal_game_data,1729,scc:0604,scc:0605,1,"{""pretech_explicit"":1}",1563
all_exact_formal_game_data,1730,scc:0605,scc:0056,1,"{""unlocks_function"":1}",1565
all_exact_formal_game_data,1731,scc:0605,scc:0060,1,"{""unlocks_function"":1}",1566
all_exact_formal_game_data,1732,scc:0606,scc:0057,1,"{""unlocks_function"":1}",1570
all_exact_formal_game_data,1733,scc:0606,scc:0607,1,"{""pretech_explicit"":1}",1571
all_exact_formal_game_data,1734,scc:0607,scc:0057,1,"{""unlocks_function"":1}",1575
all_exact_formal_game_data,1735,scc:0607,scc:0608,1,"{""pretech_explicit"":1}",1576
all_exact_formal_game_data,1736,scc:0608,scc:0057,1,"{""unlocks_function"":1}",1581
all_exact_formal_game_data,1737,scc:0608,scc:0061,1,"{""unlocks_function"":1}",1582
all_exact_formal_game_data,1738,scc:0608,scc:0609,1,"{""pretech_explicit"":1}",1583
all_exact_formal_game_data,1739,scc:0609,scc:0057,1,"{""unlocks_function"":1}",1589
all_exact_formal_game_data,1740,scc:0609,scc:0061,1,"{""unlocks_function"":1}",1590
all_exact_formal_game_data,1741,scc:0609,scc:0610,1,"{""pretech_explicit"":1}",1591
all_exact_formal_game_data,1742,scc:0610,scc:0057,1,"{""unlocks_function"":1}",1593
all_exact_formal_game_data,1743,scc:0610,scc:0061,1,"{""unlocks_function"":1}",1594
all_exact_formal_game_data,1744,scc:0611,scc:0062,1,"{""unlocks_function"":1}",1599
all_exact_formal_game_data,1745,scc:0611,scc:0612,1,"{""pretech_explicit"":1}",1600
all_exact_formal_game_data,1746,scc:0612,scc:0062,1,"{""unlocks_function"":1}",1604
all_exact_formal_game_data,1747,scc:0612,scc:0613,1,"{""pretech_explicit"":1}",1605
all_exact_formal_game_data,1748,scc:0613,scc:0062,1,"{""unlocks_function"":1}",1610
all_exact_formal_game_data,1749,scc:0613,scc:0614,1,"{""pretech_explicit"":1}",1611
all_exact_formal_game_data,1750,scc:0614,scc:0062,1,"{""unlocks_function"":1}",1617
all_exact_formal_game_data,1751,scc:0614,scc:0615,1,"{""pretech_explicit"":1}",1618
all_exact_formal_game_data,1752,scc:0615,scc:0062,1,"{""unlocks_function"":1}",1620
all_exact_formal_game_data,1753,scc:0616,scc:0066,1,"{""unlocks_function"":1}",1624
all_exact_formal_game_data,1754,scc:0616,scc:0617,1,"{""pretech_explicit"":1}",1625
all_exact_formal_game_data,1755,scc:0617,scc:0066,1,"{""unlocks_function"":1}",1629
all_exact_formal_game_data,1756,scc:0617,scc:0618,1,"{""pretech_explicit"":1}",1630
all_exact_formal_game_data,1757,scc:0618,scc:0065,1,"{""unlocks_function"":1}",1635
all_exact_formal_game_data,1758,scc:0618,scc:0619,1,"{""pretech_explicit"":1}",1636
all_exact_formal_game_data,1759,scc:0619,scc:0066,1,"{""unlocks_function"":1}",1641
all_exact_formal_game_data,1760,scc:0619,scc:0620,1,"{""pretech_explicit"":1}",1642
all_exact_formal_game_data,1761,scc:0620,scc:0065,1,"{""unlocks_function"":1}",1648
all_exact_formal_game_data,1762,scc:0620,scc:0621,1,"{""pretech_explicit"":1}",1649
all_exact_formal_game_data,1763,scc:0621,scc:0065,1,"{""unlocks_function"":1}",1651
all_exact_formal_game_data,1764,scc:0621,scc:0622,1,"{""pretech_explicit"":1}",1652
all_exact_formal_game_data,1765,scc:0622,scc:0065,1,"{""unlocks_function"":1}",1654
all_exact_formal_game_data,1766,scc:0623,scc:0069,1,"{""unlocks_function"":1}",1660
all_exact_formal_game_data,1767,scc:0623,scc:0624,1,"{""pretech_explicit"":1}",1661
all_exact_formal_game_data,1768,scc:0624,scc:0069,1,"{""unlocks_function"":1}",1666
all_exact_formal_game_data,1769,scc:0624,scc:0625,1,"{""pretech_explicit"":1}",1667
all_exact_formal_game_data,1770,scc:0625,scc:0067,1,"{""unlocks_function"":1}",1672
all_exact_formal_game_data,1771,scc:0625,scc:0626,1,"{""pretech_explicit"":1}",1673
all_exact_formal_game_data,1772,scc:0626,scc:0067,1,"{""unlocks_function"":1}",1679
all_exact_formal_game_data,1773,scc:0626,scc:0627,1,"{""pretech_explicit"":1}",1680
all_exact_formal_game_data,1774,scc:0627,scc:0067,1,"{""unlocks_function"":1}",1686
all_exact_formal_game_data,1775,scc:0627,scc:0628,1,"{""pretech_explicit"":1}",1687
all_exact_formal_game_data,1776,scc:0628,scc:0067,1,"{""unlocks_function"":1}",1689
all_exact_formal_game_data,1777,scc:0628,scc:0629,1,"{""pretech_explicit"":1}",1690
all_exact_formal_game_data,1778,scc:0629,scc:0067,1,"{""unlocks_function"":1}",1692
all_exact_formal_game_data,1779,scc:0630,scc:0073,1,"{""unlocks_function"":1}",1695
all_exact_formal_game_data,1780,scc:0630,scc:0631,1,"{""pretech_explicit"":1}",1696
all_exact_formal_game_data,1781,scc:0631,scc:0073,1,"{""unlocks_function"":1}",1699
all_exact_formal_game_data,1782,scc:0631,scc:0632,1,"{""pretech_explicit"":1}",1700
all_exact_formal_game_data,1783,scc:0632,scc:0073,1,"{""unlocks_function"":1}",1704
all_exact_formal_game_data,1784,scc:0632,scc:0633,1,"{""pretech_explicit"":1}",1705
all_exact_formal_game_data,1785,scc:0633,scc:0073,1,"{""unlocks_function"":1}",1710
all_exact_formal_game_data,1786,scc:0633,scc:0634,1,"{""pretech_explicit"":1}",1711
all_exact_formal_game_data,1787,scc:0634,scc:0073,1,"{""unlocks_function"":1}",1717
all_exact_formal_game_data,1788,scc:0634,scc:0635,1,"{""pretech_explicit"":1}",1718
all_exact_formal_game_data,1789,scc:0635,scc:0073,1,"{""unlocks_function"":1}",1720
all_exact_formal_game_data,1790,scc:0636,scc:0052,1,"{""unlocks_function"":1}",1724
all_exact_formal_game_data,1791,scc:0636,scc:0637,1,"{""pretech_explicit"":1}",1725
all_exact_formal_game_data,1792,scc:0637,scc:0052,1,"{""unlocks_function"":1}",1728
all_exact_formal_game_data,1793,scc:0637,scc:0638,1,"{""pretech_explicit"":1}",1729
all_exact_formal_game_data,1794,scc:0638,scc:0052,1,"{""unlocks_function"":1}",1733
all_exact_formal_game_data,1795,scc:0638,scc:0639,1,"{""pretech_explicit"":1}",1734
all_exact_formal_game_data,1796,scc:0639,scc:0052,1,"{""unlocks_function"":1}",1739
all_exact_formal_game_data,1797,scc:0639,scc:0640,1,"{""pretech_explicit"":1}",1740
all_exact_formal_game_data,1798,scc:0640,scc:0052,1,"{""unlocks_function"":1}",1746
all_exact_formal_game_data,1799,scc:0640,scc:0641,1,"{""pretech_explicit"":1}",1747
all_exact_formal_game_data,1800,scc:0641,scc:0052,1,"{""unlocks_function"":1}",1749
all_exact_formal_game_data,1801,scc:0642,scc:0078,1,"{""theme_water_resource"":1}",2364
all_exact_formal_game_data,1802,scc:0642,scc:0667,1,"{""theme_base_vein_config_present"":1}",2356
all_exact_formal_game_data,1803,scc:0642,scc:0669,1,"{""theme_rare_vein_config"":1}",2363
all_exact_formal_game_data,1804,scc:0642,scc:0673,1,"{""theme_base_vein_config_present"":1}",2357
all_exact_formal_game_data,1805,scc:0642,scc:0674,1,"{""theme_base_vein_config_absent"":1}",2358
all_exact_formal_game_data,1806,scc:0642,scc:0675,1,"{""theme_base_vein_config_absent"":1}",2359
all_exact_formal_game_data,1807,scc:0642,scc:0676,1,"{""theme_base_vein_config_present"":1}",2360
all_exact_formal_game_data,1808,scc:0642,scc:0677,1,"{""theme_base_vein_config_present"":1}",2361
all_exact_formal_game_data,1809,scc:0642,scc:0678,1,"{""theme_base_vein_config_present"":1}",2362
all_exact_formal_game_data,1810,scc:0643,scc:0078,1,"{""theme_water_resource"":1}",2420
all_exact_formal_game_data,1811,scc:0643,scc:0667,1,"{""theme_base_vein_config_present"":1}",2410
all_exact_formal_game_data,1812,scc:0643,scc:0668,1,"{""theme_rare_vein_config"":1}",2418
all_exact_formal_game_data,1813,scc:0643,scc:0670,1,"{""theme_rare_vein_config"":1}",2419
all_exact_formal_game_data,1814,scc:0643,scc:0673,1,"{""theme_base_vein_config_present"":1}",2411
all_exact_formal_game_data,1815,scc:0643,scc:0674,1,"{""theme_base_vein_config_present"":1}",2412
all_exact_formal_game_data,1816,scc:0643,scc:0675,1,"{""theme_base_vein_config_present"":1}",2413
all_exact_formal_game_data,1817,scc:0643,scc:0676,1,"{""theme_base_vein_config_present"":1}",2414
all_exact_formal_game_data,1818,scc:0643,scc:0677,1,"{""theme_base_vein_config_present"":1}",2415
all_exact_formal_game_data,1819,scc:0643,scc:0678,1,"{""theme_base_vein_config_absent"":1}",2416
all_exact_formal_game_data,1820,scc:0643,scc:0679,1,"{""theme_rare_vein_config"":1}",2417
all_exact_formal_game_data,1821,scc:0644,scc:0667,1,"{""theme_base_vein_config_present"":1}",2421
all_exact_formal_game_data,1822,scc:0644,scc:0670,1,"{""theme_rare_vein_config"":1}",2430
all_exact_formal_game_data,1823,scc:0644,scc:0671,1,"{""theme_rare_vein_config"":1}",2431
all_exact_formal_game_data,1824,scc:0644,scc:0673,1,"{""theme_base_vein_config_present"":1}",2422
all_exact_formal_game_data,1825,scc:0644,scc:0674,1,"{""theme_base_vein_config_present"":1}",2423
all_exact_formal_game_data,1826,scc:0644,scc:0675,1,"{""theme_base_vein_config_present"":1}",2424
all_exact_formal_game_data,1827,scc:0644,scc:0676,1,"{""theme_base_vein_config_present"":1}",2425
all_exact_formal_game_data,1828,scc:0644,scc:0677,1,"{""theme_base_vein_config_absent"":1}",2426
all_exact_formal_game_data,1829,scc:0644,scc:0678,1,"{""theme_base_vein_config_absent"":1}",2427
all_exact_formal_game_data,1830,scc:0644,scc:0679,1,"{""theme_rare_vein_config"":1}",2428
all_exact_formal_game_data,1831,scc:0644,scc:0680,1,"{""theme_rare_vein_config"":1}",2429
all_exact_formal_game_data,1832,scc:0645,scc:0667,1,"{""theme_base_vein_config_present"":1}",2432
all_exact_formal_game_data,1833,scc:0645,scc:0668,1,"{""theme_rare_vein_config"":1}",2440
all_exact_formal_game_data,1834,scc:0645,scc:0670,1,"{""theme_rare_vein_config"":1}",2441
all_exact_formal_game_data,1835,scc:0645,scc:0673,1,"{""theme_base_vein_config_present"":1}",2433
all_exact_formal_game_data,1836,scc:0645,scc:0674,1,"{""theme_base_vein_config_present"":1}",2434
all_exact_formal_game_data,1837,scc:0645,scc:0675,1,"{""theme_base_vein_config_absent"":1}",2435
all_exact_formal_game_data,1838,scc:0645,scc:0676,1,"{""theme_base_vein_config_present"":1}",2436
all_exact_formal_game_data,1839,scc:0645,scc:0677,1,"{""theme_base_vein_config_present"":1}",2437
all_exact_formal_game_data,1840,scc:0645,scc:0678,1,"{""theme_base_vein_config_absent"":1}",2438
all_exact_formal_game_data,1841,scc:0645,scc:0680,1,"{""theme_rare_vein_config"":1}",2439
all_exact_formal_game_data,1842,scc:0646,scc:0100,1,"{""theme_water_resource"":1}",2449
all_exact_formal_game_data,1843,scc:0646,scc:0667,1,"{""theme_base_vein_config_present"":1}",2442
all_exact_formal_game_data,1844,scc:0646,scc:0673,1,"{""theme_base_vein_config_present"":1}",2443
all_exact_formal_game_data,1845,scc:0646,scc:0674,1,"{""theme_base_vein_config_present"":1}",2444
all_exact_formal_game_data,1846,scc:0646,scc:0675,1,"{""theme_base_vein_config_present"":1}",2445
all_exact_formal_game_data,1847,scc:0646,scc:0676,1,"{""theme_base_vein_config_present"":1}",2446
all_exact_formal_game_data,1848,scc:0646,scc:0677,1,"{""theme_base_vein_config_present"":1}",2447
all_exact_formal_game_data,1849,scc:0646,scc:0678,1,"{""theme_base_vein_config_absent"":1}",2448
all_exact_formal_game_data,1850,scc:0647,scc:0078,1,"{""theme_water_resource"":1}",2460
all_exact_formal_game_data,1851,scc:0647,scc:0667,1,"{""theme_base_vein_config_present"":1}",2450
all_exact_formal_game_data,1852,scc:0647,scc:0669,1,"{""theme_rare_vein_config"":1}",2458
all_exact_formal_game_data,1853,scc:0647,scc:0671,1,"{""theme_rare_vein_config"":1}",2459
all_exact_formal_game_data,1854,scc:0647,scc:0673,1,"{""theme_base_vein_config_present"":1}",2451
all_exact_formal_game_data,1855,scc:0647,scc:0674,1,"{""theme_base_vein_config_absent"":1}",2452
all_exact_formal_game_data,1856,scc:0647,scc:0675,1,"{""theme_base_vein_config_absent"":1}",2453
all_exact_formal_game_data,1857,scc:0647,scc:0676,1,"{""theme_base_vein_config_present"":1}",2454
all_exact_formal_game_data,1858,scc:0647,scc:0677,1,"{""theme_base_vein_config_present"":1}",2455
all_exact_formal_game_data,1859,scc:0647,scc:0678,1,"{""theme_base_vein_config_present"":1}",2456
all_exact_formal_game_data,1860,scc:0647,scc:0680,1,"{""theme_rare_vein_config"":1}",2457
all_exact_formal_game_data,1861,scc:0648,scc:0078,1,"{""theme_water_resource"":1}",2470
all_exact_formal_game_data,1862,scc:0648,scc:0667,1,"{""theme_base_vein_config_present"":1}",2461
all_exact_formal_game_data,1863,scc:0648,scc:0669,1,"{""theme_rare_vein_config"":1}",2468
all_exact_formal_game_data,1864,scc:0648,scc:0671,1,"{""theme_rare_vein_config"":1}",2469
all_exact_formal_game_data,1865,scc:0648,scc:0673,1,"{""theme_base_vein_config_present"":1}",2462
all_exact_formal_game_data,1866,scc:0648,scc:0674,1,"{""theme_base_vein_config_present"":1}",2463
all_exact_formal_game_data,1867,scc:0648,scc:0675,1,"{""theme_base_vein_config_present"":1}",2464
all_exact_formal_game_data,1868,scc:0648,scc:0676,1,"{""theme_base_vein_config_present"":1}",2465
all_exact_formal_game_data,1869,scc:0648,scc:0677,1,"{""theme_base_vein_config_present"":1}",2466
all_exact_formal_game_data,1870,scc:0648,scc:0678,1,"{""theme_base_vein_config_present"":1}",2467
all_exact_formal_game_data,1871,scc:0649,scc:0078,1,"{""theme_water_resource"":1}",2479
all_exact_formal_game_data,1872,scc:0649,scc:0667,1,"{""theme_base_vein_config_absent"":1}",2471
all_exact_formal_game_data,1873,scc:0649,scc:0671,1,"{""theme_rare_vein_config"":1}",2478
all_exact_formal_game_data,1874,scc:0649,scc:0673,1,"{""theme_base_vein_config_absent"":1}",2472
all_exact_formal_game_data,1875,scc:0649,scc:0674,1,"{""theme_base_vein_config_absent"":1}",2473
all_exact_formal_game_data,1876,scc:0649,scc:0675,1,"{""theme_base_vein_config_absent"":1}",2474
all_exact_formal_game_data,1877,scc:0649,scc:0676,1,"{""theme_base_vein_config_absent"":1}",2475
all_exact_formal_game_data,1878,scc:0649,scc:0677,1,"{""theme_base_vein_config_present"":1}",2476
all_exact_formal_game_data,1879,scc:0649,scc:0678,1,"{""theme_base_vein_config_present"":1}",2477
all_exact_formal_game_data,1880,scc:0650,scc:0667,1,"{""theme_base_vein_config_present"":1}",2480
all_exact_formal_game_data,1881,scc:0650,scc:0670,1,"{""theme_rare_vein_config"":1}",2488
all_exact_formal_game_data,1882,scc:0650,scc:0673,1,"{""theme_base_vein_config_present"":1}",2481
all_exact_formal_game_data,1883,scc:0650,scc:0674,1,"{""theme_base_vein_config_present"":1}",2482
all_exact_formal_game_data,1884,scc:0650,scc:0675,1,"{""theme_base_vein_config_present"":1}",2483
all_exact_formal_game_data,1885,scc:0650,scc:0676,1,"{""theme_base_vein_config_present"":1}",2484
all_exact_formal_game_data,1886,scc:0650,scc:0677,1,"{""theme_base_vein_config_present"":1}",2485
all_exact_formal_game_data,1887,scc:0650,scc:0678,1,"{""theme_base_vein_config_absent"":1}",2486
all_exact_formal_game_data,1888,scc:0650,scc:0680,1,"{""theme_rare_vein_config"":1}",2487
all_exact_formal_game_data,1889,scc:0651,scc:0078,1,"{""theme_water_resource"":1}",2498
all_exact_formal_game_data,1890,scc:0651,scc:0667,1,"{""theme_base_vein_config_present"":1}",2489
all_exact_formal_game_data,1891,scc:0651,scc:0669,1,"{""theme_rare_vein_config"":1}",2496
all_exact_formal_game_data,1892,scc:0651,scc:0671,1,"{""theme_rare_vein_config"":1}",2497
all_exact_formal_game_data,1893,scc:0651,scc:0673,1,"{""theme_base_vein_config_present"":1}",2490
all_exact_formal_game_data,1894,scc:0651,scc:0674,1,"{""theme_base_vein_config_present"":1}",2491
all_exact_formal_game_data,1895,scc:0651,scc:0675,1,"{""theme_base_vein_config_absent"":1}",2492
all_exact_formal_game_data,1896,scc:0651,scc:0676,1,"{""theme_base_vein_config_present"":1}",2493
all_exact_formal_game_data,1897,scc:0651,scc:0677,1,"{""theme_base_vein_config_present"":1}",2494
all_exact_formal_game_data,1898,scc:0651,scc:0678,1,"{""theme_base_vein_config_present"":1}",2495
all_exact_formal_game_data,1899,scc:0652,scc:0667,1,"{""theme_base_vein_config_present"":1}",2499
all_exact_formal_game_data,1900,scc:0652,scc:0668,1,"{""theme_rare_vein_config"":1}",2507
all_exact_formal_game_data,1901,scc:0652,scc:0670,1,"{""theme_rare_vein_config"":1}",2508
all_exact_formal_game_data,1902,scc:0652,scc:0673,1,"{""theme_base_vein_config_present"":1}",2500
all_exact_formal_game_data,1903,scc:0652,scc:0674,1,"{""theme_base_vein_config_present"":1}",2501
all_exact_formal_game_data,1904,scc:0652,scc:0675,1,"{""theme_base_vein_config_present"":1}",2502
all_exact_formal_game_data,1905,scc:0652,scc:0676,1,"{""theme_base_vein_config_present"":1}",2503
all_exact_formal_game_data,1906,scc:0652,scc:0677,1,"{""theme_base_vein_config_present"":1}",2504
all_exact_formal_game_data,1907,scc:0652,scc:0678,1,"{""theme_base_vein_config_absent"":1}",2505
all_exact_formal_game_data,1908,scc:0652,scc:0680,1,"{""theme_rare_vein_config"":1}",2506
all_exact_formal_game_data,1909,scc:0653,scc:0100,2,"{""theme_gas_resource"":2}",2365|2366
all_exact_formal_game_data,1910,scc:0654,scc:0667,1,"{""theme_base_vein_config_present"":1}",2509
all_exact_formal_game_data,1911,scc:0654,scc:0670,1,"{""theme_rare_vein_config"":1}",2518
all_exact_formal_game_data,1912,scc:0654,scc:0673,1,"{""theme_base_vein_config_present"":1}",2510
all_exact_formal_game_data,1913,scc:0654,scc:0674,1,"{""theme_base_vein_config_present"":1}",2511
all_exact_formal_game_data,1914,scc:0654,scc:0675,1,"{""theme_base_vein_config_present"":1}",2512
all_exact_formal_game_data,1915,scc:0654,scc:0676,1,"{""theme_base_vein_config_present"":1}",2513
all_exact_formal_game_data,1916,scc:0654,scc:0677,1,"{""theme_base_vein_config_present"":1}",2514
all_exact_formal_game_data,1917,scc:0654,scc:0678,1,"{""theme_base_vein_config_absent"":1}",2515
all_exact_formal_game_data,1918,scc:0654,scc:0679,1,"{""theme_rare_vein_config"":1}",2516
all_exact_formal_game_data,1919,scc:0654,scc:0680,1,"{""theme_rare_vein_config"":1}",2517
all_exact_formal_game_data,1920,scc:0655,scc:0100,2,"{""theme_gas_resource"":2}",2519|2520
all_exact_formal_game_data,1921,scc:0656,scc:0078,1,"{""theme_water_resource"":1}",2530
all_exact_formal_game_data,1922,scc:0656,scc:0667,1,"{""theme_base_vein_config_present"":1}",2521
all_exact_formal_game_data,1923,scc:0656,scc:0669,1,"{""theme_rare_vein_config"":1}",2528
all_exact_formal_game_data,1924,scc:0656,scc:0671,1,"{""theme_rare_vein_config"":1}",2529
all_exact_formal_game_data,1925,scc:0656,scc:0673,1,"{""theme_base_vein_config_present"":1}",2522
all_exact_formal_game_data,1926,scc:0656,scc:0674,1,"{""theme_base_vein_config_present"":1}",2523
all_exact_formal_game_data,1927,scc:0656,scc:0675,1,"{""theme_base_vein_config_present"":1}",2524
all_exact_formal_game_data,1928,scc:0656,scc:0676,1,"{""theme_base_vein_config_present"":1}",2525
all_exact_formal_game_data,1929,scc:0656,scc:0677,1,"{""theme_base_vein_config_present"":1}",2526
all_exact_formal_game_data,1930,scc:0656,scc:0678,1,"{""theme_base_vein_config_present"":1}",2527
all_exact_formal_game_data,1931,scc:0657,scc:0667,1,"{""theme_base_vein_config_present"":1}",2531
all_exact_formal_game_data,1932,scc:0657,scc:0669,1,"{""theme_rare_vein_config"":1}",2538
all_exact_formal_game_data,1933,scc:0657,scc:0670,1,"{""theme_rare_vein_config"":1}",2539
all_exact_formal_game_data,1934,scc:0657,scc:0673,1,"{""theme_base_vein_config_present"":1}",2532
all_exact_formal_game_data,1935,scc:0657,scc:0674,1,"{""theme_base_vein_config_absent"":1}",2533
all_exact_formal_game_data,1936,scc:0657,scc:0675,1,"{""theme_base_vein_config_present"":1}",2534
all_exact_formal_game_data,1937,scc:0657,scc:0676,1,"{""theme_base_vein_config_absent"":1}",2535
all_exact_formal_game_data,1938,scc:0657,scc:0677,1,"{""theme_base_vein_config_present"":1}",2536
all_exact_formal_game_data,1939,scc:0657,scc:0678,1,"{""theme_base_vein_config_absent"":1}",2537
all_exact_formal_game_data,1940,scc:0658,scc:0667,1,"{""theme_base_vein_config_present"":1}",2540
all_exact_formal_game_data,1941,scc:0658,scc:0670,1,"{""theme_rare_vein_config"":1}",2549
all_exact_formal_game_data,1942,scc:0658,scc:0673,1,"{""theme_base_vein_config_present"":1}",2541
all_exact_formal_game_data,1943,scc:0658,scc:0674,1,"{""theme_base_vein_config_present"":1}",2542
all_exact_formal_game_data,1944,scc:0658,scc:0675,1,"{""theme_base_vein_config_present"":1}",2543
all_exact_formal_game_data,1945,scc:0658,scc:0676,1,"{""theme_base_vein_config_present"":1}",2544
all_exact_formal_game_data,1946,scc:0658,scc:0677,1,"{""theme_base_vein_config_present"":1}",2545
all_exact_formal_game_data,1947,scc:0658,scc:0678,1,"{""theme_base_vein_config_absent"":1}",2546
all_exact_formal_game_data,1948,scc:0658,scc:0679,1,"{""theme_rare_vein_config"":1}",2547
all_exact_formal_game_data,1949,scc:0658,scc:0680,1,"{""theme_rare_vein_config"":1}",2548
all_exact_formal_game_data,1950,scc:0659,scc:0667,1,"{""theme_base_vein_config_present"":1}",2550
all_exact_formal_game_data,1951,scc:0659,scc:0668,1,"{""theme_rare_vein_config"":1}",2557
all_exact_formal_game_data,1952,scc:0659,scc:0669,1,"{""theme_rare_vein_config"":1}",2558
all_exact_formal_game_data,1953,scc:0659,scc:0671,1,"{""theme_rare_vein_config"":1}",2559
all_exact_formal_game_data,1954,scc:0659,scc:0673,1,"{""theme_base_vein_config_present"":1}",2551
all_exact_formal_game_data,1955,scc:0659,scc:0674,1,"{""theme_base_vein_config_present"":1}",2552
all_exact_formal_game_data,1956,scc:0659,scc:0675,1,"{""theme_base_vein_config_present"":1}",2553
all_exact_formal_game_data,1957,scc:0659,scc:0676,1,"{""theme_base_vein_config_present"":1}",2554
all_exact_formal_game_data,1958,scc:0659,scc:0677,1,"{""theme_base_vein_config_present"":1}",2555
all_exact_formal_game_data,1959,scc:0659,scc:0678,1,"{""theme_base_vein_config_present"":1}",2556
all_exact_formal_game_data,1960,scc:0660,scc:0100,2,"{""theme_gas_resource"":2}",2367|2368
all_exact_formal_game_data,1961,scc:0661,scc:0086,1,"{""theme_gas_resource"":1}",2369
all_exact_formal_game_data,1962,scc:0661,scc:0100,1,"{""theme_gas_resource"":1}",2370
all_exact_formal_game_data,1963,scc:0662,scc:0086,1,"{""theme_gas_resource"":1}",2371
all_exact_formal_game_data,1964,scc:0662,scc:0100,1,"{""theme_gas_resource"":1}",2372
all_exact_formal_game_data,1965,scc:0663,scc:0667,1,"{""theme_base_vein_config_present"":1}",2373
all_exact_formal_game_data,1966,scc:0663,scc:0673,1,"{""theme_base_vein_config_present"":1}",2374
all_exact_formal_game_data,1967,scc:0663,scc:0674,1,"{""theme_base_vein_config_absent"":1}",2375
all_exact_formal_game_data,1968,scc:0663,scc:0675,1,"{""theme_base_vein_config_present"":1}",2376
all_exact_formal_game_data,1969,scc:0663,scc:0676,1,"{""theme_base_vein_config_present"":1}",2377
all_exact_formal_game_data,1970,scc:0663,scc:0677,1,"{""theme_base_vein_config_present"":1}",2378
all_exact_formal_game_data,1971,scc:0663,scc:0678,1,"{""theme_base_vein_config_absent"":1}",2379
all_exact_formal_game_data,1972,scc:0663,scc:0680,1,"{""theme_rare_vein_config"":1}",2380
all_exact_formal_game_data,1973,scc:0664,scc:0667,1,"{""theme_base_vein_config_present"":1}",2381
all_exact_formal_game_data,1974,scc:0664,scc:0668,1,"{""theme_rare_vein_config"":1}",2389
all_exact_formal_game_data,1975,scc:0664,scc:0673,1,"{""theme_base_vein_config_present"":1}",2382
all_exact_formal_game_data,1976,scc:0664,scc:0674,1,"{""theme_base_vein_config_present"":1}",2383
all_exact_formal_game_data,1977,scc:0664,scc:0675,1,"{""theme_base_vein_config_present"":1}",2384
all_exact_formal_game_data,1978,scc:0664,scc:0676,1,"{""theme_base_vein_config_present"":1}",2385
all_exact_formal_game_data,1979,scc:0664,scc:0677,1,"{""theme_base_vein_config_present"":1}",2386
all_exact_formal_game_data,1980,scc:0664,scc:0678,1,"{""theme_base_vein_config_absent"":1}",2387
all_exact_formal_game_data,1981,scc:0664,scc:0679,1,"{""theme_rare_vein_config"":1}",2388
all_exact_formal_game_data,1982,scc:0665,scc:0078,1,"{""theme_water_resource"":1}",2399
all_exact_formal_game_data,1983,scc:0665,scc:0667,1,"{""theme_base_vein_config_present"":1}",2390
all_exact_formal_game_data,1984,scc:0665,scc:0669,1,"{""theme_rare_vein_config"":1}",2397
all_exact_formal_game_data,1985,scc:0665,scc:0671,1,"{""theme_rare_vein_config"":1}",2398
all_exact_formal_game_data,1986,scc:0665,scc:0673,1,"{""theme_base_vein_config_present"":1}",2391
all_exact_formal_game_data,1987,scc:0665,scc:0674,1,"{""theme_base_vein_config_present"":1}",2392
all_exact_formal_game_data,1988,scc:0665,scc:0675,1,"{""theme_base_vein_config_absent"":1}",2393
all_exact_formal_game_data,1989,scc:0665,scc:0676,1,"{""theme_base_vein_config_present"":1}",2394
all_exact_formal_game_data,1990,scc:0665,scc:0677,1,"{""theme_base_vein_config_present"":1}",2395
all_exact_formal_game_data,1991,scc:0665,scc:0678,1,"{""theme_base_vein_config_present"":1}",2396
all_exact_formal_game_data,1992,scc:0666,scc:0667,1,"{""theme_base_vein_config_present"":1}",2400
all_exact_formal_game_data,1993,scc:0666,scc:0668,1,"{""theme_rare_vein_config"":1}",2408
all_exact_formal_game_data,1994,scc:0666,scc:0670,1,"{""theme_rare_vein_config"":1}",2409
all_exact_formal_game_data,1995,scc:0666,scc:0673,1,"{""theme_base_vein_config_present"":1}",2401
all_exact_formal_game_data,1996,scc:0666,scc:0674,1,"{""theme_base_vein_config_present"":1}",2402
all_exact_formal_game_data,1997,scc:0666,scc:0675,1,"{""theme_base_vein_config_present"":1}",2403
all_exact_formal_game_data,1998,scc:0666,scc:0676,1,"{""theme_base_vein_config_present"":1}",2404
all_exact_formal_game_data,1999,scc:0666,scc:0677,1,"{""theme_base_vein_config_present"":1}",2405
all_exact_formal_game_data,2000,scc:0666,scc:0678,1,"{""theme_base_vein_config_absent"":1}",2406
all_exact_formal_game_data,2001,scc:0666,scc:0680,1,"{""theme_rare_vein_config"":1}",2407
all_exact_formal_game_data,2002,scc:0667,scc:0079,1,"{""vein_mines_item"":1}",2560
all_exact_formal_game_data,2003,scc:0668,scc:0088,1,"{""vein_mines_item"":1}",2569
all_exact_formal_game_data,2004,scc:0669,scc:0100,1,"{""vein_mines_item"":1}",2570
all_exact_formal_game_data,2005,scc:0670,scc:0089,1,"{""vein_mines_item"":1}",2571
all_exact_formal_game_data,2006,scc:0671,scc:0090,1,"{""vein_mines_item"":1}",2572
all_exact_formal_game_data,2007,scc:0672,scc:0091,1,"{""vein_mines_item"":1}",2573
all_exact_formal_game_data,2008,scc:0673,scc:0080,1,"{""vein_mines_item"":1}",2561
all_exact_formal_game_data,2009,scc:0674,scc:0081,1,"{""vein_mines_item"":1}",2562
all_exact_formal_game_data,2010,scc:0675,scc:0082,1,"{""vein_mines_item"":1}",2563
all_exact_formal_game_data,2011,scc:0676,scc:0083,1,"{""vein_mines_item"":1}",2564
all_exact_formal_game_data,2012,scc:0677,scc:0084,1,"{""vein_mines_item"":1}",2565
all_exact_formal_game_data,2013,scc:0678,scc:0085,1,"{""vein_mines_item"":1}",2566
all_exact_formal_game_data,2014,scc:0679,scc:0086,1,"{""vein_mines_item"":1}",2567
all_exact_formal_game_data,2015,scc:0680,scc:0087,1,"{""vein_mines_item"":1}",2568
end_product_dependency_profile,1,scc:0078,scc:0100,4,"{""recipe_input"":4}",1823|1827|1845|1930
end_product_dependency_profile,2,scc:0079,scc:0227,1,"{""recipe_input"":1}",1750
end_product_dependency_profile,3,scc:0079,scc:0293,1,"{""recipe_input"":1}",1752
end_product_dependency_profile,4,scc:0080,scc:0297,1,"{""recipe_input"":1}",1754
end_product_dependency_profile,5,scc:0081,scc:0317,1,"{""recipe_input"":1}",1946
end_product_dependency_profile,6,scc:0082,scc:0100,1,"{""recipe_input"":1}",1961
end_product_dependency_profile,7,scc:0083,scc:0100,1,"{""recipe_input"":1}",1822
end_product_dependency_profile,8,scc:0083,scc:0299,1,"{""recipe_input"":1}",1856
end_product_dependency_profile,9,scc:0083,scc:0301,1,"{""recipe_input"":1}",1756
end_product_dependency_profile,10,scc:0083,scc:0316,1,"{""recipe_input"":1}",1940
end_product_dependency_profile,11,scc:0084,scc:0100,1,"{""recipe_input"":1}",2174
end_product_dependency_profile,12,scc:0084,scc:0231,1,"{""recipe_input"":1}",2109
end_product_dependency_profile,13,scc:0084,scc:0259,1,"{""recipe_input"":1}",2229
end_product_dependency_profile,14,scc:0084,scc:0291,1,"{""recipe_input"":1}",1799
end_product_dependency_profile,15,scc:0084,scc:0464,1,"{""research_input"":1}",772
end_product_dependency_profile,16,scc:0084,scc:0489,1,"{""research_input"":1}",919
end_product_dependency_profile,17,scc:0085,scc:0288,1,"{""recipe_input"":1}",1796
end_product_dependency_profile,18,scc:0086,scc:0298,1,"{""recipe_input"":1}",1850
end_product_dependency_profile,19,scc:0087,scc:0100,1,"{""recipe_input"":1}",1950
end_product_dependency_profile,20,scc:0088,scc:0100,1,"{""recipe_input"":1}",1952
end_product_dependency_profile,21,scc:0089,scc:0100,1,"{""recipe_input"":1}",1839
end_product_dependency_profile,22,scc:0089,scc:0244,1,"{""recipe_input"":1}",2165
end_product_dependency_profile,23,scc:0089,scc:0324,1,"{""recipe_input"":1}",1974
end_product_dependency_profile,24,scc:0090,scc:0100,1,"{""recipe_input"":1}",1858
end_product_dependency_profile,25,scc:0091,scc:0100,1,"{""recipe_input"":1}",2092
end_product_dependency_profile,26,scc:0091,scc:0241,1,"{""recipe_input"":1}",2149
end_product_dependency_profile,27,scc:0092,scc:0100,1,"{""recipe_input"":1}",1928
end_product_dependency_profile,28,scc:0092,scc:0464,1,"{""research_input"":1}",771
end_product_dependency_profile,29,scc:0093,scc:0100,1,"{""recipe_input"":1}",1929
end_product_dependency_profile,30,scc:0095,scc:0100,1,"{""recipe_input"":1}",2106
end_product_dependency_profile,31,scc:0095,scc:0228,1,"{""recipe_input"":1}",1773
end_product_dependency_profile,32,scc:0095,scc:0240,1,"{""recipe_input"":1}",2140
end_product_dependency_profile,33,scc:0095,scc:0242,1,"{""recipe_input"":1}",2151
end_product_dependency_profile,34,scc:0095,scc:0247,1,"{""recipe_input"":1}",2176
end_product_dependency_profile,35,scc:0095,scc:0248,1,"{""recipe_input"":1}",2180
end_product_dependency_profile,36,scc:0095,scc:0250,1,"{""recipe_input"":1}",2189
end_product_dependency_profile,37,scc:0095,scc:0274,1,"{""recipe_input"":1}",2281
end_product_dependency_profile,38,scc:0095,scc:0290,1,"{""recipe_input"":1}",2351
end_product_dependency_profile,39,scc:0095,scc:0306,1,"{""recipe_input"":1}",1894
end_product_dependency_profile,40,scc:0095,scc:0309,1,"{""recipe_input"":1}",1906
end_product_dependency_profile,41,scc:0095,scc:0310,1,"{""recipe_input"":1}",1911
end_product_dependency_profile,42,scc:0095,scc:0311,1,"{""recipe_input"":1}",1758
end_product_dependency_profile,43,scc:0095,scc:0312,1,"{""recipe_input"":1}",1916
end_product_dependency_profile,44,scc:0095,scc:0315,1,"{""recipe_input"":1}",1935
end_product_dependency_profile,45,scc:0095,scc:0319,1,"{""recipe_input"":1}",1954
end_product_dependency_profile,46,scc:0095,scc:0320,1,"{""recipe_input"":1}",1956
end_product_dependency_profile,47,scc:0095,scc:0325,1,"{""recipe_input"":1}",1763
end_product_dependency_profile,48,scc:0095,scc:0331,1,"{""recipe_input"":1}",2005
end_product_dependency_profile,49,scc:0095,scc:0335,1,"{""recipe_input"":1}",1767
end_product_dependency_profile,50,scc:0095,scc:0340,1,"{""recipe_input"":1}",2035
end_product_dependency_profile,51,scc:0095,scc:0341,1,"{""recipe_input"":1}",2038
end_product_dependency_profile,52,scc:0095,scc:0342,1,"{""recipe_input"":1}",2041
end_product_dependency_profile,53,scc:0095,scc:0343,1,"{""recipe_input"":1}",2044
end_product_dependency_profile,54,scc:0095,scc:0351,1,"{""recipe_input"":1}",2069
end_product_dependency_profile,55,scc:0095,scc:0354,1,"{""recipe_input"":1}",2081
end_product_dependency_profile,56,scc:0095,scc:0436,1,"{""research_input"":1}",597
end_product_dependency_profile,57,scc:0096,scc:0229,1,"{""recipe_input"":1}",2102
end_product_dependency_profile,58,scc:0096,scc:0269,1,"{""recipe_input"":1}",2259
end_product_dependency_profile,59,scc:0096,scc:0318,1,"{""recipe_input"":1}",1760
end_product_dependency_profile,60,scc:0097,scc:0234,1,"{""recipe_input"":1}",2117
end_product_dependency_profile,61,scc:0097,scc:0236,1,"{""recipe_input"":1}",2122
end_product_dependency_profile,62,scc:0097,scc:0238,1,"{""recipe_input"":1}",2133
end_product_dependency_profile,63,scc:0097,scc:0243,1,"{""recipe_input"":1}",2156
end_product_dependency_profile,64,scc:0097,scc:0246,1,"{""recipe_input"":1}",2167
end_product_dependency_profile,65,scc:0097,scc:0251,1,"{""recipe_input"":1}",2194
end_product_dependency_profile,66,scc:0097,scc:0252,1,"{""recipe_input"":1}",2199
end_product_dependency_profile,67,scc:0097,scc:0254,1,"{""recipe_input"":1}",2210
end_product_dependency_profile,68,scc:0097,scc:0257,1,"{""recipe_input"":1}",2221
end_product_dependency_profile,69,scc:0097,scc:0258,1,"{""recipe_input"":1}",2224
end_product_dependency_profile,70,scc:0097,scc:0266,1,"{""recipe_input"":1}",1786
end_product_dependency_profile,71,scc:0097,scc:0277,1,"{""recipe_input"":1}",1791
end_product_dependency_profile,72,scc:0097,scc:0280,1,"{""recipe_input"":1}",2309
end_product_dependency_profile,73,scc:0097,scc:0285,1,"{""recipe_input"":1}",2334
end_product_dependency_profile,74,scc:0097,scc:0294,1,"{""recipe_input"":1}",1807
end_product_dependency_profile,75,scc:0097,scc:0296,1,"{""recipe_input"":1}",1813
end_product_dependency_profile,76,scc:0097,scc:0321,1,"{""recipe_input"":1}",1964
end_product_dependency_profile,77,scc:0097,scc:0327,1,"{""recipe_input"":1}",1980
end_product_dependency_profile,78,scc:0097,scc:0328,1,"{""recipe_input"":1}",1985
end_product_dependency_profile,79,scc:0097,scc:0332,1,"{""recipe_input"":1}",2010
end_product_dependency_profile,80,scc:0097,scc:0348,1,"{""recipe_input"":1}",2057
end_product_dependency_profile,81,scc:0097,scc:0350,1,"{""recipe_input"":1}",2064
end_product_dependency_profile,82,scc:0097,scc:0450,1,"{""research_input"":1}",689
end_product_dependency_profile,83,scc:0098,scc:0100,2,"{""recipe_input"":2}",2089|2093
end_product_dependency_profile,84,scc:0098,scc:0230,1,"{""recipe_input"":1}",2307
end_product_dependency_profile,85,scc:0098,scc:0243,1,"{""recipe_input"":1}",2157
end_product_dependency_profile,86,scc:0098,scc:0256,1,"{""recipe_input"":1}",2215
end_product_dependency_profile,87,scc:0098,scc:0262,1,"{""recipe_input"":1}",2239
end_product_dependency_profile,88,scc:0098,scc:0265,1,"{""recipe_input"":1}",2247
end_product_dependency_profile,89,scc:0098,scc:0271,1,"{""recipe_input"":1}",2267
end_product_dependency_profile,90,scc:0098,scc:0294,1,"{""recipe_input"":1}",1808
end_product_dependency_profile,91,scc:0098,scc:0312,1,"{""recipe_input"":1}",1917
end_product_dependency_profile,92,scc:0098,scc:0314,1,"{""recipe_input"":1}",1926
end_product_dependency_profile,93,scc:0098,scc:0318,1,"{""recipe_input"":1}",1761
end_product_dependency_profile,94,scc:0098,scc:0322,1,"{""recipe_input"":1}",1967
end_product_dependency_profile,95,scc:0098,scc:0436,1,"{""research_input"":1}",598
end_product_dependency_profile,96,scc:0099,scc:0100,1,"{""recipe_input"":1}",1864
end_product_dependency_profile,97,scc:0099,scc:0314,1,"{""recipe_input"":1}",1925
end_product_dependency_profile,98,scc:0099,scc:0322,1,"{""recipe_input"":1}",1968
end_product_dependency_profile,99,scc:0099,scc:0328,1,"{""recipe_input"":1}",1986
end_product_dependency_profile,100,scc:0099,scc:0336,1,"{""recipe_input"":1}",2020
end_product_dependency_profile,101,scc:0100,scc:0105,1,"{""recipe_output"":1}",1996
end_product_dependency_profile,102,scc:0100,scc:0229,3,"{""recipe_input"":2,""unlocks_recipe"":1}",425|2101|2103
end_product_dependency_profile,103,scc:0100,scc:0232,1,"{""recipe_input"":1}",2112
end_product_dependency_profile,104,scc:0100,scc:0233,1,"{""recipe_input"":1}",2115
end_product_dependency_profile,105,scc:0100,scc:0236,1,"{""unlocks_recipe"":1}",105
end_product_dependency_profile,106,scc:0100,scc:0239,1,"{""recipe_input"":1}",2137
end_product_dependency_profile,107,scc:0100,scc:0241,1,"{""recipe_input"":1}",2148
end_product_dependency_profile,108,scc:0100,scc:0244,1,"{""recipe_input"":1}",2164
end_product_dependency_profile,109,scc:0100,scc:0249,3,"{""recipe_input"":3}",2185|2186|2187
end_product_dependency_profile,110,scc:0100,scc:0253,1,"{""recipe_input"":1}",2205
end_product_dependency_profile,111,scc:0100,scc:0256,1,"{""recipe_input"":1}",2217
end_product_dependency_profile,112,scc:0100,scc:0257,1,"{""recipe_input"":1}",2222
end_product_dependency_profile,113,scc:0100,scc:0258,2,"{""recipe_input"":2}",2225|2227
end_product_dependency_profile,114,scc:0100,scc:0260,2,"{""recipe_input"":2}",2232|2233
end_product_dependency_profile,115,scc:0100,scc:0261,2,"{""recipe_input"":2}",2236|2237
end_product_dependency_profile,116,scc:0100,scc:0263,1,"{""recipe_input"":1}",2242
end_product_dependency_profile,117,scc:0100,scc:0267,1,"{""recipe_input"":1}",2251
end_product_dependency_profile,118,scc:0100,scc:0269,2,"{""recipe_input"":2}",2258|2260
end_product_dependency_profile,119,scc:0100,scc:0270,2,"{""recipe_input"":2}",2263|2264
end_product_dependency_profile,120,scc:0100,scc:0273,1,"{""recipe_input"":1}",2279
end_product_dependency_profile,121,scc:0100,scc:0275,1,"{""recipe_input"":1}",2287
end_product_dependency_profile,122,scc:0100,scc:0276,2,"{""recipe_input"":2}",2292|2294
end_product_dependency_profile,123,scc:0100,scc:0278,1,"{""recipe_input"":1}",2299
end_product_dependency_profile,124,scc:0100,scc:0279,1,"{""recipe_input"":1}",2304
end_product_dependency_profile,125,scc:0100,scc:0281,1,"{""recipe_input"":1}",2317
end_product_dependency_profile,126,scc:0100,scc:0282,1,"{""recipe_input"":1}",2322
end_product_dependency_profile,127,scc:0100,scc:0283,1,"{""recipe_input"":1}",2327
end_product_dependency_profile,128,scc:0100,scc:0284,1,"{""recipe_input"":1}",2331
end_product_dependency_profile,129,scc:0100,scc:0286,2,"{""recipe_input"":2}",2339|2341
end_product_dependency_profile,130,scc:0100,scc:0287,1,"{""recipe_input"":1}",2345
end_product_dependency_profile,131,scc:0100,scc:0292,2,"{""recipe_input"":2}",1804|1805
end_product_dependency_profile,132,scc:0100,scc:0295,1,"{""recipe_input"":1}",1811
end_product_dependency_profile,133,scc:0100,scc:0300,2,"{""recipe_input"":1,""unlocks_recipe"":1}",117|1872
end_product_dependency_profile,134,scc:0100,scc:0302,1,"{""recipe_input"":1}",1878
end_product_dependency_profile,135,scc:0100,scc:0303,1,"{""recipe_input"":1}",1881
end_product_dependency_profile,136,scc:0100,scc:0304,1,"{""recipe_input"":1}",1887
end_product_dependency_profile,137,scc:0100,scc:0305,1,"{""recipe_input"":1}",1890
end_product_dependency_profile,138,scc:0100,scc:0307,1,"{""recipe_input"":1}",1899
end_product_dependency_profile,139,scc:0100,scc:0308,2,"{""recipe_input"":2}",1903|1904
end_product_dependency_profile,140,scc:0100,scc:0321,2,"{""recipe_input"":2}",1963|1965
end_product_dependency_profile,141,scc:0100,scc:0323,1,"{""unlocks_recipe"":1}",263
end_product_dependency_profile,142,scc:0100,scc:0324,1,"{""unlocks_recipe"":1}",264
end_product_dependency_profile,143,scc:0100,scc:0326,2,"{""recipe_input"":1,""unlocks_recipe"":1}",269|1977
end_product_dependency_profile,144,scc:0100,scc:0327,1,"{""unlocks_recipe"":1}",270
end_product_dependency_profile,145,scc:0100,scc:0328,1,"{""unlocks_recipe"":1}",274
end_product_dependency_profile,146,scc:0100,scc:0330,4,"{""recipe_input"":4}",1999|2000|2001|2002
end_product_dependency_profile,147,scc:0100,scc:0331,1,"{""recipe_input"":1}",2007
end_product_dependency_profile,148,scc:0100,scc:0332,1,"{""recipe_input"":1}",2012
end_product_dependency_profile,149,scc:0100,scc:0333,2,"{""recipe_input"":1,""unlocks_recipe"":1}",414|2014
end_product_dependency_profile,150,scc:0100,scc:0334,2,"{""recipe_input"":1,""unlocks_recipe"":1}",421|2016
end_product_dependency_profile,151,scc:0100,scc:0336,1,"{""recipe_input"":1}",2018
end_product_dependency_profile,152,scc:0100,scc:0338,2,"{""recipe_input"":2}",2028|2029
end_product_dependency_profile,153,scc:0100,scc:0339,1,"{""recipe_input"":1}",2033
end_product_dependency_profile,154,scc:0100,scc:0345,1,"{""recipe_input"":1}",2052
end_product_dependency_profile,155,scc:0100,scc:0347,1,"{""recipe_input"":1}",2055
end_product_dependency_profile,156,scc:0100,scc:0349,1,"{""recipe_input"":1}",2062
end_product_dependency_profile,157,scc:0100,scc:0350,2,"{""recipe_input"":2}",2065|2067
end_product_dependency_profile,158,scc:0100,scc:0352,1,"{""recipe_input"":1}",2075
end_product_dependency_profile,159,scc:0100,scc:0362,1,"{""research_input"":1}",44
end_product_dependency_profile,160,scc:0100,scc:0363,1,"{""research_input"":1}",47
end_product_dependency_profile,161,scc:0100,scc:0364,1,"{""research_input"":1}",50
end_product_dependency_profile,162,scc:0100,scc:0368,4,"{""research_input"":4}",126|127|128|129
end_product_dependency_profile,163,scc:0100,scc:0369,3,"{""pretech_explicit"":1,""research_input"":2}",131|132|133
end_product_dependency_profile,164,scc:0100,scc:0371,1,"{""research_input"":1}",144
end_product_dependency_profile,165,scc:0100,scc:0372,3,"{""pretech_explicit"":1,""research_input"":2}",147|149|150
end_product_dependency_profile,166,scc:0100,scc:0374,1,"{""research_input"":1}",160
end_product_dependency_profile,167,scc:0100,scc:0375,4,"{""pretech_explicit"":1,""research_input"":3}",164|166|167|168
end_product_dependency_profile,168,scc:0100,scc:0377,5,"{""pretech_explicit"":1,""research_input"":4}",180|182|183|184|185
end_product_dependency_profile,169,scc:0100,scc:0378,5,"{""pretech_explicit"":2,""research_input"":3}",187|188|190|191|192
end_product_dependency_profile,170,scc:0100,scc:0384,3,"{""pretech_explicit"":1,""research_input"":2}",232|234|235
end_product_dependency_profile,171,scc:0100,scc:0386,3,"{""pretech_explicit"":1,""research_input"":2}",240|243|244
end_product_dependency_profile,172,scc:0100,scc:0387,5,"{""pretech_explicit"":1,""pretech_implicit"":1,""research_input"":3}",247|248|250|251|252
end_product_dependency_profile,173,scc:0100,scc:0389,5,"{""pretech_explicit"":1,""research_input"":4}",289|291|292|293|294
end_product_dependency_profile,174,scc:0100,scc:0391,3,"{""pretech_explicit"":1,""pretech_implicit"":1,""research_input"":1}",299|301|303
end_product_dependency_profile,175,scc:0100,scc:0392,2,"{""research_input"":2}",308|309
end_product_dependency_profile,176,scc:0100,scc:0393,3,"{""pretech_explicit"":1,""pretech_implicit"":1,""research_input"":1}",311|312|314
end_product_dependency_profile,177,scc:0100,scc:0394,3,"{""pretech_explicit"":1,""pretech_implicit"":1,""research_input"":1}",316|317|319
end_product_dependency_profile,178,scc:0100,scc:0395,4,"{""pretech_implicit"":1,""research_input"":3}",323|325|326|327
end_product_dependency_profile,179,scc:0100,scc:0396,4,"{""research_input"":4}",332|333|334|335
end_product_dependency_profile,180,scc:0100,scc:0399,2,"{""pretech_implicit"":1,""research_input"":1}",354|356
end_product_dependency_profile,181,scc:0100,scc:0400,1,"{""research_input"":1}",364
end_product_dependency_profile,182,scc:0100,scc:0401,2,"{""research_input"":2}",372|373
end_product_dependency_profile,183,scc:0100,scc:0402,2,"{""research_input"":2}",379|380
end_product_dependency_profile,184,scc:0100,scc:0403,3,"{""pretech_implicit"":1,""research_input"":2}",383|385|386
end_product_dependency_profile,185,scc:0100,scc:0404,2,"{""pretech_implicit"":1,""research_input"":1}",390|392
end_product_dependency_profile,186,scc:0100,scc:0406,3,"{""pretech_explicit"":1,""research_input"":2}",427|430|431
end_product_dependency_profile,187,scc:0100,scc:0409,2,"{""pretech_explicit"":1,""research_input"":1}",442|444
end_product_dependency_profile,188,scc:0100,scc:0410,4,"{""pretech_explicit"":1,""research_input"":3}",446|448|449|450
end_product_dependency_profile,189,scc:0100,scc:0413,2,"{""pretech_implicit"":1,""research_input"":1}",462|464
end_product_dependency_profile,190,scc:0100,scc:0414,1,"{""research_input"":1}",470
end_product_dependency_profile,191,scc:0100,scc:0415,2,"{""pretech_implicit"":1,""research_input"":1}",473|475
end_product_dependency_profile,192,scc:0100,scc:0416,1,"{""research_input"":1}",481
end_product_dependency_profile,193,scc:0100,scc:0417,4,"{""pretech_implicit"":1,""research_input"":3}",485|487|488|489
end_product_dependency_profile,194,scc:0100,scc:0418,2,"{""pretech_implicit"":1,""research_input"":1}",494|496
end_product_dependency_profile,195,scc:0100,scc:0419,2,"{""research_input"":2}",501|502
end_product_dependency_profile,196,scc:0100,scc:0420,2,"{""pretech_implicit"":1,""research_input"":1}",505|507
end_product_dependency_profile,197,scc:0100,scc:0421,2,"{""research_input"":2}",512|513
end_product_dependency_profile,198,scc:0100,scc:0422,3,"{""research_input"":3}",518|519|520
end_product_dependency_profile,199,scc:0100,scc:0423,5,"{""pretech_implicit"":1,""research_input"":4}",523|525|526|527|528
end_product_dependency_profile,200,scc:0100,scc:0424,4,"{""research_input"":4}",533|534|535|536
end_product_dependency_profile,201,scc:0100,scc:0426,2,"{""pretech_implicit"":1,""research_input"":1}",545|547
end_product_dependency_profile,202,scc:0100,scc:0427,3,"{""pretech_implicit"":1,""research_input"":2}",550|552|553
end_product_dependency_profile,203,scc:0100,scc:0428,3,"{""research_input"":3}",558|559|560
end_product_dependency_profile,204,scc:0100,scc:0429,4,"{""research_input"":4}",567|568|569|570
end_product_dependency_profile,205,scc:0100,scc:0430,2,"{""research_input"":2}",574|575
end_product_dependency_profile,206,scc:0100,scc:0432,1,"{""pretech_explicit"":1}",581
end_product_dependency_profile,207,scc:0100,scc:0437,1,"{""research_input"":1}",604
end_product_dependency_profile,208,scc:0100,scc:0438,2,"{""research_input"":2}",611|612
end_product_dependency_profile,209,scc:0100,scc:0439,3,"{""research_input"":3}",619|620|621
end_product_dependency_profile,210,scc:0100,scc:0440,4,"{""research_input"":4}",628|629|630|631
end_product_dependency_profile,211,scc:0100,scc:0443,1,"{""research_input"":1}",647
end_product_dependency_profile,212,scc:0100,scc:0444,1,"{""research_input"":1}",652
end_product_dependency_profile,213,scc:0100,scc:0445,2,"{""research_input"":2}",657|658
end_product_dependency_profile,214,scc:0100,scc:0446,2,"{""research_input"":2}",663|664
end_product_dependency_profile,215,scc:0100,scc:0447,3,"{""research_input"":3}",669|670|671
end_product_dependency_profile,216,scc:0100,scc:0448,3,"{""research_input"":3}",676|677|678
end_product_dependency_profile,217,scc:0100,scc:0449,4,"{""research_input"":4}",683|684|685|686
end_product_dependency_profile,218,scc:0100,scc:0451,1,"{""research_input"":1}",695
end_product_dependency_profile,219,scc:0100,scc:0452,2,"{""research_input"":2}",700|701
end_product_dependency_profile,220,scc:0100,scc:0453,2,"{""research_input"":2}",707|708
end_product_dependency_profile,221,scc:0100,scc:0454,2,"{""research_input"":2}",715|716
end_product_dependency_profile,222,scc:0100,scc:0455,4,"{""research_input"":4}",722|723|724|725
end_product_dependency_profile,223,scc:0100,scc:0458,1,"{""research_input"":1}",738
end_product_dependency_profile,224,scc:0100,scc:0459,1,"{""research_input"":1}",743
end_product_dependency_profile,225,scc:0100,scc:0460,2,"{""research_input"":2}",748|749
end_product_dependency_profile,226,scc:0100,scc:0461,3,"{""research_input"":3}",754|755|756
end_product_dependency_profile,227,scc:0100,scc:0462,4,"{""research_input"":4}",761|762|763|764
end_product_dependency_profile,228,scc:0100,scc:0464,1,"{""research_input"":1}",773
end_product_dependency_profile,229,scc:0100,scc:0465,1,"{""research_input"":1}",778
end_product_dependency_profile,230,scc:0100,scc:0466,2,"{""research_input"":2}",783|784
end_product_dependency_profile,231,scc:0100,scc:0467,2,"{""research_input"":2}",789|790
end_product_dependency_profile,232,scc:0100,scc:0468,4,"{""research_input"":4}",795|796|797|798
end_product_dependency_profile,233,scc:0100,scc:0471,1,"{""research_input"":1}",810
end_product_dependency_profile,234,scc:0100,scc:0472,2,"{""research_input"":2}",815|816
end_product_dependency_profile,235,scc:0100,scc:0473,3,"{""research_input"":3}",821|822|823
end_product_dependency_profile,236,scc:0100,scc:0474,4,"{""research_input"":4}",828|829|830|831
end_product_dependency_profile,237,scc:0100,scc:0478,1,"{""research_input"":1}",849
end_product_dependency_profile,238,scc:0100,scc:0479,2,"{""research_input"":2}",855|856
end_product_dependency_profile,239,scc:0100,scc:0480,3,"{""research_input"":3}",862|863|864
end_product_dependency_profile,240,scc:0100,scc:0481,4,"{""research_input"":4}",870|871|872|873
end_product_dependency_profile,241,scc:0100,scc:0483,1,"{""research_input"":1}",883
end_product_dependency_profile,242,scc:0100,scc:0484,2,"{""research_input"":2}",889|890
end_product_dependency_profile,243,scc:0100,scc:0485,3,"{""research_input"":3}",896|897|898
end_product_dependency_profile,244,scc:0100,scc:0486,4,"{""research_input"":4}",904|905|906|907
end_product_dependency_profile,245,scc:0100,scc:0490,1,"{""research_input"":1}",925
end_product_dependency_profile,246,scc:0100,scc:0491,2,"{""research_input"":2}",930|931
end_product_dependency_profile,247,scc:0100,scc:0492,3,"{""pretech_implicit"":1,""research_input"":2}",935|937|938
end_product_dependency_profile,248,scc:0100,scc:0493,3,"{""research_input"":3}",942|943|944
end_product_dependency_profile,249,scc:0100,scc:0496,1,"{""research_input"":1}",954
end_product_dependency_profile,250,scc:0100,scc:0497,2,"{""research_input"":2}",958|959
end_product_dependency_profile,251,scc:0100,scc:0498,3,"{""research_input"":3}",963|964|965
end_product_dependency_profile,252,scc:0100,scc:0499,4,"{""research_input"":4}",969|970|971|972
end_product_dependency_profile,253,scc:0100,scc:0501,3,"{""pretech_implicit"":1,""research_input"":2}",977|979|980
end_product_dependency_profile,254,scc:0100,scc:0502,2,"{""research_input"":2}",984|985
end_product_dependency_profile,255,scc:0100,scc:0503,2,"{""research_input"":2}",989|990
end_product_dependency_profile,256,scc:0100,scc:0504,3,"{""research_input"":3}",994|995|996
end_product_dependency_profile,257,scc:0100,scc:0505,3,"{""research_input"":3}",1000|1001|1002
end_product_dependency_profile,258,scc:0100,scc:0506,3,"{""research_input"":3}",1006|1007|1008
end_product_dependency_profile,259,scc:0100,scc:0507,3,"{""pretech_implicit"":1,""research_input"":2}",1052|1054|1055
end_product_dependency_profile,260,scc:0100,scc:0508,2,"{""research_input"":2}",1059|1060
end_product_dependency_profile,261,scc:0100,scc:0509,2,"{""research_input"":2}",1064|1065
end_product_dependency_profile,262,scc:0100,scc:0510,3,"{""research_input"":3}",1069|1070|1071
end_product_dependency_profile,263,scc:0100,scc:0511,3,"{""research_input"":3}",1075|1076|1077
end_product_dependency_profile,264,scc:0100,scc:0512,4,"{""research_input"":4}",1081|1082|1083|1084
end_product_dependency_profile,265,scc:0100,scc:0513,4,"{""research_input"":4}",1088|1089|1090|1091
end_product_dependency_profile,266,scc:0100,scc:0515,2,"{""research_input"":2}",1098|1099
end_product_dependency_profile,267,scc:0100,scc:0516,2,"{""research_input"":2}",1103|1104
end_product_dependency_profile,268,scc:0100,scc:0517,2,"{""research_input"":2}",1108|1109
end_product_dependency_profile,269,scc:0100,scc:0518,2,"{""research_input"":2}",1113|1114
end_product_dependency_profile,270,scc:0100,scc:0519,2,"{""research_input"":2}",1118|1119
end_product_dependency_profile,271,scc:0100,scc:0520,2,"{""research_input"":2}",1124|1125
end_product_dependency_profile,272,scc:0100,scc:0521,2,"{""research_input"":2}",1130|1131
end_product_dependency_profile,273,scc:0100,scc:0522,2,"{""research_input"":2}",1135|1136
end_product_dependency_profile,274,scc:0100,scc:0523,2,"{""research_input"":2}",1140|1141
end_product_dependency_profile,275,scc:0100,scc:0524,2,"{""research_input"":2}",1145|1146
end_product_dependency_profile,276,scc:0100,scc:0525,2,"{""research_input"":2}",1150|1151
end_product_dependency_profile,277,scc:0100,scc:0526,3,"{""research_input"":3}",1156|1157|1158
end_product_dependency_profile,278,scc:0100,scc:0527,2,"{""research_input"":2}",1189|1190
end_product_dependency_profile,279,scc:0100,scc:0528,2,"{""research_input"":2}",1195|1196
end_product_dependency_profile,280,scc:0100,scc:0529,2,"{""research_input"":2}",1202|1203
end_product_dependency_profile,281,scc:0100,scc:0530,3,"{""research_input"":3}",1210|1211|1212
end_product_dependency_profile,282,scc:0100,scc:0531,4,"{""research_input"":4}",1219|1220|1221|1222
end_product_dependency_profile,283,scc:0100,scc:0532,4,"{""research_input"":4}",1228|1229|1230|1231
end_product_dependency_profile,284,scc:0100,scc:0534,2,"{""research_input"":2}",1242|1243
end_product_dependency_profile,285,scc:0100,scc:0535,2,"{""research_input"":2}",1248|1249
end_product_dependency_profile,286,scc:0100,scc:0536,2,"{""research_input"":2}",1255|1256
end_product_dependency_profile,287,scc:0100,scc:0537,2,"{""research_input"":2}",1262|1263
end_product_dependency_profile,288,scc:0100,scc:0538,3,"{""research_input"":3}",1269|1270|1271
end_product_dependency_profile,289,scc:0100,scc:0539,3,"{""research_input"":3}",1277|1278|1279
end_product_dependency_profile,290,scc:0100,scc:0540,4,"{""research_input"":4}",1285|1286|1287|1288
end_product_dependency_profile,291,scc:0100,scc:0541,4,"{""research_input"":4}",1294|1295|1296|1297
end_product_dependency_profile,292,scc:0100,scc:0544,1,"{""research_input"":1}",1325
end_product_dependency_profile,293,scc:0100,scc:0545,2,"{""research_input"":2}",1331|1332
end_product_dependency_profile,294,scc:0100,scc:0546,3,"{""research_input"":3}",1338|1339|1340
end_product_dependency_profile,295,scc:0100,scc:0547,3,"{""research_input"":3}",1346|1347|1348
end_product_dependency_profile,296,scc:0100,scc:0548,4,"{""research_input"":4}",1354|1355|1356|1357
end_product_dependency_profile,297,scc:0100,scc:0550,1,"{""research_input"":1}",1367
end_product_dependency_profile,298,scc:0100,scc:0551,1,"{""research_input"":1}",1371
end_product_dependency_profile,299,scc:0100,scc:0552,2,"{""research_input"":2}",1375|1376
end_product_dependency_profile,300,scc:0100,scc:0553,2,"{""research_input"":2}",1381|1382
end_product_dependency_profile,301,scc:0100,scc:0554,2,"{""research_input"":2}",1387|1388
end_product_dependency_profile,302,scc:0100,scc:0555,3,"{""research_input"":3}",1393|1394|1395
end_product_dependency_profile,303,scc:0100,scc:0559,2,"{""pretech_implicit"":1,""research_input"":1}",1398|1399
end_product_dependency_profile,304,scc:0100,scc:0560,1,"{""research_input"":1}",1402
end_product_dependency_profile,305,scc:0100,scc:0561,1,"{""research_input"":1}",1405
end_product_dependency_profile,306,scc:0100,scc:0563,1,"{""research_input"":1}",1162
end_product_dependency_profile,307,scc:0100,scc:0564,2,"{""research_input"":2}",1166|1167
end_product_dependency_profile,308,scc:0100,scc:0565,2,"{""research_input"":2}",1171|1172
end_product_dependency_profile,309,scc:0100,scc:0566,3,"{""research_input"":3}",1176|1177|1178
end_product_dependency_profile,310,scc:0100,scc:0567,4,"{""research_input"":4}",1182|1183|1184|1185
end_product_dependency_profile,311,scc:0100,scc:0570,2,"{""research_input"":2}",1418|1419
end_product_dependency_profile,312,scc:0100,scc:0571,3,"{""research_input"":3}",1423|1424|1425
end_product_dependency_profile,313,scc:0100,scc:0572,4,"{""research_input"":4}",1012|1013|1014|1015
end_product_dependency_profile,314,scc:0100,scc:0573,4,"{""research_input"":4}",1019|1020|1021|1022
end_product_dependency_profile,315,scc:0100,scc:0574,4,"{""research_input"":4}",1026|1027|1028|1029
end_product_dependency_profile,316,scc:0100,scc:0575,4,"{""research_input"":4}",1033|1034|1035|1036
end_product_dependency_profile,317,scc:0100,scc:0576,4,"{""research_input"":4}",1040|1041|1042|1043
end_product_dependency_profile,318,scc:0100,scc:0577,4,"{""research_input"":4}",1047|1048|1049|1050
end_product_dependency_profile,319,scc:0100,scc:0579,1,"{""research_input"":1}",1432
end_product_dependency_profile,320,scc:0100,scc:0580,2,"{""research_input"":2}",1436|1437
end_product_dependency_profile,321,scc:0100,scc:0581,3,"{""research_input"":3}",1441|1442|1443
end_product_dependency_profile,322,scc:0100,scc:0582,4,"{""research_input"":4}",1447|1448|1449|1450
end_product_dependency_profile,323,scc:0100,scc:0585,1,"{""research_input"":1}",1460
end_product_dependency_profile,324,scc:0100,scc:0586,2,"{""research_input"":2}",1464|1465
end_product_dependency_profile,325,scc:0100,scc:0587,3,"{""research_input"":3}",1469|1470|1471
end_product_dependency_profile,326,scc:0100,scc:0588,4,"{""research_input"":4}",1475|1476|1477|1478
end_product_dependency_profile,327,scc:0100,scc:0591,1,"{""research_input"":1}",1488
end_product_dependency_profile,328,scc:0100,scc:0592,2,"{""research_input"":2}",1492|1493
end_product_dependency_profile,329,scc:0100,scc:0593,3,"{""research_input"":3}",1497|1498|1499
end_product_dependency_profile,330,scc:0100,scc:0594,4,"{""research_input"":4}",1503|1504|1505|1506
end_product_dependency_profile,331,scc:0100,scc:0596,1,"{""research_input"":1}",1513
end_product_dependency_profile,332,scc:0100,scc:0597,2,"{""research_input"":2}",1517|1518
end_product_dependency_profile,333,scc:0100,scc:0598,3,"{""research_input"":3}",1522|1523|1524
end_product_dependency_profile,334,scc:0100,scc:0599,4,"{""research_input"":4}",1529|1530|1531|1532
end_product_dependency_profile,335,scc:0100,scc:0601,1,"{""research_input"":1}",1541
end_product_dependency_profile,336,scc:0100,scc:0602,2,"{""research_input"":2}",1545|1546
end_product_dependency_profile,337,scc:0100,scc:0603,3,"{""research_input"":3}",1550|1551|1552
end_product_dependency_profile,338,scc:0100,scc:0604,4,"{""research_input"":4}",1557|1558|1559|1560
end_product_dependency_profile,339,scc:0100,scc:0606,1,"{""research_input"":1}",1569
end_product_dependency_profile,340,scc:0100,scc:0607,2,"{""research_input"":2}",1573|1574
end_product_dependency_profile,341,scc:0100,scc:0608,3,"{""research_input"":3}",1578|1579|1580
end_product_dependency_profile,342,scc:0100,scc:0609,4,"{""research_input"":4}",1585|1586|1587|1588
end_product_dependency_profile,343,scc:0100,scc:0611,2,"{""research_input"":2}",1597|1598
end_product_dependency_profile,344,scc:0100,scc:0612,2,"{""research_input"":2}",1602|1603
end_product_dependency_profile,345,scc:0100,scc:0613,3,"{""research_input"":3}",1607|1608|1609
end_product_dependency_profile,346,scc:0100,scc:0614,4,"{""research_input"":4}",1613|1614|1615|1616
end_product_dependency_profile,347,scc:0100,scc:0616,1,"{""research_input"":1}",1623
end_product_dependency_profile,348,scc:0100,scc:0617,2,"{""research_input"":2}",1627|1628
end_product_dependency_profile,349,scc:0100,scc:0618,3,"{""research_input"":3}",1632|1633|1634
end_product_dependency_profile,350,scc:0100,scc:0619,3,"{""research_input"":3}",1638|1639|1640
end_product_dependency_profile,351,scc:0100,scc:0620,4,"{""research_input"":4}",1644|1645|1646|1647
end_product_dependency_profile,352,scc:0100,scc:0623,3,"{""research_input"":3}",1657|1658|1659
end_product_dependency_profile,353,scc:0100,scc:0624,3,"{""research_input"":3}",1663|1664|1665
end_product_dependency_profile,354,scc:0100,scc:0625,3,"{""research_input"":3}",1669|1670|1671
end_product_dependency_profile,355,scc:0100,scc:0626,4,"{""research_input"":4}",1675|1676|1677|1678
end_product_dependency_profile,356,scc:0100,scc:0627,4,"{""research_input"":4}",1682|1683|1684|1685
end_product_dependency_profile,357,scc:0100,scc:0631,1,"{""research_input"":1}",1698
end_product_dependency_profile,358,scc:0100,scc:0632,2,"{""research_input"":2}",1702|1703
end_product_dependency_profile,359,scc:0100,scc:0633,3,"{""research_input"":3}",1707|1708|1709
end_product_dependency_profile,360,scc:0100,scc:0634,4,"{""research_input"":4}",1713|1714|1715|1716
end_product_dependency_profile,361,scc:0100,scc:0636,1,"{""research_input"":1}",1723
end_product_dependency_profile,362,scc:0100,scc:0637,1,"{""research_input"":1}",1727
end_product_dependency_profile,363,scc:0100,scc:0638,2,"{""research_input"":2}",1731|1732
end_product_dependency_profile,364,scc:0100,scc:0639,3,"{""research_input"":3}",1736|1737|1738
end_product_dependency_profile,365,scc:0100,scc:0640,4,"{""research_input"":4}",1742|1743|1744|1745
end_product_dependency_profile,366,scc:0101,scc:0239,1,"{""recipe_input"":1}",2135
end_product_dependency_profile,367,scc:0101,scc:0244,1,"{""recipe_input"":1}",2161
end_product_dependency_profile,368,scc:0101,scc:0253,1,"{""recipe_input"":1}",2204
end_product_dependency_profile,369,scc:0101,scc:0264,1,"{""recipe_input"":1}",2245
end_product_dependency_profile,370,scc:0101,scc:0268,1,"{""recipe_input"":1}",2255
end_product_dependency_profile,371,scc:0101,scc:0278,1,"{""recipe_input"":1}",2296
end_product_dependency_profile,372,scc:0101,scc:0295,1,"{""recipe_input"":1}",1810
end_product_dependency_profile,373,scc:0101,scc:0300,1,"{""recipe_input"":1}",1869
end_product_dependency_profile,374,scc:0101,scc:0302,1,"{""recipe_input"":1}",1877
end_product_dependency_profile,375,scc:0101,scc:0304,1,"{""recipe_input"":1}",1884
end_product_dependency_profile,376,scc:0101,scc:0305,1,"{""recipe_input"":1}",1892
end_product_dependency_profile,377,scc:0101,scc:0332,1,"{""recipe_input"":1}",2009
end_product_dependency_profile,378,scc:0101,scc:0336,1,"{""recipe_input"":1}",2019
end_product_dependency_profile,379,scc:0101,scc:0338,1,"{""recipe_input"":1}",2026
end_product_dependency_profile,380,scc:0101,scc:0352,1,"{""recipe_input"":1}",2074
end_product_dependency_profile,381,scc:0101,scc:0353,1,"{""recipe_input"":1}",2077
end_product_dependency_profile,382,scc:0102,scc:0236,1,"{""recipe_input"":1}",2123
end_product_dependency_profile,383,scc:0102,scc:0238,1,"{""recipe_input"":1}",2132
end_product_dependency_profile,384,scc:0102,scc:0240,1,"{""recipe_input"":1}",2141
end_product_dependency_profile,385,scc:0102,scc:0266,1,"{""recipe_input"":1}",1787
end_product_dependency_profile,386,scc:0102,scc:0277,1,"{""recipe_input"":1}",1792
end_product_dependency_profile,387,scc:0102,scc:0296,1,"{""recipe_input"":1}",1814
end_product_dependency_profile,388,scc:0102,scc:0310,1,"{""recipe_input"":1}",1912
end_product_dependency_profile,389,scc:0102,scc:0315,1,"{""recipe_input"":1}",1936
end_product_dependency_profile,390,scc:0102,scc:0320,1,"{""recipe_input"":1}",1957
end_product_dependency_profile,391,scc:0102,scc:0342,1,"{""recipe_input"":1}",2042
end_product_dependency_profile,392,scc:0102,scc:0348,1,"{""recipe_input"":1}",2058
end_product_dependency_profile,393,scc:0103,scc:0100,1,"{""recipe_input"":1}",1843
end_product_dependency_profile,394,scc:0103,scc:0228,1,"{""recipe_input"":1}",1774
end_product_dependency_profile,395,scc:0103,scc:0235,1,"{""recipe_input"":1}",1778
end_product_dependency_profile,396,scc:0103,scc:0236,1,"{""recipe_input"":1}",2124
end_product_dependency_profile,397,scc:0103,scc:0240,1,"{""recipe_input"":1}",2142
end_product_dependency_profile,398,scc:0103,scc:0242,1,"{""recipe_input"":1}",2153
end_product_dependency_profile,399,scc:0103,scc:0296,1,"{""recipe_input"":1}",1815
end_product_dependency_profile,400,scc:0104,scc:0245,1,"{""recipe_input"":1}",1781
end_product_dependency_profile,401,scc:0104,scc:0290,1,"{""recipe_input"":1}",2352
end_product_dependency_profile,402,scc:0104,scc:0323,1,"{""recipe_input"":1}",1971
end_product_dependency_profile,403,scc:0105,scc:0270,1,"{""recipe_input"":1}",2265
end_product_dependency_profile,404,scc:0105,scc:0305,1,"{""recipe_input"":1}",1889
end_product_dependency_profile,405,scc:0105,scc:0330,1,"{""recipe_input"":1}",2003
end_product_dependency_profile,406,scc:0106,scc:0241,1,"{""recipe_input"":1}",2147
end_product_dependency_profile,407,scc:0106,scc:0244,1,"{""recipe_input"":1}",2162
end_product_dependency_profile,408,scc:0106,scc:0279,1,"{""recipe_input"":1}",2301
end_product_dependency_profile,409,scc:0106,scc:0284,1,"{""recipe_input"":1}",2332
end_product_dependency_profile,410,scc:0106,scc:0300,1,"{""recipe_input"":1}",1870
end_product_dependency_profile,411,scc:0106,scc:0304,1,"{""recipe_input"":1}",1885
end_product_dependency_profile,412,scc:0106,scc:0329,1,"{""recipe_input"":1}",1993
end_product_dependency_profile,413,scc:0106,scc:0337,1,"{""recipe_input"":1}",2022
end_product_dependency_profile,414,scc:0106,scc:0338,1,"{""recipe_input"":1}",2027
end_product_dependency_profile,415,scc:0107,scc:0260,1,"{""recipe_input"":1}",2231
end_product_dependency_profile,416,scc:0107,scc:0265,1,"{""recipe_input"":1}",2248
end_product_dependency_profile,417,scc:0107,scc:0271,1,"{""recipe_input"":1}",2269
end_product_dependency_profile,418,scc:0108,scc:0261,1,"{""recipe_input"":1}",2235
end_product_dependency_profile,419,scc:0108,scc:0267,1,"{""recipe_input"":1}",2252
end_product_dependency_profile,420,scc:0108,scc:0272,1,"{""recipe_input"":1}",2274
end_product_dependency_profile,421,scc:0109,scc:0268,1,"{""recipe_input"":1}",2256
end_product_dependency_profile,422,scc:0109,scc:0273,1,"{""recipe_input"":1}",2278
end_product_dependency_profile,423,scc:0111,scc:0232,1,"{""recipe_input"":1}",2111
end_product_dependency_profile,424,scc:0112,scc:0233,1,"{""recipe_input"":1}",2114
end_product_dependency_profile,425,scc:0114,scc:0242,1,"{""recipe_input"":1}",2152
end_product_dependency_profile,426,scc:0114,scc:0246,1,"{""recipe_input"":1}",2168
end_product_dependency_profile,427,scc:0114,scc:0250,1,"{""recipe_input"":1}",2190
end_product_dependency_profile,428,scc:0114,scc:0306,1,"{""recipe_input"":1}",1895
end_product_dependency_profile,429,scc:0114,scc:0309,1,"{""recipe_input"":1}",1909
end_product_dependency_profile,430,scc:0114,scc:0320,1,"{""recipe_input"":1}",1958
end_product_dependency_profile,431,scc:0114,scc:0325,1,"{""recipe_input"":1}",1764
end_product_dependency_profile,432,scc:0114,scc:0327,1,"{""recipe_input"":1}",1981
end_product_dependency_profile,433,scc:0114,scc:0340,1,"{""recipe_input"":1}",2036
end_product_dependency_profile,434,scc:0114,scc:0343,1,"{""recipe_input"":1}",2045
end_product_dependency_profile,435,scc:0114,scc:0354,1,"{""recipe_input"":1}",2082
end_product_dependency_profile,436,scc:0114,scc:0373,1,"{""research_input"":1}",154
end_product_dependency_profile,437,scc:0114,scc:0397,1,"{""research_input"":1}",339
end_product_dependency_profile,438,scc:0115,scc:0100,1,"{""recipe_input"":1}",2086
end_product_dependency_profile,439,scc:0115,scc:0228,1,"{""recipe_input"":1}",1776
end_product_dependency_profile,440,scc:0115,scc:0230,1,"{""recipe_input"":1}",2306
end_product_dependency_profile,441,scc:0115,scc:0245,1,"{""recipe_input"":1}",1780
end_product_dependency_profile,442,scc:0115,scc:0250,1,"{""recipe_input"":1}",2192
end_product_dependency_profile,443,scc:0115,scc:0309,1,"{""recipe_input"":1}",1908
end_product_dependency_profile,444,scc:0115,scc:0315,1,"{""recipe_input"":1}",1938
end_product_dependency_profile,445,scc:0115,scc:0320,1,"{""recipe_input"":1}",1959
end_product_dependency_profile,446,scc:0115,scc:0325,1,"{""recipe_input"":1}",1765
end_product_dependency_profile,447,scc:0115,scc:0335,1,"{""recipe_input"":1}",1768
end_product_dependency_profile,448,scc:0115,scc:0346,1,"{""recipe_input"":1}",1770
end_product_dependency_profile,449,scc:0115,scc:0354,1,"{""recipe_input"":1}",2083
end_product_dependency_profile,450,scc:0115,scc:0356,1,"{""research_input"":1}",2
end_product_dependency_profile,451,scc:0115,scc:0357,1,"{""research_input"":1}",10
end_product_dependency_profile,452,scc:0115,scc:0380,1,"{""research_input"":1}",203
end_product_dependency_profile,453,scc:0116,scc:0100,1,"{""recipe_input"":1}",2085
end_product_dependency_profile,454,scc:0116,scc:0252,1,"{""recipe_input"":1}",2200
end_product_dependency_profile,455,scc:0116,scc:0254,1,"{""recipe_input"":1}",2211
end_product_dependency_profile,456,scc:0116,scc:0310,1,"{""recipe_input"":1}",1913
end_product_dependency_profile,457,scc:0116,scc:0344,1,"{""recipe_input"":1}",2049
end_product_dependency_profile,458,scc:0116,scc:0442,1,"{""research_input"":1}",642
end_product_dependency_profile,459,scc:0117,scc:0237,1,"{""recipe_input"":1}",2128
end_product_dependency_profile,460,scc:0117,scc:0239,1,"{""recipe_input"":1}",2136
end_product_dependency_profile,461,scc:0117,scc:0243,1,"{""recipe_input"":1}",2159
end_product_dependency_profile,462,scc:0117,scc:0244,1,"{""recipe_input"":1}",2163
end_product_dependency_profile,463,scc:0117,scc:0246,1,"{""recipe_input"":1}",2169
end_product_dependency_profile,464,scc:0117,scc:0252,1,"{""recipe_input"":1}",2202
end_product_dependency_profile,465,scc:0117,scc:0253,1,"{""recipe_input"":1}",2206
end_product_dependency_profile,466,scc:0117,scc:0258,1,"{""recipe_input"":1}",2226
end_product_dependency_profile,467,scc:0117,scc:0285,1,"{""recipe_input"":1}",2335
end_product_dependency_profile,468,scc:0117,scc:0287,1,"{""recipe_input"":1}",2344
end_product_dependency_profile,469,scc:0117,scc:0289,1,"{""recipe_input"":1}",2348
end_product_dependency_profile,470,scc:0117,scc:0300,1,"{""recipe_input"":1}",1871
end_product_dependency_profile,471,scc:0117,scc:0302,1,"{""recipe_input"":1}",1879
end_product_dependency_profile,472,scc:0117,scc:0327,1,"{""recipe_input"":1}",1983
end_product_dependency_profile,473,scc:0117,scc:0328,1,"{""recipe_input"":1}",1989
end_product_dependency_profile,474,scc:0117,scc:0329,1,"{""recipe_input"":1}",1992
end_product_dependency_profile,475,scc:0117,scc:0331,1,"{""recipe_input"":1}",2006
end_product_dependency_profile,476,scc:0117,scc:0349,1,"{""recipe_input"":1}",2061
end_product_dependency_profile,477,scc:0118,scc:0100,1,"{""recipe_input"":1}",1995
end_product_dependency_profile,478,scc:0120,scc:0228,1,"{""recipe_input"":1}",1775
end_product_dependency_profile,479,scc:0120,scc:0234,1,"{""recipe_input"":1}",2119
end_product_dependency_profile,480,scc:0120,scc:0242,1,"{""recipe_input"":1}",2154
end_product_dependency_profile,481,scc:0120,scc:0250,1,"{""recipe_input"":1}",2191
end_product_dependency_profile,482,scc:0120,scc:0251,1,"{""recipe_input"":1}",2196
end_product_dependency_profile,483,scc:0120,scc:0252,1,"{""recipe_input"":1}",2201
end_product_dependency_profile,484,scc:0120,scc:0254,1,"{""recipe_input"":1}",2212
end_product_dependency_profile,485,scc:0120,scc:0266,1,"{""recipe_input"":1}",1788
end_product_dependency_profile,486,scc:0120,scc:0271,1,"{""recipe_input"":1}",2268
end_product_dependency_profile,487,scc:0120,scc:0274,1,"{""recipe_input"":1}",2283
end_product_dependency_profile,488,scc:0120,scc:0275,1,"{""recipe_input"":1}",2288
end_product_dependency_profile,489,scc:0120,scc:0277,1,"{""recipe_input"":1}",1793
end_product_dependency_profile,490,scc:0120,scc:0280,1,"{""recipe_input"":1}",2310
end_product_dependency_profile,491,scc:0120,scc:0290,1,"{""recipe_input"":1}",2354
end_product_dependency_profile,492,scc:0120,scc:0296,1,"{""recipe_input"":1}",1816
end_product_dependency_profile,493,scc:0120,scc:0306,1,"{""recipe_input"":1}",1896
end_product_dependency_profile,494,scc:0120,scc:0309,1,"{""recipe_input"":1}",1907
end_product_dependency_profile,495,scc:0120,scc:0310,1,"{""recipe_input"":1}",1914
end_product_dependency_profile,496,scc:0120,scc:0313,1,"{""recipe_input"":1}",1919
end_product_dependency_profile,497,scc:0120,scc:0315,1,"{""recipe_input"":1}",1937
end_product_dependency_profile,498,scc:0120,scc:0322,1,"{""recipe_input"":1}",1969
end_product_dependency_profile,499,scc:0120,scc:0323,1,"{""recipe_input"":1}",1972
end_product_dependency_profile,500,scc:0120,scc:0324,1,"{""recipe_input"":1}",1975
end_product_dependency_profile,501,scc:0120,scc:0341,1,"{""recipe_input"":1}",2039
end_product_dependency_profile,502,scc:0120,scc:0343,1,"{""recipe_input"":1}",2046
end_product_dependency_profile,503,scc:0120,scc:0346,1,"{""recipe_input"":1}",1771
end_product_dependency_profile,504,scc:0120,scc:0357,1,"{""research_input"":1}",11
end_product_dependency_profile,505,scc:0120,scc:0373,1,"{""research_input"":1}",153
end_product_dependency_profile,506,scc:0120,scc:0380,1,"{""research_input"":1}",204
end_product_dependency_profile,507,scc:0120,scc:0397,1,"{""research_input"":1}",338
end_product_dependency_profile,508,scc:0120,scc:0450,1,"{""research_input"":1}",690
end_product_dependency_profile,509,scc:0120,scc:0476,1,"{""research_input"":1}",838
end_product_dependency_profile,510,scc:0121,scc:0234,1,"{""recipe_input"":1}",2120
end_product_dependency_profile,511,scc:0121,scc:0280,1,"{""recipe_input"":1}",2311
end_product_dependency_profile,512,scc:0121,scc:0313,1,"{""recipe_input"":1}",1920
end_product_dependency_profile,513,scc:0122,scc:0100,2,"{""recipe_input"":2}",1922|1932
end_product_dependency_profile,514,scc:0122,scc:0236,1,"{""recipe_input"":1}",2125
end_product_dependency_profile,515,scc:0122,scc:0239,1,"{""recipe_input"":1}",2138
end_product_dependency_profile,516,scc:0122,scc:0246,1,"{""recipe_input"":1}",2170
end_product_dependency_profile,517,scc:0122,scc:0247,1,"{""recipe_input"":1}",2178
end_product_dependency_profile,518,scc:0122,scc:0248,1,"{""recipe_input"":1}",2182
end_product_dependency_profile,519,scc:0122,scc:0253,1,"{""recipe_input"":1}",2208
end_product_dependency_profile,520,scc:0122,scc:0256,1,"{""recipe_input"":1}",2218
end_product_dependency_profile,521,scc:0122,scc:0272,1,"{""recipe_input"":1}",2273
end_product_dependency_profile,522,scc:0122,scc:0276,1,"{""recipe_input"":1}",2293
end_product_dependency_profile,523,scc:0122,scc:0278,1,"{""recipe_input"":1}",2298
end_product_dependency_profile,524,scc:0122,scc:0279,1,"{""recipe_input"":1}",2303
end_product_dependency_profile,525,scc:0122,scc:0285,1,"{""recipe_input"":1}",2337
end_product_dependency_profile,526,scc:0122,scc:0289,1,"{""recipe_input"":1}",2349
end_product_dependency_profile,527,scc:0122,scc:0300,1,"{""recipe_input"":1}",1873
end_product_dependency_profile,528,scc:0122,scc:0303,1,"{""recipe_input"":1}",1882
end_product_dependency_profile,529,scc:0122,scc:0307,1,"{""recipe_input"":1}",1900
end_product_dependency_profile,530,scc:0122,scc:0327,1,"{""recipe_input"":1}",1982
end_product_dependency_profile,531,scc:0122,scc:0328,1,"{""recipe_input"":1}",1988
end_product_dependency_profile,532,scc:0122,scc:0332,1,"{""recipe_input"":1}",2011
end_product_dependency_profile,533,scc:0122,scc:0337,1,"{""recipe_input"":1}",2024
end_product_dependency_profile,534,scc:0122,scc:0350,1,"{""recipe_input"":1}",2066
end_product_dependency_profile,535,scc:0122,scc:0351,1,"{""recipe_input"":1}",2070
end_product_dependency_profile,536,scc:0122,scc:0353,1,"{""recipe_input"":1}",2078
end_product_dependency_profile,537,scc:0123,scc:0234,1,"{""recipe_input"":1}",2118
end_product_dependency_profile,538,scc:0123,scc:0247,1,"{""recipe_input"":1}",2177
end_product_dependency_profile,539,scc:0123,scc:0251,1,"{""recipe_input"":1}",2195
end_product_dependency_profile,540,scc:0123,scc:0253,1,"{""recipe_input"":1}",2207
end_product_dependency_profile,541,scc:0123,scc:0255,1,"{""recipe_input"":1}",1784
end_product_dependency_profile,542,scc:0123,scc:0256,1,"{""recipe_input"":1}",2216
end_product_dependency_profile,543,scc:0123,scc:0266,1,"{""recipe_input"":1}",1789
end_product_dependency_profile,544,scc:0123,scc:0274,1,"{""recipe_input"":1}",2284
end_product_dependency_profile,545,scc:0123,scc:0277,1,"{""recipe_input"":1}",1794
end_product_dependency_profile,546,scc:0123,scc:0285,1,"{""recipe_input"":1}",2336
end_product_dependency_profile,547,scc:0123,scc:0286,1,"{""recipe_input"":1}",2340
end_product_dependency_profile,548,scc:0123,scc:0290,1,"{""recipe_input"":1}",2353
end_product_dependency_profile,549,scc:0124,scc:0304,1,"{""recipe_input"":1}",1886
end_product_dependency_profile,550,scc:0124,scc:0305,1,"{""recipe_input"":1}",1891
end_product_dependency_profile,551,scc:0125,scc:0243,1,"{""recipe_input"":1}",2158
end_product_dependency_profile,552,scc:0125,scc:0251,1,"{""recipe_input"":1}",2197
end_product_dependency_profile,553,scc:0125,scc:0275,1,"{""recipe_input"":1}",2289
end_product_dependency_profile,554,scc:0125,scc:0326,1,"{""recipe_input"":1}",1978
end_product_dependency_profile,555,scc:0125,scc:0328,1,"{""recipe_input"":1}",1987
end_product_dependency_profile,556,scc:0126,scc:0272,1,"{""recipe_input"":1}",2275
end_product_dependency_profile,557,scc:0126,scc:0351,1,"{""recipe_input"":1}",2071
end_product_dependency_profile,558,scc:0127,scc:0237,1,"{""recipe_input"":1}",2129
end_product_dependency_profile,559,scc:0127,scc:0278,1,"{""recipe_input"":1}",2297
end_product_dependency_profile,560,scc:0127,scc:0279,1,"{""recipe_input"":1}",2302
end_product_dependency_profile,561,scc:0127,scc:0353,1,"{""recipe_input"":1}",2079
end_product_dependency_profile,562,scc:0128,scc:0248,1,"{""recipe_input"":1}",2181
end_product_dependency_profile,563,scc:0128,scc:0254,1,"{""recipe_input"":1}",2213
end_product_dependency_profile,564,scc:0128,scc:0271,1,"{""recipe_input"":1}",2270
end_product_dependency_profile,565,scc:0128,scc:0274,1,"{""recipe_input"":1}",2282
end_product_dependency_profile,566,scc:0128,scc:0280,1,"{""recipe_input"":1}",2312
end_product_dependency_profile,567,scc:0128,scc:0489,1,"{""research_input"":1}",920
end_product_dependency_profile,568,scc:0129,scc:0337,1,"{""recipe_input"":1}",2023
end_product_dependency_profile,569,scc:0130,scc:0339,1,"{""recipe_input"":1}",2031
end_product_dependency_profile,570,scc:0132,scc:0263,1,"{""recipe_input"":1}",2241
end_product_dependency_profile,571,scc:0133,scc:0264,1,"{""recipe_input"":1}",2244
end_product_dependency_profile,572,scc:0135,scc:0267,1,"{""recipe_input"":1}",2250
end_product_dependency_profile,573,scc:0136,scc:0268,1,"{""recipe_input"":1}",2254
end_product_dependency_profile,574,scc:0138,scc:0270,1,"{""recipe_input"":1}",2262
end_product_dependency_profile,575,scc:0140,scc:0272,1,"{""recipe_input"":1}",2272
end_product_dependency_profile,576,scc:0141,scc:0273,1,"{""recipe_input"":1}",2277
end_product_dependency_profile,577,scc:0143,scc:0287,1,"{""recipe_input"":1}",2343
end_product_dependency_profile,578,scc:0146,scc:0339,1,"{""recipe_input"":1}",2032
end_product_dependency_profile,579,scc:0147,scc:0284,1,"{""recipe_input"":1}",2329
end_product_dependency_profile,580,scc:0149,scc:0345,1,"{""recipe_input"":1}",2051
end_product_dependency_profile,581,scc:0150,scc:0349,1,"{""recipe_input"":1}",2060
end_product_dependency_profile,582,scc:0152,scc:0344,1,"{""recipe_input"":1}",2048
end_product_dependency_profile,583,scc:0153,scc:0347,1,"{""recipe_input"":1}",2054
end_product_dependency_profile,584,scc:0154,scc:0289,1,"{""recipe_input"":1}",2347
end_product_dependency_profile,585,scc:0161,scc:0352,1,"{""recipe_input"":1}",2073
end_product_dependency_profile,586,scc:0162,scc:0237,1,"{""recipe_input"":1}",2127
end_product_dependency_profile,587,scc:0166,scc:0255,1,"{""recipe_input"":1}",1783
end_product_dependency_profile,588,scc:0167,scc:0257,1,"{""recipe_input"":1}",2220
end_product_dependency_profile,589,scc:0167,scc:0329,1,"{""recipe_input"":1}",1991
end_product_dependency_profile,590,scc:0172,scc:0237,1,"{""recipe_input"":1}",2130
end_product_dependency_profile,591,scc:0180,scc:0241,1,"{""recipe_input"":1}",2146
end_product_dependency_profile,592,scc:0181,scc:0307,1,"{""recipe_input"":1}",1898
end_product_dependency_profile,593,scc:0182,scc:0308,1,"{""recipe_input"":1}",1902
end_product_dependency_profile,594,scc:0183,scc:0282,1,"{""recipe_input"":1}",2319
end_product_dependency_profile,595,scc:0187,scc:0249,1,"{""recipe_input"":1}",2184
end_product_dependency_profile,596,scc:0193,scc:0283,1,"{""recipe_input"":1}",2324
end_product_dependency_profile,597,scc:0199,scc:0281,1,"{""recipe_input"":1}",2314
end_product_dependency_profile,598,scc:0214,scc:0275,1,"{""recipe_input"":1}",2286
end_product_dependency_profile,599,scc:0214,scc:0276,1,"{""recipe_input"":1}",2291
end_product_dependency_profile,600,scc:0219,scc:0281,1,"{""recipe_input"":1}",2316
end_product_dependency_profile,601,scc:0219,scc:0432,1,"{""research_input"":1}",583
end_product_dependency_profile,602,scc:0219,scc:0433,1,"{""research_input"":1}",587
end_product_dependency_profile,603,scc:0219,scc:0434,1,"{""research_input"":1}",591
end_product_dependency_profile,604,scc:0219,scc:0435,1,"{""research_input"":1}",595
end_product_dependency_profile,605,scc:0220,scc:0281,1,"{""recipe_input"":1}",2315
end_product_dependency_profile,606,scc:0220,scc:0432,1,"{""preitem_gate"":1}",582
end_product_dependency_profile,607,scc:0221,scc:0282,1,"{""recipe_input"":1}",2320
end_product_dependency_profile,608,scc:0221,scc:0433,1,"{""preitem_gate"":1}",586
end_product_dependency_profile,609,scc:0222,scc:0283,1,"{""recipe_input"":1}",2325
end_product_dependency_profile,610,scc:0222,scc:0434,1,"{""preitem_gate"":1}",590
end_product_dependency_profile,611,scc:0223,scc:0284,1,"{""recipe_input"":1}",2330
end_product_dependency_profile,612,scc:0223,scc:0435,1,"{""preitem_gate"":1}",594
end_product_dependency_profile,613,scc:0224,scc:0282,1,"{""recipe_input"":1}",2321
end_product_dependency_profile,614,scc:0224,scc:0283,1,"{""recipe_input"":1}",2326
end_product_dependency_profile,615,scc:0225,scc:0100,25,"{""research_input"":25}",29|33|64|69|73|77|96|103|109|114|120|176|199|214|229|261|267|272|277|283|400|404|410|417|423
end_product_dependency_profile,616,scc:0225,scc:0330,1,"{""recipe_input"":1}",1998
end_product_dependency_profile,617,scc:0225,scc:0358,1,"{""research_input"":1}",16
end_product_dependency_profile,618,scc:0225,scc:0359,1,"{""research_input"":1}",23
end_product_dependency_profile,619,scc:0225,scc:0360,1,"{""research_input"":1}",37
end_product_dependency_profile,620,scc:0225,scc:0361,1,"{""research_input"":1}",41
end_product_dependency_profile,621,scc:0225,scc:0365,1,"{""research_input"":1}",53
end_product_dependency_profile,622,scc:0225,scc:0366,1,"{""research_input"":1}",59
end_product_dependency_profile,623,scc:0225,scc:0367,1,"{""research_input"":1}",87
end_product_dependency_profile,624,scc:0225,scc:0368,1,"{""research_input"":1}",125
end_product_dependency_profile,625,scc:0225,scc:0370,1,"{""research_input"":1}",138
end_product_dependency_profile,626,scc:0225,scc:0371,1,"{""research_input"":1}",143
end_product_dependency_profile,627,scc:0225,scc:0372,1,"{""research_input"":1}",148
end_product_dependency_profile,628,scc:0225,scc:0374,1,"{""research_input"":1}",159
end_product_dependency_profile,629,scc:0225,scc:0375,1,"{""research_input"":1}",165
end_product_dependency_profile,630,scc:0225,scc:0376,1,"{""research_input"":1}",172
end_product_dependency_profile,631,scc:0225,scc:0377,1,"{""research_input"":1}",181
end_product_dependency_profile,632,scc:0225,scc:0378,1,"{""research_input"":1}",189
end_product_dependency_profile,633,scc:0225,scc:0379,1,"{""research_input"":1}",195
end_product_dependency_profile,634,scc:0225,scc:0381,1,"{""research_input"":1}",209
end_product_dependency_profile,635,scc:0225,scc:0382,1,"{""research_input"":1}",220
end_product_dependency_profile,636,scc:0225,scc:0383,1,"{""research_input"":1}",225
end_product_dependency_profile,637,scc:0225,scc:0384,1,"{""research_input"":1}",233
end_product_dependency_profile,638,scc:0225,scc:0385,1,"{""research_input"":1}",238
end_product_dependency_profile,639,scc:0225,scc:0386,1,"{""research_input"":1}",242
end_product_dependency_profile,640,scc:0225,scc:0387,1,"{""research_input"":1}",249
end_product_dependency_profile,641,scc:0225,scc:0388,1,"{""research_input"":1}",257
end_product_dependency_profile,642,scc:0225,scc:0389,1,"{""research_input"":1}",290
end_product_dependency_profile,643,scc:0225,scc:0391,1,"{""research_input"":1}",302
end_product_dependency_profile,644,scc:0225,scc:0392,1,"{""research_input"":1}",307
end_product_dependency_profile,645,scc:0225,scc:0393,1,"{""research_input"":1}",313
end_product_dependency_profile,646,scc:0225,scc:0394,1,"{""research_input"":1}",318
end_product_dependency_profile,647,scc:0225,scc:0395,1,"{""research_input"":1}",324
end_product_dependency_profile,648,scc:0225,scc:0396,1,"{""research_input"":1}",331
end_product_dependency_profile,649,scc:0225,scc:0398,1,"{""research_input"":1}",346
end_product_dependency_profile,650,scc:0225,scc:0399,1,"{""research_input"":1}",355
end_product_dependency_profile,651,scc:0225,scc:0400,1,"{""research_input"":1}",363
end_product_dependency_profile,652,scc:0225,scc:0401,1,"{""research_input"":1}",371
end_product_dependency_profile,653,scc:0225,scc:0402,1,"{""research_input"":1}",378
end_product_dependency_profile,654,scc:0225,scc:0403,1,"{""research_input"":1}",384
end_product_dependency_profile,655,scc:0225,scc:0404,1,"{""research_input"":1}",391
end_product_dependency_profile,656,scc:0225,scc:0405,1,"{""research_input"":1}",397
end_product_dependency_profile,657,scc:0225,scc:0406,1,"{""research_input"":1}",429
end_product_dependency_profile,658,scc:0225,scc:0407,1,"{""research_input"":1}",435
end_product_dependency_profile,659,scc:0225,scc:0408,1,"{""research_input"":1}",440
end_product_dependency_profile,660,scc:0225,scc:0409,1,"{""research_input"":1}",443
end_product_dependency_profile,661,scc:0225,scc:0410,1,"{""research_input"":1}",447
end_product_dependency_profile,662,scc:0225,scc:0411,1,"{""research_input"":1}",453
end_product_dependency_profile,663,scc:0225,scc:0412,1,"{""research_input"":1}",458
end_product_dependency_profile,664,scc:0225,scc:0413,1,"{""research_input"":1}",463
end_product_dependency_profile,665,scc:0225,scc:0414,1,"{""research_input"":1}",469
end_product_dependency_profile,666,scc:0225,scc:0415,1,"{""research_input"":1}",474
end_product_dependency_profile,667,scc:0225,scc:0416,1,"{""research_input"":1}",480
end_product_dependency_profile,668,scc:0225,scc:0417,1,"{""research_input"":1}",486
end_product_dependency_profile,669,scc:0225,scc:0418,1,"{""research_input"":1}",495
end_product_dependency_profile,670,scc:0225,scc:0419,1,"{""research_input"":1}",500
end_product_dependency_profile,671,scc:0225,scc:0420,1,"{""research_input"":1}",506
end_product_dependency_profile,672,scc:0225,scc:0421,1,"{""research_input"":1}",511
end_product_dependency_profile,673,scc:0225,scc:0422,1,"{""research_input"":1}",517
end_product_dependency_profile,674,scc:0225,scc:0423,1,"{""research_input"":1}",524
end_product_dependency_profile,675,scc:0225,scc:0424,1,"{""research_input"":1}",532
end_product_dependency_profile,676,scc:0225,scc:0425,1,"{""research_input"":1}",540
end_product_dependency_profile,677,scc:0225,scc:0426,1,"{""research_input"":1}",546
end_product_dependency_profile,678,scc:0225,scc:0427,1,"{""research_input"":1}",551
end_product_dependency_profile,679,scc:0225,scc:0428,1,"{""research_input"":1}",557
end_product_dependency_profile,680,scc:0225,scc:0429,1,"{""research_input"":1}",566
end_product_dependency_profile,681,scc:0225,scc:0430,1,"{""research_input"":1}",573
end_product_dependency_profile,682,scc:0225,scc:0431,1,"{""research_input"":1}",579
end_product_dependency_profile,683,scc:0225,scc:0437,1,"{""research_input"":1}",603
end_product_dependency_profile,684,scc:0225,scc:0438,1,"{""research_input"":1}",610
end_product_dependency_profile,685,scc:0225,scc:0439,1,"{""research_input"":1}",618
end_product_dependency_profile,686,scc:0225,scc:0440,1,"{""research_input"":1}",627
end_product_dependency_profile,687,scc:0225,scc:0443,1,"{""research_input"":1}",646
end_product_dependency_profile,688,scc:0225,scc:0444,1,"{""research_input"":1}",651
end_product_dependency_profile,689,scc:0225,scc:0445,1,"{""research_input"":1}",656
end_product_dependency_profile,690,scc:0225,scc:0446,1,"{""research_input"":1}",662
end_product_dependency_profile,691,scc:0225,scc:0447,1,"{""research_input"":1}",668
end_product_dependency_profile,692,scc:0225,scc:0448,1,"{""research_input"":1}",675
end_product_dependency_profile,693,scc:0225,scc:0449,1,"{""research_input"":1}",682
end_product_dependency_profile,694,scc:0225,scc:0451,1,"{""research_input"":1}",694
end_product_dependency_profile,695,scc:0225,scc:0452,1,"{""research_input"":1}",699
end_product_dependency_profile,696,scc:0225,scc:0453,1,"{""research_input"":1}",706
end_product_dependency_profile,697,scc:0225,scc:0454,1,"{""research_input"":1}",714
end_product_dependency_profile,698,scc:0225,scc:0455,1,"{""research_input"":1}",721
end_product_dependency_profile,699,scc:0225,scc:0457,1,"{""research_input"":1}",733
end_product_dependency_profile,700,scc:0225,scc:0458,1,"{""research_input"":1}",737
end_product_dependency_profile,701,scc:0225,scc:0459,1,"{""research_input"":1}",742
end_product_dependency_profile,702,scc:0225,scc:0460,1,"{""research_input"":1}",747
end_product_dependency_profile,703,scc:0225,scc:0461,1,"{""research_input"":1}",753
end_product_dependency_profile,704,scc:0225,scc:0462,1,"{""research_input"":1}",760
end_product_dependency_profile,705,scc:0225,scc:0465,1,"{""research_input"":1}",777
end_product_dependency_profile,706,scc:0225,scc:0466,1,"{""research_input"":1}",782
end_product_dependency_profile,707,scc:0225,scc:0467,1,"{""research_input"":1}",788
end_product_dependency_profile,708,scc:0225,scc:0468,1,"{""research_input"":1}",794
end_product_dependency_profile,709,scc:0225,scc:0470,1,"{""research_input"":1}",805
end_product_dependency_profile,710,scc:0225,scc:0471,1,"{""research_input"":1}",809
end_product_dependency_profile,711,scc:0225,scc:0472,1,"{""research_input"":1}",814
end_product_dependency_profile,712,scc:0225,scc:0473,1,"{""research_input"":1}",820
end_product_dependency_profile,713,scc:0225,scc:0474,1,"{""research_input"":1}",827
end_product_dependency_profile,714,scc:0225,scc:0477,1,"{""research_input"":1}",843
end_product_dependency_profile,715,scc:0225,scc:0478,1,"{""research_input"":1}",848
end_product_dependency_profile,716,scc:0225,scc:0479,1,"{""research_input"":1}",854
end_product_dependency_profile,717,scc:0225,scc:0480,1,"{""research_input"":1}",861
end_product_dependency_profile,718,scc:0225,scc:0481,1,"{""research_input"":1}",869
end_product_dependency_profile,719,scc:0225,scc:0482,1,"{""research_input"":1}",876
end_product_dependency_profile,720,scc:0225,scc:0483,1,"{""research_input"":1}",882
end_product_dependency_profile,721,scc:0225,scc:0484,1,"{""research_input"":1}",888
end_product_dependency_profile,722,scc:0225,scc:0485,1,"{""research_input"":1}",895
end_product_dependency_profile,723,scc:0225,scc:0486,1,"{""research_input"":1}",903
end_product_dependency_profile,724,scc:0225,scc:0490,1,"{""research_input"":1}",924
end_product_dependency_profile,725,scc:0225,scc:0491,1,"{""research_input"":1}",929
end_product_dependency_profile,726,scc:0225,scc:0492,1,"{""research_input"":1}",936
end_product_dependency_profile,727,scc:0225,scc:0493,1,"{""research_input"":1}",941
end_product_dependency_profile,728,scc:0225,scc:0495,1,"{""research_input"":1}",950
end_product_dependency_profile,729,scc:0225,scc:0496,1,"{""research_input"":1}",953
end_product_dependency_profile,730,scc:0225,scc:0497,1,"{""research_input"":1}",957
end_product_dependency_profile,731,scc:0225,scc:0498,1,"{""research_input"":1}",962
end_product_dependency_profile,732,scc:0225,scc:0499,1,"{""research_input"":1}",968
end_product_dependency_profile,733,scc:0225,scc:0501,1,"{""research_input"":1}",978
end_product_dependency_profile,734,scc:0225,scc:0502,1,"{""research_input"":1}",983
end_product_dependency_profile,735,scc:0225,scc:0503,1,"{""research_input"":1}",988
end_product_dependency_profile,736,scc:0225,scc:0504,1,"{""research_input"":1}",993
end_product_dependency_profile,737,scc:0225,scc:0505,1,"{""research_input"":1}",999
end_product_dependency_profile,738,scc:0225,scc:0506,1,"{""research_input"":1}",1005
end_product_dependency_profile,739,scc:0225,scc:0507,1,"{""research_input"":1}",1053
end_product_dependency_profile,740,scc:0225,scc:0508,1,"{""research_input"":1}",1058
end_product_dependency_profile,741,scc:0225,scc:0509,1,"{""research_input"":1}",1063
end_product_dependency_profile,742,scc:0225,scc:0510,1,"{""research_input"":1}",1068
end_product_dependency_profile,743,scc:0225,scc:0511,1,"{""research_input"":1}",1074
end_product_dependency_profile,744,scc:0225,scc:0512,1,"{""research_input"":1}",1080
end_product_dependency_profile,745,scc:0225,scc:0513,1,"{""research_input"":1}",1087
end_product_dependency_profile,746,scc:0225,scc:0515,1,"{""research_input"":1}",1097
end_product_dependency_profile,747,scc:0225,scc:0516,1,"{""research_input"":1}",1102
end_product_dependency_profile,748,scc:0225,scc:0517,1,"{""research_input"":1}",1107
end_product_dependency_profile,749,scc:0225,scc:0518,1,"{""research_input"":1}",1112
end_product_dependency_profile,750,scc:0225,scc:0519,1,"{""research_input"":1}",1117
end_product_dependency_profile,751,scc:0225,scc:0520,1,"{""research_input"":1}",1123
end_product_dependency_profile,752,scc:0225,scc:0521,1,"{""research_input"":1}",1129
end_product_dependency_profile,753,scc:0225,scc:0522,1,"{""research_input"":1}",1134
end_product_dependency_profile,754,scc:0225,scc:0523,1,"{""research_input"":1}",1139
end_product_dependency_profile,755,scc:0225,scc:0524,1,"{""research_input"":1}",1144
end_product_dependency_profile,756,scc:0225,scc:0525,1,"{""research_input"":1}",1149
end_product_dependency_profile,757,scc:0225,scc:0526,1,"{""research_input"":1}",1155
end_product_dependency_profile,758,scc:0225,scc:0527,1,"{""research_input"":1}",1188
end_product_dependency_profile,759,scc:0225,scc:0528,1,"{""research_input"":1}",1194
end_product_dependency_profile,760,scc:0225,scc:0529,1,"{""research_input"":1}",1201
end_product_dependency_profile,761,scc:0225,scc:0530,1,"{""research_input"":1}",1209
end_product_dependency_profile,762,scc:0225,scc:0531,1,"{""research_input"":1}",1218
end_product_dependency_profile,763,scc:0225,scc:0532,1,"{""research_input"":1}",1227
end_product_dependency_profile,764,scc:0225,scc:0534,1,"{""research_input"":1}",1241
end_product_dependency_profile,765,scc:0225,scc:0535,1,"{""research_input"":1}",1247
end_product_dependency_profile,766,scc:0225,scc:0536,1,"{""research_input"":1}",1254
end_product_dependency_profile,767,scc:0225,scc:0537,1,"{""research_input"":1}",1261
end_product_dependency_profile,768,scc:0225,scc:0538,1,"{""research_input"":1}",1268
end_product_dependency_profile,769,scc:0225,scc:0539,1,"{""research_input"":1}",1276
end_product_dependency_profile,770,scc:0225,scc:0540,1,"{""research_input"":1}",1284
end_product_dependency_profile,771,scc:0225,scc:0541,1,"{""research_input"":1}",1293
end_product_dependency_profile,772,scc:0225,scc:0544,1,"{""research_input"":1}",1324
end_product_dependency_profile,773,scc:0225,scc:0545,1,"{""research_input"":1}",1330
end_product_dependency_profile,774,scc:0225,scc:0546,1,"{""research_input"":1}",1337
end_product_dependency_profile,775,scc:0225,scc:0547,1,"{""research_input"":1}",1345
end_product_dependency_profile,776,scc:0225,scc:0548,1,"{""research_input"":1}",1353
end_product_dependency_profile,777,scc:0225,scc:0553,1,"{""research_input"":1}",1380
end_product_dependency_profile,778,scc:0225,scc:0554,1,"{""research_input"":1}",1386
end_product_dependency_profile,779,scc:0225,scc:0555,1,"{""research_input"":1}",1392
end_product_dependency_profile,780,scc:0225,scc:0563,1,"{""research_input"":1}",1161
end_product_dependency_profile,781,scc:0225,scc:0564,1,"{""research_input"":1}",1165
end_product_dependency_profile,782,scc:0225,scc:0565,1,"{""research_input"":1}",1170
end_product_dependency_profile,783,scc:0225,scc:0566,1,"{""research_input"":1}",1175
end_product_dependency_profile,784,scc:0225,scc:0567,1,"{""research_input"":1}",1181
end_product_dependency_profile,785,scc:0225,scc:0568,1,"{""research_input"":1}",1410
end_product_dependency_profile,786,scc:0225,scc:0569,1,"{""research_input"":1}",1413
end_product_dependency_profile,787,scc:0225,scc:0570,1,"{""research_input"":1}",1417
end_product_dependency_profile,788,scc:0225,scc:0571,1,"{""research_input"":1}",1422
end_product_dependency_profile,789,scc:0225,scc:0572,1,"{""research_input"":1}",1011
end_product_dependency_profile,790,scc:0225,scc:0573,1,"{""research_input"":1}",1018
end_product_dependency_profile,791,scc:0225,scc:0574,1,"{""research_input"":1}",1025
end_product_dependency_profile,792,scc:0225,scc:0575,1,"{""research_input"":1}",1032
end_product_dependency_profile,793,scc:0225,scc:0576,1,"{""research_input"":1}",1039
end_product_dependency_profile,794,scc:0225,scc:0577,1,"{""research_input"":1}",1046
end_product_dependency_profile,795,scc:0225,scc:0578,1,"{""research_input"":1}",1428
end_product_dependency_profile,796,scc:0225,scc:0579,1,"{""research_input"":1}",1431
end_product_dependency_profile,797,scc:0225,scc:0580,1,"{""research_input"":1}",1435
end_product_dependency_profile,798,scc:0225,scc:0581,1,"{""research_input"":1}",1440
end_product_dependency_profile,799,scc:0225,scc:0582,1,"{""research_input"":1}",1446
end_product_dependency_profile,800,scc:0225,scc:0584,1,"{""research_input"":1}",1456
end_product_dependency_profile,801,scc:0225,scc:0585,1,"{""research_input"":1}",1459
end_product_dependency_profile,802,scc:0225,scc:0586,1,"{""research_input"":1}",1463
end_product_dependency_profile,803,scc:0225,scc:0587,1,"{""research_input"":1}",1468
end_product_dependency_profile,804,scc:0225,scc:0588,1,"{""research_input"":1}",1474
end_product_dependency_profile,805,scc:0225,scc:0590,1,"{""research_input"":1}",1484
end_product_dependency_profile,806,scc:0225,scc:0591,1,"{""research_input"":1}",1487
end_product_dependency_profile,807,scc:0225,scc:0592,1,"{""research_input"":1}",1491
end_product_dependency_profile,808,scc:0225,scc:0593,1,"{""research_input"":1}",1496
end_product_dependency_profile,809,scc:0225,scc:0594,1,"{""research_input"":1}",1502
end_product_dependency_profile,810,scc:0225,scc:0596,1,"{""research_input"":1}",1512
end_product_dependency_profile,811,scc:0225,scc:0597,1,"{""research_input"":1}",1516
end_product_dependency_profile,812,scc:0225,scc:0598,1,"{""research_input"":1}",1521
end_product_dependency_profile,813,scc:0225,scc:0599,1,"{""research_input"":1}",1528
end_product_dependency_profile,814,scc:0225,scc:0601,1,"{""research_input"":1}",1540
end_product_dependency_profile,815,scc:0225,scc:0602,1,"{""research_input"":1}",1544
end_product_dependency_profile,816,scc:0225,scc:0603,1,"{""research_input"":1}",1549
end_product_dependency_profile,817,scc:0225,scc:0604,1,"{""research_input"":1}",1556
end_product_dependency_profile,818,scc:0225,scc:0606,1,"{""research_input"":1}",1568
end_product_dependency_profile,819,scc:0225,scc:0607,1,"{""research_input"":1}",1572
end_product_dependency_profile,820,scc:0225,scc:0608,1,"{""research_input"":1}",1577
end_product_dependency_profile,821,scc:0225,scc:0609,1,"{""research_input"":1}",1584
end_product_dependency_profile,822,scc:0225,scc:0611,1,"{""research_input"":1}",1596
end_product_dependency_profile,823,scc:0225,scc:0612,1,"{""research_input"":1}",1601
end_product_dependency_profile,824,scc:0225,scc:0613,1,"{""research_input"":1}",1606
end_product_dependency_profile,825,scc:0225,scc:0614,1,"{""research_input"":1}",1612
end_product_dependency_profile,826,scc:0225,scc:0616,1,"{""research_input"":1}",1622
end_product_dependency_profile,827,scc:0225,scc:0617,1,"{""research_input"":1}",1626
end_product_dependency_profile,828,scc:0225,scc:0618,1,"{""research_input"":1}",1631
end_product_dependency_profile,829,scc:0225,scc:0619,1,"{""research_input"":1}",1637
end_product_dependency_profile,830,scc:0225,scc:0620,1,"{""research_input"":1}",1643
end_product_dependency_profile,831,scc:0225,scc:0623,1,"{""research_input"":1}",1656
end_product_dependency_profile,832,scc:0225,scc:0624,1,"{""research_input"":1}",1662
end_product_dependency_profile,833,scc:0225,scc:0625,1,"{""research_input"":1}",1668
end_product_dependency_profile,834,scc:0225,scc:0626,1,"{""research_input"":1}",1674
end_product_dependency_profile,835,scc:0225,scc:0627,1,"{""research_input"":1}",1681
end_product_dependency_profile,836,scc:0225,scc:0630,1,"{""research_input"":1}",1694
end_product_dependency_profile,837,scc:0225,scc:0631,1,"{""research_input"":1}",1697
end_product_dependency_profile,838,scc:0225,scc:0632,1,"{""research_input"":1}",1701
end_product_dependency_profile,839,scc:0225,scc:0633,1,"{""research_input"":1}",1706
end_product_dependency_profile,840,scc:0225,scc:0634,1,"{""research_input"":1}",1712
end_product_dependency_profile,841,scc:0225,scc:0636,1,"{""research_input"":1}",1722
end_product_dependency_profile,842,scc:0225,scc:0637,1,"{""research_input"":1}",1726
end_product_dependency_profile,843,scc:0225,scc:0638,1,"{""research_input"":1}",1730
end_product_dependency_profile,844,scc:0225,scc:0639,1,"{""research_input"":1}",1735
end_product_dependency_profile,845,scc:0225,scc:0640,1,"{""research_input"":1}",1741
end_product_dependency_profile,846,scc:0226,scc:0390,1,"{""research_input"":1}",297
end_product_dependency_profile,847,scc:0226,scc:0441,1,"{""research_input"":1}",637
end_product_dependency_profile,848,scc:0226,scc:0456,1,"{""research_input"":1}",729
end_product_dependency_profile,849,scc:0226,scc:0463,1,"{""research_input"":1}",768
end_product_dependency_profile,850,scc:0226,scc:0469,1,"{""research_input"":1}",802
end_product_dependency_profile,851,scc:0226,scc:0475,1,"{""research_input"":1}",835
end_product_dependency_profile,852,scc:0226,scc:0487,1,"{""research_input"":1}",912
end_product_dependency_profile,853,scc:0226,scc:0488,1,"{""research_input"":1}",916
end_product_dependency_profile,854,scc:0226,scc:0494,1,"{""research_input"":1}",947
end_product_dependency_profile,855,scc:0226,scc:0500,1,"{""research_input"":1}",975
end_product_dependency_profile,856,scc:0226,scc:0514,1,"{""research_input"":1}",1094
end_product_dependency_profile,857,scc:0226,scc:0533,1,"{""research_input"":1}",1236
end_product_dependency_profile,858,scc:0226,scc:0542,1,"{""research_input"":1}",1301
end_product_dependency_profile,859,scc:0226,scc:0543,1,"{""research_input"":1}",1307
end_product_dependency_profile,860,scc:0226,scc:0549,1,"{""research_input"":1}",1362
end_product_dependency_profile,861,scc:0226,scc:0556,1,"{""research_input"":1}",1313
end_product_dependency_profile,862,scc:0226,scc:0557,1,"{""research_input"":1}",1317
end_product_dependency_profile,863,scc:0226,scc:0558,1,"{""research_input"":1}",1321
end_product_dependency_profile,864,scc:0226,scc:0562,1,"{""research_input"":1}",1408
end_product_dependency_profile,865,scc:0226,scc:0583,1,"{""research_input"":1}",1453
end_product_dependency_profile,866,scc:0226,scc:0589,1,"{""research_input"":1}",1481
end_product_dependency_profile,867,scc:0226,scc:0595,1,"{""research_input"":1}",1509
end_product_dependency_profile,868,scc:0226,scc:0600,1,"{""research_input"":1}",1536
end_product_dependency_profile,869,scc:0226,scc:0605,1,"{""research_input"":1}",1564
end_product_dependency_profile,870,scc:0226,scc:0610,1,"{""research_input"":1}",1592
end_product_dependency_profile,871,scc:0226,scc:0615,1,"{""research_input"":1}",1619
end_product_dependency_profile,872,scc:0226,scc:0621,1,"{""research_input"":1}",1650
end_product_dependency_profile,873,scc:0226,scc:0622,1,"{""research_input"":1}",1653
end_product_dependency_profile,874,scc:0226,scc:0628,1,"{""research_input"":1}",1688
end_product_dependency_profile,875,scc:0226,scc:0629,1,"{""research_input"":1}",1691
end_product_dependency_profile,876,scc:0226,scc:0635,1,"{""research_input"":1}",1719
end_product_dependency_profile,877,scc:0226,scc:0641,1,"{""research_input"":1}",1748
end_product_dependency_profile,878,scc:0227,scc:0095,1,"{""recipe_output"":1}",1751
end_product_dependency_profile,879,scc:0228,scc:0199,1,"{""recipe_output"":1}",1777
end_product_dependency_profile,880,scc:0229,scc:0117,1,"{""recipe_output"":1}",2104
end_product_dependency_profile,881,scc:0230,scc:0128,1,"{""recipe_output"":1}",2308
end_product_dependency_profile,882,scc:0231,scc:0111,1,"{""recipe_output"":1}",2110
end_product_dependency_profile,883,scc:0232,scc:0112,1,"{""recipe_output"":1}",2113
end_product_dependency_profile,884,scc:0233,scc:0113,1,"{""recipe_output"":1}",2116
end_product_dependency_profile,885,scc:0234,scc:0191,1,"{""recipe_output"":1}",2121
end_product_dependency_profile,886,scc:0235,scc:0104,1,"{""recipe_output"":1}",1779
end_product_dependency_profile,887,scc:0236,scc:0192,1,"{""recipe_output"":1}",2126
end_product_dependency_profile,888,scc:0237,scc:0163,1,"{""recipe_output"":1}",2131
end_product_dependency_profile,889,scc:0238,scc:0110,1,"{""recipe_output"":1}",2134
end_product_dependency_profile,890,scc:0239,scc:0176,1,"{""recipe_output"":1}",2139
end_product_dependency_profile,891,scc:0240,scc:0164,1,"{""recipe_output"":1}",2143
end_product_dependency_profile,892,scc:0241,scc:0193,1,"{""recipe_output"":1}",2150
end_product_dependency_profile,893,scc:0242,scc:0157,1,"{""recipe_output"":1}",2155
end_product_dependency_profile,894,scc:0243,scc:0178,1,"{""recipe_output"":1}",2160
end_product_dependency_profile,895,scc:0244,scc:0194,1,"{""recipe_output"":1}",2166
end_product_dependency_profile,896,scc:0245,scc:0123,1,"{""recipe_output"":1}",1782
end_product_dependency_profile,897,scc:0246,scc:0158,1,"{""recipe_output"":1}",2171
end_product_dependency_profile,898,scc:0247,scc:0165,1,"{""recipe_output"":1}",2179
end_product_dependency_profile,899,scc:0248,scc:0213,1,"{""recipe_output"":1}",2183
end_product_dependency_profile,900,scc:0249,scc:0195,1,"{""recipe_output"":1}",2188
end_product_dependency_profile,901,scc:0250,scc:0201,1,"{""recipe_output"":1}",2193
end_product_dependency_profile,902,scc:0251,scc:0202,1,"{""recipe_output"":1}",2198
end_product_dependency_profile,903,scc:0252,scc:0203,1,"{""recipe_output"":1}",2203
end_product_dependency_profile,904,scc:0253,scc:0204,1,"{""recipe_output"":1}",2209
end_product_dependency_profile,905,scc:0254,scc:0205,1,"{""recipe_output"":1}",2214
end_product_dependency_profile,906,scc:0255,scc:0167,1,"{""recipe_output"":1}",1785
end_product_dependency_profile,907,scc:0256,scc:0206,1,"{""recipe_output"":1}",2219
end_product_dependency_profile,908,scc:0257,scc:0207,1,"{""recipe_output"":1}",2223
end_product_dependency_profile,909,scc:0258,scc:0208,1,"{""recipe_output"":1}",2228
end_product_dependency_profile,910,scc:0259,scc:0107,1,"{""recipe_output"":1}",2230
end_product_dependency_profile,911,scc:0260,scc:0108,1,"{""recipe_output"":1}",2234
end_product_dependency_profile,912,scc:0261,scc:0109,1,"{""recipe_output"":1}",2238
end_product_dependency_profile,913,scc:0262,scc:0132,1,"{""recipe_output"":1}",2240
end_product_dependency_profile,914,scc:0263,scc:0133,1,"{""recipe_output"":1}",2243
end_product_dependency_profile,915,scc:0264,scc:0134,1,"{""recipe_output"":1}",2246
end_product_dependency_profile,916,scc:0265,scc:0135,1,"{""recipe_output"":1}",2249
end_product_dependency_profile,917,scc:0266,scc:0185,1,"{""recipe_output"":1}",1790
end_product_dependency_profile,918,scc:0267,scc:0136,1,"{""recipe_output"":1}",2253
end_product_dependency_profile,919,scc:0268,scc:0137,1,"{""recipe_output"":1}",2257
end_product_dependency_profile,920,scc:0269,scc:0138,1,"{""recipe_output"":1}",2261
end_product_dependency_profile,921,scc:0270,scc:0139,1,"{""recipe_output"":1}",2266
end_product_dependency_profile,922,scc:0271,scc:0140,1,"{""recipe_output"":1}",2271
end_product_dependency_profile,923,scc:0272,scc:0141,1,"{""recipe_output"":1}",2276
end_product_dependency_profile,924,scc:0273,scc:0142,1,"{""recipe_output"":1}",2280
end_product_dependency_profile,925,scc:0274,scc:0214,1,"{""recipe_output"":1}",2285
end_product_dependency_profile,926,scc:0275,scc:0215,1,"{""recipe_output"":1}",2290
end_product_dependency_profile,927,scc:0276,scc:0216,1,"{""recipe_output"":1}",2295
end_product_dependency_profile,928,scc:0277,scc:0186,1,"{""recipe_output"":1}",1795
end_product_dependency_profile,929,scc:0278,scc:0217,1,"{""recipe_output"":1}",2300
end_product_dependency_profile,930,scc:0279,scc:0218,1,"{""recipe_output"":1}",2305
end_product_dependency_profile,931,scc:0280,scc:0209,1,"{""recipe_output"":1}",2313
end_product_dependency_profile,932,scc:0281,scc:0200,1,"{""recipe_output"":1}",2318
end_product_dependency_profile,933,scc:0282,scc:0196,1,"{""recipe_output"":1}",2323
end_product_dependency_profile,934,scc:0283,scc:0197,1,"{""recipe_output"":1}",2328
end_product_dependency_profile,935,scc:0284,scc:0148,1,"{""recipe_output"":1}",2333
end_product_dependency_profile,936,scc:0285,scc:0210,1,"{""recipe_output"":1}",2338
end_product_dependency_profile,937,scc:0286,scc:0143,1,"{""recipe_output"":1}",2342
end_product_dependency_profile,938,scc:0287,scc:0144,1,"{""recipe_output"":1}",2346
end_product_dependency_profile,939,scc:0288,scc:0100,2,"{""recipe_output"":2}",1797|1798
end_product_dependency_profile,940,scc:0289,scc:0155,1,"{""recipe_output"":1}",2350
end_product_dependency_profile,941,scc:0290,scc:0198,1,"{""recipe_output"":1}",2355
end_product_dependency_profile,942,scc:0291,scc:0100,1,"{""recipe_output"":1}",1800
end_product_dependency_profile,943,scc:0292,scc:0145,1,"{""recipe_output"":1}",1806
end_product_dependency_profile,944,scc:0293,scc:0096,1,"{""recipe_output"":1}",1753
end_product_dependency_profile,945,scc:0294,scc:0126,1,"{""recipe_output"":1}",1809
end_product_dependency_profile,946,scc:0295,scc:0127,1,"{""recipe_output"":1}",1812
end_product_dependency_profile,947,scc:0296,scc:0187,1,"{""recipe_output"":1}",1817
end_product_dependency_profile,948,scc:0297,scc:0098,1,"{""recipe_output"":1}",1755
end_product_dependency_profile,949,scc:0298,scc:0100,2,"{""recipe_output"":2}",1851|1852
end_product_dependency_profile,950,scc:0299,scc:0081,1,"{""recipe_output"":1}",1857
end_product_dependency_profile,951,scc:0300,scc:0188,1,"{""recipe_output"":1}",1874
end_product_dependency_profile,952,scc:0301,scc:0102,1,"{""recipe_output"":1}",1757
end_product_dependency_profile,953,scc:0302,scc:0146,1,"{""recipe_output"":1}",1880
end_product_dependency_profile,954,scc:0303,scc:0124,1,"{""recipe_output"":1}",1883
end_product_dependency_profile,955,scc:0304,scc:0175,1,"{""recipe_output"":1}",1888
end_product_dependency_profile,956,scc:0305,scc:0147,1,"{""recipe_output"":1}",1893
end_product_dependency_profile,957,scc:0306,scc:0181,1,"{""recipe_output"":1}",1897
end_product_dependency_profile,958,scc:0307,scc:0182,1,"{""recipe_output"":1}",1901
end_product_dependency_profile,959,scc:0308,scc:0183,1,"{""recipe_output"":1}",1905
end_product_dependency_profile,960,scc:0309,scc:0179,1,"{""recipe_output"":1}",1910
end_product_dependency_profile,961,scc:0310,scc:0184,1,"{""recipe_output"":1}",1915
end_product_dependency_profile,962,scc:0311,scc:0114,1,"{""recipe_output"":1}",1759
end_product_dependency_profile,963,scc:0312,scc:0120,1,"{""recipe_output"":1}",1918
end_product_dependency_profile,964,scc:0313,scc:0122,1,"{""recipe_output"":1}",1921
end_product_dependency_profile,965,scc:0314,scc:0121,1,"{""recipe_output"":1}",1927
end_product_dependency_profile,966,scc:0315,scc:0180,1,"{""recipe_output"":1}",1939
end_product_dependency_profile,967,scc:0316,scc:0103,1,"{""recipe_output"":1}",1941
end_product_dependency_profile,968,scc:0317,scc:0099,1,"{""recipe_output"":1}",1947
end_product_dependency_profile,969,scc:0318,scc:0115,1,"{""recipe_output"":1}",1762
end_product_dependency_profile,970,scc:0319,scc:0097,1,"{""recipe_output"":1}",1955
end_product_dependency_profile,971,scc:0320,scc:0169,1,"{""recipe_output"":1}",1960
end_product_dependency_profile,972,scc:0321,scc:0101,1,"{""recipe_output"":1}",1966
end_product_dependency_profile,973,scc:0322,scc:0170,1,"{""recipe_output"":1}",1970
end_product_dependency_profile,974,scc:0323,scc:0125,1,"{""recipe_output"":1}",1973
end_product_dependency_profile,975,scc:0324,scc:0125,1,"{""recipe_output"":1}",1976
end_product_dependency_profile,976,scc:0325,scc:0168,1,"{""recipe_output"":1}",1766
end_product_dependency_profile,977,scc:0326,scc:0129,1,"{""recipe_output"":1}",1979
end_product_dependency_profile,978,scc:0327,scc:0189,1,"{""recipe_output"":1}",1984
end_product_dependency_profile,979,scc:0328,scc:0173,1,"{""recipe_output"":1}",1990
end_product_dependency_profile,980,scc:0329,scc:0177,1,"{""recipe_output"":1}",1994
end_product_dependency_profile,981,scc:0330,scc:0226,1,"{""recipe_output"":1}",2004
end_product_dependency_profile,982,scc:0331,scc:0171,1,"{""recipe_output"":1}",2008
end_product_dependency_profile,983,scc:0332,scc:0174,1,"{""recipe_output"":1}",2013
end_product_dependency_profile,984,scc:0333,scc:0119,1,"{""recipe_output"":1}",2015
end_product_dependency_profile,985,scc:0334,scc:0119,1,"{""recipe_output"":1}",2017
end_product_dependency_profile,986,scc:0335,scc:0166,1,"{""recipe_output"":1}",1769
end_product_dependency_profile,987,scc:0336,scc:0106,1,"{""recipe_output"":1}",2021
end_product_dependency_profile,988,scc:0337,scc:0130,1,"{""recipe_output"":1}",2025
end_product_dependency_profile,989,scc:0338,scc:0190,1,"{""recipe_output"":1}",2030
end_product_dependency_profile,990,scc:0339,scc:0131,1,"{""recipe_output"":1}",2034
end_product_dependency_profile,991,scc:0340,scc:0149,1,"{""recipe_output"":1}",2037
end_product_dependency_profile,992,scc:0341,scc:0152,1,"{""recipe_output"":1}",2040
end_product_dependency_profile,993,scc:0342,scc:0159,1,"{""recipe_output"":1}",2043
end_product_dependency_profile,994,scc:0343,scc:0156,1,"{""recipe_output"":1}",2047
end_product_dependency_profile,995,scc:0344,scc:0153,1,"{""recipe_output"":1}",2050
end_product_dependency_profile,996,scc:0345,scc:0150,1,"{""recipe_output"":1}",2053
end_product_dependency_profile,997,scc:0346,scc:0225,1,"{""recipe_output"":1}",1772
end_product_dependency_profile,998,scc:0347,scc:0154,1,"{""recipe_output"":1}",2056
end_product_dependency_profile,999,scc:0348,scc:0160,1,"{""recipe_output"":1}",2059
end_product_dependency_profile,1000,scc:0349,scc:0151,1,"{""recipe_output"":1}",2063
end_product_dependency_profile,1001,scc:0350,scc:0161,1,"{""recipe_output"":1}",2068
end_product_dependency_profile,1002,scc:0351,scc:0211,1,"{""recipe_output"":1}",2072
end_product_dependency_profile,1003,scc:0352,scc:0162,1,"{""recipe_output"":1}",2076
end_product_dependency_profile,1004,scc:0353,scc:0212,1,"{""recipe_output"":1}",2080
end_product_dependency_profile,1005,scc:0354,scc:0116,1,"{""recipe_output"":1}",2084
end_product_dependency_profile,1006,scc:0355,scc:0356,1,"{""pretech_explicit"":1}",1
end_product_dependency_profile,1007,scc:0356,scc:0166,1,"{""grants_item"":1}",7
end_product_dependency_profile,1008,scc:0356,scc:0168,1,"{""grants_item"":1}",6
end_product_dependency_profile,1009,scc:0356,scc:0179,1,"{""grants_item"":1}",8
end_product_dependency_profile,1010,scc:0356,scc:0309,1,"{""unlocks_recipe"":1}",5
end_product_dependency_profile,1011,scc:0356,scc:0325,1,"{""unlocks_recipe"":1}",3
end_product_dependency_profile,1012,scc:0356,scc:0335,1,"{""unlocks_recipe"":1}",4
end_product_dependency_profile,1013,scc:0356,scc:0357,1,"{""pretech_explicit"":1}",9
end_product_dependency_profile,1014,scc:0356,scc:0358,1,"{""pretech_explicit"":1}",15
end_product_dependency_profile,1015,scc:0356,scc:0365,1,"{""pretech_explicit"":1}",52
end_product_dependency_profile,1016,scc:0356,scc:0373,1,"{""pretech_explicit"":1}",152
end_product_dependency_profile,1017,scc:0356,scc:0380,1,"{""pretech_explicit"":1}",202
end_product_dependency_profile,1018,scc:0356,scc:0397,1,"{""pretech_explicit"":1}",337
end_product_dependency_profile,1019,scc:0356,scc:0405,1,"{""pretech_explicit"":1}",396
end_product_dependency_profile,1020,scc:0356,scc:0407,1,"{""pretech_explicit"":1}",433
end_product_dependency_profile,1021,scc:0356,scc:0411,1,"{""pretech_explicit"":1}",452
end_product_dependency_profile,1022,scc:0356,scc:0482,1,"{""pretech_implicit"":1}",875
end_product_dependency_profile,1023,scc:0356,scc:0544,1,"{""pretech_implicit"":1}",1323
end_product_dependency_profile,1024,scc:0357,scc:0199,1,"{""grants_item"":1}",14
end_product_dependency_profile,1025,scc:0357,scc:0228,1,"{""unlocks_recipe"":1}",13
end_product_dependency_profile,1026,scc:0357,scc:0346,1,"{""unlocks_recipe"":1}",12
end_product_dependency_profile,1027,scc:0357,scc:0388,1,"{""pretech_explicit"":1}",255
end_product_dependency_profile,1028,scc:0358,scc:0123,1,"{""grants_item"":1}",20
end_product_dependency_profile,1029,scc:0358,scc:0235,1,"{""unlocks_recipe"":1}",17
end_product_dependency_profile,1030,scc:0358,scc:0245,1,"{""unlocks_recipe"":1}",18
end_product_dependency_profile,1031,scc:0358,scc:0255,1,"{""unlocks_recipe"":1}",19
end_product_dependency_profile,1032,scc:0358,scc:0359,1,"{""pretech_explicit"":1}",22
end_product_dependency_profile,1033,scc:0358,scc:0360,1,"{""pretech_explicit"":1}",36
end_product_dependency_profile,1034,scc:0358,scc:0370,1,"{""pretech_explicit"":1}",137
end_product_dependency_profile,1035,scc:0358,scc:0414,1,"{""pretech_implicit"":1}",468
end_product_dependency_profile,1036,scc:0358,scc:0425,1,"{""pretech_implicit"":1}",539
end_product_dependency_profile,1037,scc:0359,scc:0100,2,"{""pretech_explicit"":2}",28|102
end_product_dependency_profile,1038,scc:0359,scc:0266,1,"{""unlocks_recipe"":1}",24
end_product_dependency_profile,1039,scc:0359,scc:0277,1,"{""unlocks_recipe"":1}",25
end_product_dependency_profile,1040,scc:0359,scc:0288,1,"{""unlocks_recipe"":1}",26
end_product_dependency_profile,1041,scc:0359,scc:0361,1,"{""pretech_explicit"":1}",40
end_product_dependency_profile,1042,scc:0359,scc:0366,1,"{""pretech_explicit"":1}",58
end_product_dependency_profile,1043,scc:0360,scc:0198,1,"{""grants_item"":1}",39
end_product_dependency_profile,1044,scc:0360,scc:0290,1,"{""unlocks_recipe"":1}",38
end_product_dependency_profile,1045,scc:0361,scc:0100,1,"{""unlocks_recipe"":1}",42
end_product_dependency_profile,1046,scc:0361,scc:0362,1,"{""pretech_explicit"":1}",43
end_product_dependency_profile,1047,scc:0362,scc:0292,1,"{""unlocks_recipe"":1}",45
end_product_dependency_profile,1048,scc:0362,scc:0363,1,"{""pretech_explicit"":1}",46
end_product_dependency_profile,1049,scc:0363,scc:0294,1,"{""unlocks_recipe"":1}",48
end_product_dependency_profile,1050,scc:0363,scc:0364,1,"{""pretech_explicit"":1}",49
end_product_dependency_profile,1051,scc:0363,scc:0400,1,"{""pretech_implicit"":1}",361
end_product_dependency_profile,1052,scc:0363,scc:0421,1,"{""pretech_implicit"":1}",510
end_product_dependency_profile,1053,scc:0364,scc:0295,1,"{""unlocks_recipe"":1}",51
end_product_dependency_profile,1054,scc:0364,scc:0401,1,"{""pretech_implicit"":1}",370
end_product_dependency_profile,1055,scc:0365,scc:0164,1,"{""grants_item"":1}",56
end_product_dependency_profile,1056,scc:0365,scc:0240,1,"{""unlocks_recipe"":1}",54
end_product_dependency_profile,1057,scc:0365,scc:0310,1,"{""unlocks_recipe"":1}",55
end_product_dependency_profile,1058,scc:0365,scc:0359,1,"{""pretech_explicit"":1}",21
end_product_dependency_profile,1059,scc:0365,scc:0366,1,"{""pretech_explicit"":1}",57
end_product_dependency_profile,1060,scc:0366,scc:0100,4,"{""pretech_explicit"":2,""unlocks_recipe"":2}",27|61|62|63
end_product_dependency_profile,1061,scc:0366,scc:0296,1,"{""unlocks_recipe"":1}",60
end_product_dependency_profile,1062,scc:0366,scc:0367,1,"{""pretech_explicit"":1}",86
end_product_dependency_profile,1063,scc:0367,scc:0100,2,"{""pretech_explicit"":1,""unlocks_recipe"":1}",88|90
end_product_dependency_profile,1064,scc:0367,scc:0298,1,"{""unlocks_recipe"":1}",89
end_product_dependency_profile,1065,scc:0368,scc:0304,1,"{""unlocks_recipe"":1}",130
end_product_dependency_profile,1066,scc:0369,scc:0303,1,"{""unlocks_recipe"":1}",134
end_product_dependency_profile,1067,scc:0369,scc:0305,1,"{""unlocks_recipe"":1}",135
end_product_dependency_profile,1068,scc:0369,scc:0368,1,"{""pretech_explicit"":1}",124
end_product_dependency_profile,1069,scc:0369,scc:0424,1,"{""pretech_explicit"":1}",530
end_product_dependency_profile,1070,scc:0369,scc:0435,1,"{""pretech_explicit"":1}",593
end_product_dependency_profile,1071,scc:0370,scc:0231,1,"{""unlocks_recipe"":1}",139
end_product_dependency_profile,1072,scc:0370,scc:0234,1,"{""unlocks_recipe"":1}",140
end_product_dependency_profile,1073,scc:0370,scc:0371,1,"{""pretech_explicit"":1}",142
end_product_dependency_profile,1074,scc:0371,scc:0232,1,"{""unlocks_recipe"":1}",145
end_product_dependency_profile,1075,scc:0371,scc:0372,1,"{""pretech_explicit"":1}",146
end_product_dependency_profile,1076,scc:0372,scc:0233,1,"{""unlocks_recipe"":1}",151
end_product_dependency_profile,1077,scc:0373,scc:0181,1,"{""grants_item"":1}",156
end_product_dependency_profile,1078,scc:0373,scc:0306,1,"{""unlocks_recipe"":1}",155
end_product_dependency_profile,1079,scc:0373,scc:0374,1,"{""pretech_explicit"":1}",157
end_product_dependency_profile,1080,scc:0373,scc:0379,1,"{""pretech_explicit"":1}",194
end_product_dependency_profile,1081,scc:0373,scc:0383,1,"{""pretech_explicit"":1}",224
end_product_dependency_profile,1082,scc:0373,scc:0388,1,"{""pretech_explicit"":1}",256
end_product_dependency_profile,1083,scc:0374,scc:0307,1,"{""unlocks_recipe"":1}",161
end_product_dependency_profile,1084,scc:0374,scc:0375,1,"{""pretech_explicit"":1}",163
end_product_dependency_profile,1085,scc:0375,scc:0308,1,"{""unlocks_recipe"":1}",169
end_product_dependency_profile,1086,scc:0375,scc:0433,1,"{""pretech_explicit"":1}",585
end_product_dependency_profile,1087,scc:0376,scc:0100,1,"{""pretech_explicit"":1}",197
end_product_dependency_profile,1088,scc:0376,scc:0313,1,"{""unlocks_recipe"":1}",173
end_product_dependency_profile,1089,scc:0376,scc:0371,1,"{""pretech_explicit"":1}",141
end_product_dependency_profile,1090,scc:0376,scc:0374,1,"{""pretech_explicit"":1}",158
end_product_dependency_profile,1091,scc:0376,scc:0416,1,"{""pretech_implicit"":1}",479
end_product_dependency_profile,1092,scc:0377,scc:0244,1,"{""unlocks_recipe"":1}",186
end_product_dependency_profile,1093,scc:0378,scc:0249,1,"{""unlocks_recipe"":1}",193
end_product_dependency_profile,1094,scc:0379,scc:0314,1,"{""unlocks_recipe"":1}",196
end_product_dependency_profile,1095,scc:0379,scc:0370,1,"{""pretech_explicit"":1}",136
end_product_dependency_profile,1096,scc:0379,scc:0376,1,"{""pretech_explicit"":1}",171
end_product_dependency_profile,1097,scc:0380,scc:0180,1,"{""grants_item"":1}",207
end_product_dependency_profile,1098,scc:0380,scc:0315,1,"{""unlocks_recipe"":1}",205
end_product_dependency_profile,1099,scc:0380,scc:0316,1,"{""unlocks_recipe"":1}",206
end_product_dependency_profile,1100,scc:0380,scc:0381,1,"{""pretech_explicit"":1}",208
end_product_dependency_profile,1101,scc:0380,scc:0382,1,"{""pretech_explicit"":1}",219
end_product_dependency_profile,1102,scc:0380,scc:0407,1,"{""pretech_implicit"":1}",434
end_product_dependency_profile,1103,scc:0380,scc:0408,1,"{""pretech_explicit"":1}",439
end_product_dependency_profile,1104,scc:0381,scc:0100,1,"{""pretech_explicit"":1}",213
end_product_dependency_profile,1105,scc:0381,scc:0291,1,"{""unlocks_recipe"":1}",211
end_product_dependency_profile,1106,scc:0381,scc:0299,1,"{""unlocks_recipe"":1}",210
end_product_dependency_profile,1107,scc:0381,scc:0317,1,"{""unlocks_recipe"":1}",212
end_product_dependency_profile,1108,scc:0381,scc:0388,1,"{""pretech_explicit"":1}",254
end_product_dependency_profile,1109,scc:0382,scc:0100,1,"{""pretech_explicit"":1}",228
end_product_dependency_profile,1110,scc:0382,scc:0319,1,"{""unlocks_recipe"":1}",221
end_product_dependency_profile,1111,scc:0382,scc:0385,1,"{""pretech_explicit"":1}",237
end_product_dependency_profile,1112,scc:0383,scc:0100,1,"{""pretech_explicit"":1}",101
end_product_dependency_profile,1113,scc:0383,scc:0169,1,"{""grants_item"":1}",227
end_product_dependency_profile,1114,scc:0383,scc:0320,1,"{""unlocks_recipe"":1}",226
end_product_dependency_profile,1115,scc:0384,scc:0321,1,"{""unlocks_recipe"":1}",236
end_product_dependency_profile,1116,scc:0384,scc:0386,1,"{""pretech_implicit"":1}",241
end_product_dependency_profile,1117,scc:0384,scc:0392,1,"{""pretech_explicit"":1}",305
end_product_dependency_profile,1118,scc:0384,scc:0401,1,"{""pretech_explicit"":1}",369
end_product_dependency_profile,1119,scc:0384,scc:0419,1,"{""pretech_implicit"":1}",499
end_product_dependency_profile,1120,scc:0384,scc:0422,1,"{""pretech_implicit"":1}",516
end_product_dependency_profile,1121,scc:0385,scc:0238,1,"{""unlocks_recipe"":1}",239
end_product_dependency_profile,1122,scc:0386,scc:0239,1,"{""unlocks_recipe"":1}",245
end_product_dependency_profile,1123,scc:0386,scc:0302,1,"{""unlocks_recipe"":1}",246
end_product_dependency_profile,1124,scc:0387,scc:0241,1,"{""unlocks_recipe"":1}",253
end_product_dependency_profile,1125,scc:0387,scc:0434,1,"{""pretech_explicit"":1}",589
end_product_dependency_profile,1126,scc:0388,scc:0100,1,"{""pretech_explicit"":1}",260
end_product_dependency_profile,1127,scc:0388,scc:0170,1,"{""grants_item"":1}",259
end_product_dependency_profile,1128,scc:0388,scc:0322,1,"{""unlocks_recipe"":1}",258
end_product_dependency_profile,1129,scc:0388,scc:0391,1,"{""pretech_explicit"":1}",300
end_product_dependency_profile,1130,scc:0389,scc:0330,1,"{""unlocks_recipe"":1}",295
end_product_dependency_profile,1131,scc:0389,scc:0390,1,"{""pretech_explicit"":1}",296
end_product_dependency_profile,1132,scc:0391,scc:0331,1,"{""unlocks_recipe"":1}",304
end_product_dependency_profile,1133,scc:0391,scc:0392,1,"{""pretech_explicit"":1}",306
end_product_dependency_profile,1134,scc:0392,scc:0332,1,"{""unlocks_recipe"":1}",310
end_product_dependency_profile,1135,scc:0392,scc:0402,1,"{""pretech_explicit"":1}",377
end_product_dependency_profile,1136,scc:0393,scc:0243,1,"{""unlocks_recipe"":1}",315
end_product_dependency_profile,1137,scc:0394,scc:0336,1,"{""unlocks_recipe"":1}",320
end_product_dependency_profile,1138,scc:0394,scc:0337,1,"{""unlocks_recipe"":1}",321
end_product_dependency_profile,1139,scc:0394,scc:0395,1,"{""pretech_explicit"":1}",322
end_product_dependency_profile,1140,scc:0394,scc:0406,1,"{""pretech_implicit"":1}",428
end_product_dependency_profile,1141,scc:0395,scc:0338,1,"{""unlocks_recipe"":1}",328
end_product_dependency_profile,1142,scc:0395,scc:0339,1,"{""unlocks_recipe"":1}",329
end_product_dependency_profile,1143,scc:0395,scc:0396,1,"{""pretech_explicit"":1}",330
end_product_dependency_profile,1144,scc:0395,scc:0572,1,"{""pretech_implicit"":1}",1010
end_product_dependency_profile,1145,scc:0397,scc:0149,1,"{""grants_item"":1}",343
end_product_dependency_profile,1146,scc:0397,scc:0152,1,"{""grants_item"":1}",344
end_product_dependency_profile,1147,scc:0397,scc:0340,1,"{""unlocks_recipe"":1}",340
end_product_dependency_profile,1148,scc:0397,scc:0341,1,"{""unlocks_recipe"":1}",341
end_product_dependency_profile,1149,scc:0397,scc:0342,1,"{""unlocks_recipe"":1}",342
end_product_dependency_profile,1150,scc:0397,scc:0398,1,"{""pretech_explicit"":1}",345
end_product_dependency_profile,1151,scc:0397,scc:0550,1,"{""pretech_implicit"":1}",1366
end_product_dependency_profile,1152,scc:0398,scc:0153,1,"{""grants_item"":1}",351
end_product_dependency_profile,1153,scc:0398,scc:0156,1,"{""grants_item"":1}",350
end_product_dependency_profile,1154,scc:0398,scc:0157,1,"{""grants_item"":1}",352
end_product_dependency_profile,1155,scc:0398,scc:0242,1,"{""unlocks_recipe"":1}",349
end_product_dependency_profile,1156,scc:0398,scc:0343,1,"{""unlocks_recipe"":1}",347
end_product_dependency_profile,1157,scc:0398,scc:0344,1,"{""unlocks_recipe"":1}",348
end_product_dependency_profile,1158,scc:0398,scc:0399,1,"{""pretech_explicit"":1}",353
end_product_dependency_profile,1159,scc:0398,scc:0404,1,"{""pretech_explicit"":1}",389
end_product_dependency_profile,1160,scc:0399,scc:0345,1,"{""unlocks_recipe"":1}",357
end_product_dependency_profile,1161,scc:0399,scc:0347,1,"{""unlocks_recipe"":1}",358
end_product_dependency_profile,1162,scc:0399,scc:0348,1,"{""unlocks_recipe"":1}",359
end_product_dependency_profile,1163,scc:0399,scc:0400,1,"{""pretech_explicit"":1}",360
end_product_dependency_profile,1164,scc:0399,scc:0403,1,"{""pretech_explicit"":1}",382
end_product_dependency_profile,1165,scc:0400,scc:0349,1,"{""unlocks_recipe"":1}",365
end_product_dependency_profile,1166,scc:0400,scc:0350,1,"{""unlocks_recipe"":1}",366
end_product_dependency_profile,1167,scc:0400,scc:0351,1,"{""unlocks_recipe"":1}",367
end_product_dependency_profile,1168,scc:0400,scc:0401,1,"{""pretech_explicit"":1}",368
end_product_dependency_profile,1169,scc:0400,scc:0527,1,"{""pretech_implicit"":1}",1187
end_product_dependency_profile,1170,scc:0400,scc:0534,1,"{""pretech_implicit"":1}",1240
end_product_dependency_profile,1171,scc:0401,scc:0352,1,"{""unlocks_recipe"":1}",374
end_product_dependency_profile,1172,scc:0401,scc:0353,1,"{""unlocks_recipe"":1}",375
end_product_dependency_profile,1173,scc:0401,scc:0402,1,"{""pretech_explicit"":1}",376
end_product_dependency_profile,1174,scc:0401,scc:0529,1,"{""pretech_implicit"":1}",1200
end_product_dependency_profile,1175,scc:0401,scc:0536,1,"{""pretech_implicit"":1}",1253
end_product_dependency_profile,1176,scc:0402,scc:0237,1,"{""unlocks_recipe"":1}",381
end_product_dependency_profile,1177,scc:0403,scc:0246,1,"{""unlocks_recipe"":1}",387
end_product_dependency_profile,1178,scc:0403,scc:0289,1,"{""unlocks_recipe"":1}",388
end_product_dependency_profile,1179,scc:0403,scc:0515,1,"{""pretech_implicit"":1}",1096
end_product_dependency_profile,1180,scc:0403,scc:0520,1,"{""pretech_implicit"":1}",1122
end_product_dependency_profile,1181,scc:0403,scc:0521,1,"{""pretech_implicit"":1}",1128
end_product_dependency_profile,1182,scc:0403,scc:0526,1,"{""pretech_implicit"":1}",1154
end_product_dependency_profile,1183,scc:0404,scc:0247,1,"{""unlocks_recipe"":1}",393
end_product_dependency_profile,1184,scc:0404,scc:0248,1,"{""unlocks_recipe"":1}",394
end_product_dependency_profile,1185,scc:0404,scc:0563,1,"{""pretech_implicit"":1}",1160
end_product_dependency_profile,1186,scc:0405,scc:0100,1,"{""pretech_explicit"":1}",399
end_product_dependency_profile,1187,scc:0405,scc:0354,1,"{""unlocks_recipe"":1}",398
end_product_dependency_profile,1188,scc:0406,scc:0329,1,"{""unlocks_recipe"":1}",432
end_product_dependency_profile,1189,scc:0407,scc:0132,1,"{""grants_item"":1}",438
end_product_dependency_profile,1190,scc:0407,scc:0250,1,"{""unlocks_recipe"":1}",436
end_product_dependency_profile,1191,scc:0407,scc:0262,1,"{""unlocks_recipe"":1}",437
end_product_dependency_profile,1192,scc:0407,scc:0412,1,"{""pretech_explicit"":1}",456
end_product_dependency_profile,1193,scc:0407,scc:0418,1,"{""pretech_explicit"":1}",493
end_product_dependency_profile,1194,scc:0407,scc:0431,1,"{""pretech_explicit"":1}",577
end_product_dependency_profile,1195,scc:0407,scc:0578,1,"{""pretech_implicit"":1}",1427
end_product_dependency_profile,1196,scc:0407,scc:0584,1,"{""pretech_implicit"":1}",1455
end_product_dependency_profile,1197,scc:0408,scc:0259,1,"{""unlocks_recipe"":1}",441
end_product_dependency_profile,1198,scc:0408,scc:0412,1,"{""pretech_implicit"":1}",457
end_product_dependency_profile,1199,scc:0408,scc:0590,1,"{""pretech_implicit"":1}",1483
end_product_dependency_profile,1200,scc:0409,scc:0260,1,"{""unlocks_recipe"":1}",445
end_product_dependency_profile,1201,scc:0410,scc:0261,1,"{""unlocks_recipe"":1}",451
end_product_dependency_profile,1202,scc:0411,scc:0230,1,"{""unlocks_recipe"":1}",454
end_product_dependency_profile,1203,scc:0411,scc:0412,1,"{""pretech_explicit"":1}",455
end_product_dependency_profile,1204,scc:0411,scc:0431,1,"{""pretech_explicit"":1}",578
end_product_dependency_profile,1205,scc:0412,scc:0254,1,"{""unlocks_recipe"":1}",459
end_product_dependency_profile,1206,scc:0412,scc:0271,1,"{""unlocks_recipe"":1}",460
end_product_dependency_profile,1207,scc:0412,scc:0413,1,"{""pretech_explicit"":1}",461
end_product_dependency_profile,1208,scc:0412,scc:0414,1,"{""pretech_explicit"":1}",467
end_product_dependency_profile,1209,scc:0412,scc:0416,1,"{""pretech_explicit"":1}",478
end_product_dependency_profile,1210,scc:0413,scc:0252,1,"{""unlocks_recipe"":1}",465
end_product_dependency_profile,1211,scc:0413,scc:0265,1,"{""unlocks_recipe"":1}",466
end_product_dependency_profile,1212,scc:0413,scc:0415,1,"{""pretech_explicit"":1}",472
end_product_dependency_profile,1213,scc:0413,scc:0420,1,"{""pretech_explicit"":1}",504
end_product_dependency_profile,1214,scc:0414,scc:0257,1,"{""unlocks_recipe"":1}",471
end_product_dependency_profile,1215,scc:0415,scc:0251,1,"{""unlocks_recipe"":1}",476
end_product_dependency_profile,1216,scc:0415,scc:0258,1,"{""unlocks_recipe"":1}",477
end_product_dependency_profile,1217,scc:0415,scc:0417,1,"{""pretech_explicit"":1}",484
end_product_dependency_profile,1218,scc:0415,scc:0428,1,"{""pretech_explicit"":1}",555
end_product_dependency_profile,1219,scc:0415,scc:0611,1,"{""pretech_implicit"":1}",1595
end_product_dependency_profile,1220,scc:0416,scc:0256,1,"{""unlocks_recipe"":1}",482
end_product_dependency_profile,1221,scc:0416,scc:0286,1,"{""unlocks_recipe"":1}",483
end_product_dependency_profile,1222,scc:0416,scc:0430,1,"{""pretech_explicit"":1}",572
end_product_dependency_profile,1223,scc:0416,scc:0636,1,"{""pretech_implicit"":1}",1721
end_product_dependency_profile,1224,scc:0417,scc:0253,1,"{""unlocks_recipe"":1}",490
end_product_dependency_profile,1225,scc:0417,scc:0269,1,"{""unlocks_recipe"":1}",491
end_product_dependency_profile,1226,scc:0417,scc:0285,1,"{""unlocks_recipe"":1}",492
end_product_dependency_profile,1227,scc:0417,scc:0424,1,"{""pretech_explicit"":1}",531
end_product_dependency_profile,1228,scc:0418,scc:0263,1,"{""unlocks_recipe"":1}",497
end_product_dependency_profile,1229,scc:0418,scc:0419,1,"{""pretech_explicit"":1}",498
end_product_dependency_profile,1230,scc:0419,scc:0264,1,"{""unlocks_recipe"":1}",503
end_product_dependency_profile,1231,scc:0420,scc:0267,1,"{""unlocks_recipe"":1}",508
end_product_dependency_profile,1232,scc:0420,scc:0421,1,"{""pretech_explicit"":1}",509
end_product_dependency_profile,1233,scc:0421,scc:0272,1,"{""unlocks_recipe"":1}",514
end_product_dependency_profile,1234,scc:0421,scc:0422,1,"{""pretech_explicit"":1}",515
end_product_dependency_profile,1235,scc:0422,scc:0268,1,"{""unlocks_recipe"":1}",521
end_product_dependency_profile,1236,scc:0422,scc:0423,1,"{""pretech_explicit"":1}",522
end_product_dependency_profile,1237,scc:0423,scc:0273,1,"{""unlocks_recipe"":1}",529
end_product_dependency_profile,1238,scc:0424,scc:0270,1,"{""unlocks_recipe"":1}",537
end_product_dependency_profile,1239,scc:0425,scc:0274,1,"{""unlocks_recipe"":1}",541
end_product_dependency_profile,1240,scc:0425,scc:0426,1,"{""pretech_explicit"":1}",544
end_product_dependency_profile,1241,scc:0425,scc:0427,1,"{""pretech_explicit"":1}",549
end_product_dependency_profile,1242,scc:0425,scc:0596,1,"{""pretech_implicit"":1}",1511
end_product_dependency_profile,1243,scc:0425,scc:0601,1,"{""pretech_implicit"":1}",1539
end_product_dependency_profile,1244,scc:0425,scc:0606,1,"{""pretech_implicit"":1}",1567
end_product_dependency_profile,1245,scc:0425,scc:0616,1,"{""pretech_implicit"":1}",1621
end_product_dependency_profile,1246,scc:0426,scc:0275,1,"{""unlocks_recipe"":1}",548
end_product_dependency_profile,1247,scc:0426,scc:0428,1,"{""pretech_explicit"":1}",556
end_product_dependency_profile,1248,scc:0427,scc:0276,1,"{""unlocks_recipe"":1}",554
end_product_dependency_profile,1249,scc:0427,scc:0429,1,"{""pretech_explicit"":1}",565
end_product_dependency_profile,1250,scc:0428,scc:0278,1,"{""unlocks_recipe"":1}",561
end_product_dependency_profile,1251,scc:0428,scc:0429,1,"{""pretech_explicit"":1}",564
end_product_dependency_profile,1252,scc:0428,scc:0623,1,"{""pretech_implicit"":1}",1655
end_product_dependency_profile,1253,scc:0429,scc:0279,1,"{""unlocks_recipe"":1}",571
end_product_dependency_profile,1254,scc:0430,scc:0287,1,"{""unlocks_recipe"":1}",576
end_product_dependency_profile,1255,scc:0431,scc:0280,1,"{""unlocks_recipe"":1}",580
end_product_dependency_profile,1256,scc:0431,scc:0425,1,"{""pretech_explicit"":1}",538
end_product_dependency_profile,1257,scc:0432,scc:0281,1,"{""unlocks_recipe"":1}",584
end_product_dependency_profile,1258,scc:0433,scc:0282,1,"{""unlocks_recipe"":1}",588
end_product_dependency_profile,1259,scc:0434,scc:0283,1,"{""unlocks_recipe"":1}",592
end_product_dependency_profile,1260,scc:0435,scc:0284,1,"{""unlocks_recipe"":1}",596
end_product_dependency_profile,1261,scc:0436,scc:0437,1,"{""pretech_explicit"":1}",602
end_product_dependency_profile,1262,scc:0436,scc:0442,1,"{""pretech_implicit"":1}",641
end_product_dependency_profile,1263,scc:0436,scc:0443,1,"{""pretech_implicit"":1}",645
end_product_dependency_profile,1264,scc:0436,scc:0450,1,"{""pretech_implicit"":1}",688
end_product_dependency_profile,1265,scc:0436,scc:0451,1,"{""pretech_implicit"":1}",693
end_product_dependency_profile,1266,scc:0436,scc:0457,1,"{""pretech_implicit"":1}",732
end_product_dependency_profile,1267,scc:0436,scc:0458,1,"{""pretech_implicit"":1}",736
end_product_dependency_profile,1268,scc:0436,scc:0464,1,"{""pretech_implicit"":1}",770
end_product_dependency_profile,1269,scc:0436,scc:0470,1,"{""pretech_implicit"":1}",804
end_product_dependency_profile,1270,scc:0436,scc:0476,1,"{""pretech_implicit"":1}",837
end_product_dependency_profile,1271,scc:0436,scc:0477,1,"{""pretech_implicit"":1}",842
end_product_dependency_profile,1272,scc:0436,scc:0489,1,"{""pretech_implicit"":1}",918
end_product_dependency_profile,1273,scc:0436,scc:0495,1,"{""pretech_implicit"":1}",949
end_product_dependency_profile,1274,scc:0436,scc:0630,1,"{""pretech_implicit"":1}",1693
end_product_dependency_profile,1275,scc:0437,scc:0438,1,"{""pretech_explicit"":1}",609
end_product_dependency_profile,1276,scc:0437,scc:0444,1,"{""pretech_implicit"":1}",650
end_product_dependency_profile,1277,scc:0437,scc:0445,1,"{""pretech_implicit"":1}",655
end_product_dependency_profile,1278,scc:0437,scc:0452,1,"{""pretech_implicit"":1}",698
end_product_dependency_profile,1279,scc:0437,scc:0453,1,"{""pretech_implicit"":1}",705
end_product_dependency_profile,1280,scc:0437,scc:0459,1,"{""pretech_implicit"":1}",741
end_product_dependency_profile,1281,scc:0437,scc:0465,1,"{""pretech_implicit"":1}",776
end_product_dependency_profile,1282,scc:0437,scc:0471,1,"{""pretech_implicit"":1}",808
end_product_dependency_profile,1283,scc:0437,scc:0478,1,"{""pretech_implicit"":1}",847
end_product_dependency_profile,1284,scc:0437,scc:0483,1,"{""pretech_implicit"":1}",881
end_product_dependency_profile,1285,scc:0437,scc:0490,1,"{""pretech_implicit"":1}",923
end_product_dependency_profile,1286,scc:0438,scc:0439,1,"{""pretech_explicit"":1}",617
end_product_dependency_profile,1287,scc:0438,scc:0446,1,"{""pretech_implicit"":1}",661
end_product_dependency_profile,1288,scc:0438,scc:0454,1,"{""pretech_implicit"":1}",713
end_product_dependency_profile,1289,scc:0438,scc:0460,1,"{""pretech_implicit"":1}",746
end_product_dependency_profile,1290,scc:0438,scc:0466,1,"{""pretech_implicit"":1}",781
end_product_dependency_profile,1291,scc:0438,scc:0472,1,"{""pretech_implicit"":1}",813
end_product_dependency_profile,1292,scc:0438,scc:0479,1,"{""pretech_implicit"":1}",853
end_product_dependency_profile,1293,scc:0438,scc:0484,1,"{""pretech_implicit"":1}",887
end_product_dependency_profile,1294,scc:0438,scc:0491,1,"{""pretech_implicit"":1}",928
end_product_dependency_profile,1295,scc:0439,scc:0440,1,"{""pretech_explicit"":1}",626
end_product_dependency_profile,1296,scc:0439,scc:0447,1,"{""pretech_implicit"":1}",667
end_product_dependency_profile,1297,scc:0439,scc:0448,1,"{""pretech_implicit"":1}",674
end_product_dependency_profile,1298,scc:0439,scc:0461,1,"{""pretech_implicit"":1}",752
end_product_dependency_profile,1299,scc:0439,scc:0467,1,"{""pretech_implicit"":1}",787
end_product_dependency_profile,1300,scc:0439,scc:0473,1,"{""pretech_implicit"":1}",819
end_product_dependency_profile,1301,scc:0439,scc:0480,1,"{""pretech_implicit"":1}",860
end_product_dependency_profile,1302,scc:0439,scc:0486,1,"{""pretech_implicit"":1}",902
end_product_dependency_profile,1303,scc:0439,scc:0492,1,"{""pretech_implicit"":1}",934
end_product_dependency_profile,1304,scc:0440,scc:0441,1,"{""pretech_explicit"":1}",636
end_product_dependency_profile,1305,scc:0440,scc:0449,1,"{""pretech_implicit"":1}",681
end_product_dependency_profile,1306,scc:0440,scc:0455,1,"{""pretech_implicit"":1}",720
end_product_dependency_profile,1307,scc:0440,scc:0462,1,"{""pretech_implicit"":1}",759
end_product_dependency_profile,1308,scc:0440,scc:0463,1,"{""pretech_implicit"":1}",767
end_product_dependency_profile,1309,scc:0440,scc:0468,1,"{""pretech_implicit"":1}",793
end_product_dependency_profile,1310,scc:0440,scc:0469,1,"{""pretech_implicit"":1}",801
end_product_dependency_profile,1311,scc:0440,scc:0474,1,"{""pretech_implicit"":1}",826
end_product_dependency_profile,1312,scc:0440,scc:0475,1,"{""pretech_implicit"":1}",834
end_product_dependency_profile,1313,scc:0440,scc:0481,1,"{""pretech_implicit"":1}",868
end_product_dependency_profile,1314,scc:0440,scc:0487,1,"{""pretech_implicit"":1}",911
end_product_dependency_profile,1315,scc:0442,scc:0443,1,"{""pretech_explicit"":1}",644
end_product_dependency_profile,1316,scc:0443,scc:0444,1,"{""pretech_explicit"":1}",649
end_product_dependency_profile,1317,scc:0444,scc:0445,1,"{""pretech_explicit"":1}",654
end_product_dependency_profile,1318,scc:0445,scc:0446,1,"{""pretech_explicit"":1}",660
end_product_dependency_profile,1319,scc:0446,scc:0447,1,"{""pretech_explicit"":1}",666
end_product_dependency_profile,1320,scc:0447,scc:0448,1,"{""pretech_explicit"":1}",673
end_product_dependency_profile,1321,scc:0448,scc:0449,1,"{""pretech_explicit"":1}",680
end_product_dependency_profile,1322,scc:0450,scc:0451,1,"{""pretech_explicit"":1}",692
end_product_dependency_profile,1323,scc:0451,scc:0452,1,"{""pretech_explicit"":1}",697
end_product_dependency_profile,1324,scc:0452,scc:0453,1,"{""pretech_explicit"":1}",704
end_product_dependency_profile,1325,scc:0453,scc:0454,1,"{""pretech_explicit"":1}",712
end_product_dependency_profile,1326,scc:0454,scc:0455,1,"{""pretech_explicit"":1}",719
end_product_dependency_profile,1327,scc:0455,scc:0456,1,"{""pretech_explicit"":1}",728
end_product_dependency_profile,1328,scc:0457,scc:0458,1,"{""pretech_explicit"":1}",735
end_product_dependency_profile,1329,scc:0458,scc:0459,1,"{""pretech_explicit"":1}",740
end_product_dependency_profile,1330,scc:0459,scc:0460,1,"{""pretech_explicit"":1}",745
end_product_dependency_profile,1331,scc:0460,scc:0461,1,"{""pretech_explicit"":1}",751
end_product_dependency_profile,1332,scc:0461,scc:0462,1,"{""pretech_explicit"":1}",758
end_product_dependency_profile,1333,scc:0462,scc:0463,1,"{""pretech_explicit"":1}",766
end_product_dependency_profile,1334,scc:0464,scc:0465,1,"{""pretech_explicit"":1}",775
end_product_dependency_profile,1335,scc:0465,scc:0466,1,"{""pretech_explicit"":1}",780
end_product_dependency_profile,1336,scc:0466,scc:0467,1,"{""pretech_explicit"":1}",786
end_product_dependency_profile,1337,scc:0467,scc:0468,1,"{""pretech_explicit"":1}",792
end_product_dependency_profile,1338,scc:0468,scc:0469,1,"{""pretech_explicit"":1}",800
end_product_dependency_profile,1339,scc:0470,scc:0471,1,"{""pretech_explicit"":1}",807
end_product_dependency_profile,1340,scc:0471,scc:0472,1,"{""pretech_explicit"":1}",812
end_product_dependency_profile,1341,scc:0472,scc:0473,1,"{""pretech_explicit"":1}",818
end_product_dependency_profile,1342,scc:0473,scc:0474,1,"{""pretech_explicit"":1}",825
end_product_dependency_profile,1343,scc:0474,scc:0475,1,"{""pretech_explicit"":1}",833
end_product_dependency_profile,1344,scc:0476,scc:0477,1,"{""pretech_explicit"":1}",841
end_product_dependency_profile,1345,scc:0477,scc:0478,1,"{""pretech_explicit"":1}",846
end_product_dependency_profile,1346,scc:0478,scc:0479,1,"{""pretech_explicit"":1}",852
end_product_dependency_profile,1347,scc:0479,scc:0480,1,"{""pretech_explicit"":1}",859
end_product_dependency_profile,1348,scc:0480,scc:0481,1,"{""pretech_explicit"":1}",867
end_product_dependency_profile,1349,scc:0482,scc:0483,1,"{""pretech_explicit"":1}",880
end_product_dependency_profile,1350,scc:0483,scc:0484,1,"{""pretech_explicit"":1}",886
end_product_dependency_profile,1351,scc:0484,scc:0485,1,"{""pretech_explicit"":1}",894
end_product_dependency_profile,1352,scc:0485,scc:0486,1,"{""pretech_explicit"":1}",901
end_product_dependency_profile,1353,scc:0486,scc:0487,1,"{""pretech_explicit"":1}",910
end_product_dependency_profile,1354,scc:0487,scc:0488,1,"{""pretech_explicit"":1}",915
end_product_dependency_profile,1355,scc:0489,scc:0490,1,"{""pretech_explicit"":1}",922
end_product_dependency_profile,1356,scc:0490,scc:0491,1,"{""pretech_explicit"":1}",927
end_product_dependency_profile,1357,scc:0490,scc:0570,1,"{""pretech_implicit"":1}",1416
end_product_dependency_profile,1358,scc:0491,scc:0492,1,"{""pretech_explicit"":1}",933
end_product_dependency_profile,1359,scc:0492,scc:0493,1,"{""pretech_explicit"":1}",940
end_product_dependency_profile,1360,scc:0492,scc:0530,1,"{""pretech_implicit"":1}",1208
end_product_dependency_profile,1361,scc:0493,scc:0494,1,"{""pretech_explicit"":1}",946
end_product_dependency_profile,1362,scc:0495,scc:0496,1,"{""pretech_explicit"":1}",952
end_product_dependency_profile,1363,scc:0496,scc:0497,1,"{""pretech_explicit"":1}",956
end_product_dependency_profile,1364,scc:0497,scc:0498,1,"{""pretech_explicit"":1}",961
end_product_dependency_profile,1365,scc:0498,scc:0499,1,"{""pretech_explicit"":1}",967
end_product_dependency_profile,1366,scc:0499,scc:0500,1,"{""pretech_explicit"":1}",974
end_product_dependency_profile,1367,scc:0501,scc:0502,1,"{""pretech_explicit"":1}",982
end_product_dependency_profile,1368,scc:0502,scc:0503,1,"{""pretech_explicit"":1}",987
end_product_dependency_profile,1369,scc:0503,scc:0504,1,"{""pretech_explicit"":1}",992
end_product_dependency_profile,1370,scc:0504,scc:0505,1,"{""pretech_explicit"":1}",998
end_product_dependency_profile,1371,scc:0505,scc:0506,1,"{""pretech_explicit"":1}",1004
end_product_dependency_profile,1372,scc:0507,scc:0508,1,"{""pretech_explicit"":1}",1057
end_product_dependency_profile,1373,scc:0508,scc:0509,1,"{""pretech_explicit"":1}",1062
end_product_dependency_profile,1374,scc:0509,scc:0510,1,"{""pretech_explicit"":1}",1067
end_product_dependency_profile,1375,scc:0510,scc:0511,1,"{""pretech_explicit"":1}",1073
end_product_dependency_profile,1376,scc:0511,scc:0512,1,"{""pretech_explicit"":1}",1079
end_product_dependency_profile,1377,scc:0512,scc:0513,1,"{""pretech_explicit"":1}",1086
end_product_dependency_profile,1378,scc:0513,scc:0514,1,"{""pretech_explicit"":1}",1093
end_product_dependency_profile,1379,scc:0515,scc:0516,1,"{""pretech_explicit"":1}",1101
end_product_dependency_profile,1380,scc:0516,scc:0517,1,"{""pretech_explicit"":1}",1106
end_product_dependency_profile,1381,scc:0517,scc:0518,1,"{""pretech_explicit"":1}",1111
end_product_dependency_profile,1382,scc:0518,scc:0519,1,"{""pretech_explicit"":1}",1116
end_product_dependency_profile,1383,scc:0519,scc:0520,1,"{""pretech_explicit"":1}",1121
end_product_dependency_profile,1384,scc:0521,scc:0522,1,"{""pretech_explicit"":1}",1133
end_product_dependency_profile,1385,scc:0522,scc:0523,1,"{""pretech_explicit"":1}",1138
end_product_dependency_profile,1386,scc:0523,scc:0524,1,"{""pretech_explicit"":1}",1143
end_product_dependency_profile,1387,scc:0524,scc:0525,1,"{""pretech_explicit"":1}",1148
end_product_dependency_profile,1388,scc:0525,scc:0526,1,"{""pretech_explicit"":1}",1153
end_product_dependency_profile,1389,scc:0527,scc:0528,1,"{""pretech_explicit"":1}",1193
end_product_dependency_profile,1390,scc:0528,scc:0529,1,"{""pretech_explicit"":1}",1199
end_product_dependency_profile,1391,scc:0529,scc:0530,1,"{""pretech_explicit"":1}",1207
end_product_dependency_profile,1392,scc:0530,scc:0531,1,"{""pretech_explicit"":1}",1217
end_product_dependency_profile,1393,scc:0531,scc:0532,1,"{""pretech_explicit"":1}",1226
end_product_dependency_profile,1394,scc:0532,scc:0533,1,"{""pretech_explicit"":1}",1235
end_product_dependency_profile,1395,scc:0534,scc:0535,1,"{""pretech_explicit"":1}",1246
end_product_dependency_profile,1396,scc:0535,scc:0536,1,"{""pretech_explicit"":1}",1252
end_product_dependency_profile,1397,scc:0536,scc:0537,1,"{""pretech_explicit"":1}",1260
end_product_dependency_profile,1398,scc:0537,scc:0538,1,"{""pretech_explicit"":1}",1267
end_product_dependency_profile,1399,scc:0538,scc:0539,1,"{""pretech_explicit"":1}",1275
end_product_dependency_profile,1400,scc:0539,scc:0540,1,"{""pretech_explicit"":1}",1283
end_product_dependency_profile,1401,scc:0540,scc:0541,1,"{""pretech_explicit"":1}",1292
end_product_dependency_profile,1402,scc:0541,scc:0542,1,"{""pretech_explicit"":1}",1300
end_product_dependency_profile,1403,scc:0541,scc:0556,1,"{""pretech_implicit"":1}",1312
end_product_dependency_profile,1404,scc:0542,scc:0543,1,"{""pretech_explicit"":1}",1306
end_product_dependency_profile,1405,scc:0542,scc:0557,1,"{""pretech_implicit"":1}",1316
end_product_dependency_profile,1406,scc:0543,scc:0558,1,"{""pretech_implicit"":1}",1320
end_product_dependency_profile,1407,scc:0544,scc:0545,1,"{""pretech_explicit"":1}",1329
end_product_dependency_profile,1408,scc:0545,scc:0546,1,"{""pretech_explicit"":1}",1336
end_product_dependency_profile,1409,scc:0546,scc:0547,1,"{""pretech_explicit"":1}",1344
end_product_dependency_profile,1410,scc:0547,scc:0548,1,"{""pretech_explicit"":1}",1352
end_product_dependency_profile,1411,scc:0548,scc:0549,1,"{""pretech_explicit"":1}",1361
end_product_dependency_profile,1412,scc:0550,scc:0400,1,"{""pretech_implicit"":1}",362
end_product_dependency_profile,1413,scc:0550,scc:0551,1,"{""pretech_explicit"":1}",1370
end_product_dependency_profile,1414,scc:0551,scc:0552,1,"{""pretech_explicit"":1}",1374
end_product_dependency_profile,1415,scc:0552,scc:0553,1,"{""pretech_explicit"":1}",1379
end_product_dependency_profile,1416,scc:0553,scc:0554,1,"{""pretech_explicit"":1}",1385
end_product_dependency_profile,1417,scc:0554,scc:0555,1,"{""pretech_explicit"":1}",1391
end_product_dependency_profile,1418,scc:0556,scc:0557,1,"{""pretech_explicit"":1}",1315
end_product_dependency_profile,1419,scc:0557,scc:0558,1,"{""pretech_explicit"":1}",1319
end_product_dependency_profile,1420,scc:0559,scc:0560,1,"{""pretech_explicit"":1}",1401
end_product_dependency_profile,1421,scc:0560,scc:0561,1,"{""pretech_explicit"":1}",1404
end_product_dependency_profile,1422,scc:0561,scc:0562,1,"{""pretech_explicit"":1}",1407
end_product_dependency_profile,1423,scc:0563,scc:0564,1,"{""pretech_explicit"":1}",1164
end_product_dependency_profile,1424,scc:0564,scc:0565,1,"{""pretech_explicit"":1}",1169
end_product_dependency_profile,1425,scc:0565,scc:0566,1,"{""pretech_explicit"":1}",1174
end_product_dependency_profile,1426,scc:0566,scc:0567,1,"{""pretech_explicit"":1}",1180
end_product_dependency_profile,1427,scc:0568,scc:0569,1,"{""pretech_explicit"":1}",1412
end_product_dependency_profile,1428,scc:0569,scc:0570,1,"{""pretech_explicit"":1}",1415
end_product_dependency_profile,1429,scc:0570,scc:0571,1,"{""pretech_explicit"":1}",1421
end_product_dependency_profile,1430,scc:0572,scc:0573,1,"{""pretech_explicit"":1}",1017
end_product_dependency_profile,1431,scc:0573,scc:0574,1,"{""pretech_explicit"":1}",1024
end_product_dependency_profile,1432,scc:0574,scc:0575,1,"{""pretech_explicit"":1}",1031
end_product_dependency_profile,1433,scc:0575,scc:0576,1,"{""pretech_explicit"":1}",1038
end_product_dependency_profile,1434,scc:0576,scc:0577,1,"{""pretech_explicit"":1}",1045
end_product_dependency_profile,1435,scc:0578,scc:0579,1,"{""pretech_explicit"":1}",1430
end_product_dependency_profile,1436,scc:0579,scc:0580,1,"{""pretech_explicit"":1}",1434
end_product_dependency_profile,1437,scc:0580,scc:0581,1,"{""pretech_explicit"":1}",1439
end_product_dependency_profile,1438,scc:0581,scc:0582,1,"{""pretech_explicit"":1}",1445
end_product_dependency_profile,1439,scc:0582,scc:0583,1,"{""pretech_explicit"":1}",1452
end_product_dependency_profile,1440,scc:0584,scc:0585,1,"{""pretech_explicit"":1}",1458
end_product_dependency_profile,1441,scc:0585,scc:0586,1,"{""pretech_explicit"":1}",1462
end_product_dependency_profile,1442,scc:0586,scc:0587,1,"{""pretech_explicit"":1}",1467
end_product_dependency_profile,1443,scc:0587,scc:0588,1,"{""pretech_explicit"":1}",1473
end_product_dependency_profile,1444,scc:0588,scc:0589,1,"{""pretech_explicit"":1}",1480
end_product_dependency_profile,1445,scc:0590,scc:0591,1,"{""pretech_explicit"":1}",1486
end_product_dependency_profile,1446,scc:0591,scc:0592,1,"{""pretech_explicit"":1}",1490
end_product_dependency_profile,1447,scc:0592,scc:0593,1,"{""pretech_explicit"":1}",1495
end_product_dependency_profile,1448,scc:0593,scc:0594,1,"{""pretech_explicit"":1}",1501
end_product_dependency_profile,1449,scc:0594,scc:0595,1,"{""pretech_explicit"":1}",1508
end_product_dependency_profile,1450,scc:0596,scc:0597,1,"{""pretech_explicit"":1}",1515
end_product_dependency_profile,1451,scc:0597,scc:0598,1,"{""pretech_explicit"":1}",1520
end_product_dependency_profile,1452,scc:0598,scc:0599,1,"{""pretech_explicit"":1}",1527
end_product_dependency_profile,1453,scc:0599,scc:0600,1,"{""pretech_explicit"":1}",1535
end_product_dependency_profile,1454,scc:0601,scc:0602,1,"{""pretech_explicit"":1}",1543
end_product_dependency_profile,1455,scc:0602,scc:0603,1,"{""pretech_explicit"":1}",1548
end_product_dependency_profile,1456,scc:0603,scc:0604,1,"{""pretech_explicit"":1}",1555
end_product_dependency_profile,1457,scc:0604,scc:0605,1,"{""pretech_explicit"":1}",1563
end_product_dependency_profile,1458,scc:0606,scc:0607,1,"{""pretech_explicit"":1}",1571
end_product_dependency_profile,1459,scc:0607,scc:0608,1,"{""pretech_explicit"":1}",1576
end_product_dependency_profile,1460,scc:0608,scc:0609,1,"{""pretech_explicit"":1}",1583
end_product_dependency_profile,1461,scc:0609,scc:0610,1,"{""pretech_explicit"":1}",1591
end_product_dependency_profile,1462,scc:0611,scc:0612,1,"{""pretech_explicit"":1}",1600
end_product_dependency_profile,1463,scc:0612,scc:0613,1,"{""pretech_explicit"":1}",1605
end_product_dependency_profile,1464,scc:0613,scc:0614,1,"{""pretech_explicit"":1}",1611
end_product_dependency_profile,1465,scc:0614,scc:0615,1,"{""pretech_explicit"":1}",1618
end_product_dependency_profile,1466,scc:0616,scc:0617,1,"{""pretech_explicit"":1}",1625
end_product_dependency_profile,1467,scc:0617,scc:0618,1,"{""pretech_explicit"":1}",1630
end_product_dependency_profile,1468,scc:0618,scc:0619,1,"{""pretech_explicit"":1}",1636
end_product_dependency_profile,1469,scc:0619,scc:0620,1,"{""pretech_explicit"":1}",1642
end_product_dependency_profile,1470,scc:0620,scc:0621,1,"{""pretech_explicit"":1}",1649
end_product_dependency_profile,1471,scc:0621,scc:0622,1,"{""pretech_explicit"":1}",1652
end_product_dependency_profile,1472,scc:0623,scc:0624,1,"{""pretech_explicit"":1}",1661
end_product_dependency_profile,1473,scc:0624,scc:0625,1,"{""pretech_explicit"":1}",1667
end_product_dependency_profile,1474,scc:0625,scc:0626,1,"{""pretech_explicit"":1}",1673
end_product_dependency_profile,1475,scc:0626,scc:0627,1,"{""pretech_explicit"":1}",1680
end_product_dependency_profile,1476,scc:0627,scc:0628,1,"{""pretech_explicit"":1}",1687
end_product_dependency_profile,1477,scc:0628,scc:0629,1,"{""pretech_explicit"":1}",1690
end_product_dependency_profile,1478,scc:0630,scc:0631,1,"{""pretech_explicit"":1}",1696
end_product_dependency_profile,1479,scc:0631,scc:0632,1,"{""pretech_explicit"":1}",1700
end_product_dependency_profile,1480,scc:0632,scc:0633,1,"{""pretech_explicit"":1}",1705
end_product_dependency_profile,1481,scc:0633,scc:0634,1,"{""pretech_explicit"":1}",1711
end_product_dependency_profile,1482,scc:0634,scc:0635,1,"{""pretech_explicit"":1}",1718
end_product_dependency_profile,1483,scc:0636,scc:0637,1,"{""pretech_explicit"":1}",1725
end_product_dependency_profile,1484,scc:0637,scc:0638,1,"{""pretech_explicit"":1}",1729
end_product_dependency_profile,1485,scc:0638,scc:0639,1,"{""pretech_explicit"":1}",1734
end_product_dependency_profile,1486,scc:0639,scc:0640,1,"{""pretech_explicit"":1}",1740
end_product_dependency_profile,1487,scc:0640,scc:0641,1,"{""pretech_explicit"":1}",1747
end_product_dependency_profile,1488,scc:0642,scc:0078,1,"{""theme_water_resource"":1}",2364
end_product_dependency_profile,1489,scc:0642,scc:0667,1,"{""theme_base_vein_config_present"":1}",2356
end_product_dependency_profile,1490,scc:0642,scc:0669,1,"{""theme_rare_vein_config"":1}",2363
end_product_dependency_profile,1491,scc:0642,scc:0673,1,"{""theme_base_vein_config_present"":1}",2357
end_product_dependency_profile,1492,scc:0642,scc:0676,1,"{""theme_base_vein_config_present"":1}",2360
end_product_dependency_profile,1493,scc:0642,scc:0677,1,"{""theme_base_vein_config_present"":1}",2361
end_product_dependency_profile,1494,scc:0642,scc:0678,1,"{""theme_base_vein_config_present"":1}",2362
end_product_dependency_profile,1495,scc:0643,scc:0078,1,"{""theme_water_resource"":1}",2420
end_product_dependency_profile,1496,scc:0643,scc:0667,1,"{""theme_base_vein_config_present"":1}",2410
end_product_dependency_profile,1497,scc:0643,scc:0668,1,"{""theme_rare_vein_config"":1}",2418
end_product_dependency_profile,1498,scc:0643,scc:0670,1,"{""theme_rare_vein_config"":1}",2419
end_product_dependency_profile,1499,scc:0643,scc:0673,1,"{""theme_base_vein_config_present"":1}",2411
end_product_dependency_profile,1500,scc:0643,scc:0674,1,"{""theme_base_vein_config_present"":1}",2412
end_product_dependency_profile,1501,scc:0643,scc:0675,1,"{""theme_base_vein_config_present"":1}",2413
end_product_dependency_profile,1502,scc:0643,scc:0676,1,"{""theme_base_vein_config_present"":1}",2414
end_product_dependency_profile,1503,scc:0643,scc:0677,1,"{""theme_base_vein_config_present"":1}",2415
end_product_dependency_profile,1504,scc:0643,scc:0679,1,"{""theme_rare_vein_config"":1}",2417
end_product_dependency_profile,1505,scc:0644,scc:0667,1,"{""theme_base_vein_config_present"":1}",2421
end_product_dependency_profile,1506,scc:0644,scc:0670,1,"{""theme_rare_vein_config"":1}",2430
end_product_dependency_profile,1507,scc:0644,scc:0671,1,"{""theme_rare_vein_config"":1}",2431
end_product_dependency_profile,1508,scc:0644,scc:0673,1,"{""theme_base_vein_config_present"":1}",2422
end_product_dependency_profile,1509,scc:0644,scc:0674,1,"{""theme_base_vein_config_present"":1}",2423
end_product_dependency_profile,1510,scc:0644,scc:0675,1,"{""theme_base_vein_config_present"":1}",2424
end_product_dependency_profile,1511,scc:0644,scc:0676,1,"{""theme_base_vein_config_present"":1}",2425
end_product_dependency_profile,1512,scc:0644,scc:0679,1,"{""theme_rare_vein_config"":1}",2428
end_product_dependency_profile,1513,scc:0644,scc:0680,1,"{""theme_rare_vein_config"":1}",2429
end_product_dependency_profile,1514,scc:0645,scc:0667,1,"{""theme_base_vein_config_present"":1}",2432
end_product_dependency_profile,1515,scc:0645,scc:0668,1,"{""theme_rare_vein_config"":1}",2440
end_product_dependency_profile,1516,scc:0645,scc:0670,1,"{""theme_rare_vein_config"":1}",2441
end_product_dependency_profile,1517,scc:0645,scc:0673,1,"{""theme_base_vein_config_present"":1}",2433
end_product_dependency_profile,1518,scc:0645,scc:0674,1,"{""theme_base_vein_config_present"":1}",2434
end_product_dependency_profile,1519,scc:0645,scc:0676,1,"{""theme_base_vein_config_present"":1}",2436
end_product_dependency_profile,1520,scc:0645,scc:0677,1,"{""theme_base_vein_config_present"":1}",2437
end_product_dependency_profile,1521,scc:0645,scc:0680,1,"{""theme_rare_vein_config"":1}",2439
end_product_dependency_profile,1522,scc:0646,scc:0100,1,"{""theme_water_resource"":1}",2449
end_product_dependency_profile,1523,scc:0646,scc:0667,1,"{""theme_base_vein_config_present"":1}",2442
end_product_dependency_profile,1524,scc:0646,scc:0673,1,"{""theme_base_vein_config_present"":1}",2443
end_product_dependency_profile,1525,scc:0646,scc:0674,1,"{""theme_base_vein_config_present"":1}",2444
end_product_dependency_profile,1526,scc:0646,scc:0675,1,"{""theme_base_vein_config_present"":1}",2445
end_product_dependency_profile,1527,scc:0646,scc:0676,1,"{""theme_base_vein_config_present"":1}",2446
end_product_dependency_profile,1528,scc:0646,scc:0677,1,"{""theme_base_vein_config_present"":1}",2447
end_product_dependency_profile,1529,scc:0647,scc:0078,1,"{""theme_water_resource"":1}",2460
end_product_dependency_profile,1530,scc:0647,scc:0667,1,"{""theme_base_vein_config_present"":1}",2450
end_product_dependency_profile,1531,scc:0647,scc:0669,1,"{""theme_rare_vein_config"":1}",2458
end_product_dependency_profile,1532,scc:0647,scc:0671,1,"{""theme_rare_vein_config"":1}",2459
end_product_dependency_profile,1533,scc:0647,scc:0673,1,"{""theme_base_vein_config_present"":1}",2451
end_product_dependency_profile,1534,scc:0647,scc:0676,1,"{""theme_base_vein_config_present"":1}",2454
end_product_dependency_profile,1535,scc:0647,scc:0677,1,"{""theme_base_vein_config_present"":1}",2455
end_product_dependency_profile,1536,scc:0647,scc:0678,1,"{""theme_base_vein_config_present"":1}",2456
end_product_dependency_profile,1537,scc:0647,scc:0680,1,"{""theme_rare_vein_config"":1}",2457
end_product_dependency_profile,1538,scc:0648,scc:0078,1,"{""theme_water_resource"":1}",2470
end_product_dependency_profile,1539,scc:0648,scc:0667,1,"{""theme_base_vein_config_present"":1}",2461
end_product_dependency_profile,1540,scc:0648,scc:0669,1,"{""theme_rare_vein_config"":1}",2468
end_product_dependency_profile,1541,scc:0648,scc:0671,1,"{""theme_rare_vein_config"":1}",2469
end_product_dependency_profile,1542,scc:0648,scc:0673,1,"{""theme_base_vein_config_present"":1}",2462
end_product_dependency_profile,1543,scc:0648,scc:0674,1,"{""theme_base_vein_config_present"":1}",2463
end_product_dependency_profile,1544,scc:0648,scc:0675,1,"{""theme_base_vein_config_present"":1}",2464
end_product_dependency_profile,1545,scc:0648,scc:0676,1,"{""theme_base_vein_config_present"":1}",2465
end_product_dependency_profile,1546,scc:0648,scc:0677,1,"{""theme_base_vein_config_present"":1}",2466
end_product_dependency_profile,1547,scc:0648,scc:0678,1,"{""theme_base_vein_config_present"":1}",2467
end_product_dependency_profile,1548,scc:0649,scc:0078,1,"{""theme_water_resource"":1}",2479
end_product_dependency_profile,1549,scc:0649,scc:0671,1,"{""theme_rare_vein_config"":1}",2478
end_product_dependency_profile,1550,scc:0649,scc:0677,1,"{""theme_base_vein_config_present"":1}",2476
end_product_dependency_profile,1551,scc:0649,scc:0678,1,"{""theme_base_vein_config_present"":1}",2477
end_product_dependency_profile,1552,scc:0650,scc:0667,1,"{""theme_base_vein_config_present"":1}",2480
end_product_dependency_profile,1553,scc:0650,scc:0670,1,"{""theme_rare_vein_config"":1}",2488
end_product_dependency_profile,1554,scc:0650,scc:0673,1,"{""theme_base_vein_config_present"":1}",2481
end_product_dependency_profile,1555,scc:0650,scc:0674,1,"{""theme_base_vein_config_present"":1}",2482
end_product_dependency_profile,1556,scc:0650,scc:0675,1,"{""theme_base_vein_config_present"":1}",2483
end_product_dependency_profile,1557,scc:0650,scc:0676,1,"{""theme_base_vein_config_present"":1}",2484
end_product_dependency_profile,1558,scc:0650,scc:0677,1,"{""theme_base_vein_config_present"":1}",2485
end_product_dependency_profile,1559,scc:0650,scc:0680,1,"{""theme_rare_vein_config"":1}",2487
end_product_dependency_profile,1560,scc:0651,scc:0078,1,"{""theme_water_resource"":1}",2498
end_product_dependency_profile,1561,scc:0651,scc:0667,1,"{""theme_base_vein_config_present"":1}",2489
end_product_dependency_profile,1562,scc:0651,scc:0669,1,"{""theme_rare_vein_config"":1}",2496
end_product_dependency_profile,1563,scc:0651,scc:0671,1,"{""theme_rare_vein_config"":1}",2497
end_product_dependency_profile,1564,scc:0651,scc:0673,1,"{""theme_base_vein_config_present"":1}",2490
end_product_dependency_profile,1565,scc:0651,scc:0674,1,"{""theme_base_vein_config_present"":1}",2491
end_product_dependency_profile,1566,scc:0651,scc:0676,1,"{""theme_base_vein_config_present"":1}",2493
end_product_dependency_profile,1567,scc:0651,scc:0677,1,"{""theme_base_vein_config_present"":1}",2494
end_product_dependency_profile,1568,scc:0651,scc:0678,1,"{""theme_base_vein_config_present"":1}",2495
end_product_dependency_profile,1569,scc:0652,scc:0667,1,"{""theme_base_vein_config_present"":1}",2499
end_product_dependency_profile,1570,scc:0652,scc:0668,1,"{""theme_rare_vein_config"":1}",2507
end_product_dependency_profile,1571,scc:0652,scc:0670,1,"{""theme_rare_vein_config"":1}",2508
end_product_dependency_profile,1572,scc:0652,scc:0673,1,"{""theme_base_vein_config_present"":1}",2500
end_product_dependency_profile,1573,scc:0652,scc:0674,1,"{""theme_base_vein_config_present"":1}",2501
end_product_dependency_profile,1574,scc:0652,scc:0675,1,"{""theme_base_vein_config_present"":1}",2502
end_product_dependency_profile,1575,scc:0652,scc:0676,1,"{""theme_base_vein_config_present"":1}",2503
end_product_dependency_profile,1576,scc:0652,scc:0677,1,"{""theme_base_vein_config_present"":1}",2504
end_product_dependency_profile,1577,scc:0652,scc:0680,1,"{""theme_rare_vein_config"":1}",2506
end_product_dependency_profile,1578,scc:0653,scc:0100,2,"{""theme_gas_resource"":2}",2365|2366
end_product_dependency_profile,1579,scc:0654,scc:0667,1,"{""theme_base_vein_config_present"":1}",2509
end_product_dependency_profile,1580,scc:0654,scc:0670,1,"{""theme_rare_vein_config"":1}",2518
end_product_dependency_profile,1581,scc:0654,scc:0673,1,"{""theme_base_vein_config_present"":1}",2510
end_product_dependency_profile,1582,scc:0654,scc:0674,1,"{""theme_base_vein_config_present"":1}",2511
end_product_dependency_profile,1583,scc:0654,scc:0675,1,"{""theme_base_vein_config_present"":1}",2512
end_product_dependency_profile,1584,scc:0654,scc:0676,1,"{""theme_base_vein_config_present"":1}",2513
end_product_dependency_profile,1585,scc:0654,scc:0677,1,"{""theme_base_vein_config_present"":1}",2514
end_product_dependency_profile,1586,scc:0654,scc:0679,1,"{""theme_rare_vein_config"":1}",2516
end_product_dependency_profile,1587,scc:0654,scc:0680,1,"{""theme_rare_vein_config"":1}",2517
end_product_dependency_profile,1588,scc:0655,scc:0100,2,"{""theme_gas_resource"":2}",2519|2520
end_product_dependency_profile,1589,scc:0656,scc:0078,1,"{""theme_water_resource"":1}",2530
end_product_dependency_profile,1590,scc:0656,scc:0667,1,"{""theme_base_vein_config_present"":1}",2521
end_product_dependency_profile,1591,scc:0656,scc:0669,1,"{""theme_rare_vein_config"":1}",2528
end_product_dependency_profile,1592,scc:0656,scc:0671,1,"{""theme_rare_vein_config"":1}",2529
end_product_dependency_profile,1593,scc:0656,scc:0673,1,"{""theme_base_vein_config_present"":1}",2522
end_product_dependency_profile,1594,scc:0656,scc:0674,1,"{""theme_base_vein_config_present"":1}",2523
end_product_dependency_profile,1595,scc:0656,scc:0675,1,"{""theme_base_vein_config_present"":1}",2524
end_product_dependency_profile,1596,scc:0656,scc:0676,1,"{""theme_base_vein_config_present"":1}",2525
end_product_dependency_profile,1597,scc:0656,scc:0677,1,"{""theme_base_vein_config_present"":1}",2526
end_product_dependency_profile,1598,scc:0656,scc:0678,1,"{""theme_base_vein_config_present"":1}",2527
end_product_dependency_profile,1599,scc:0657,scc:0667,1,"{""theme_base_vein_config_present"":1}",2531
end_product_dependency_profile,1600,scc:0657,scc:0669,1,"{""theme_rare_vein_config"":1}",2538
end_product_dependency_profile,1601,scc:0657,scc:0670,1,"{""theme_rare_vein_config"":1}",2539
end_product_dependency_profile,1602,scc:0657,scc:0673,1,"{""theme_base_vein_config_present"":1}",2532
end_product_dependency_profile,1603,scc:0657,scc:0675,1,"{""theme_base_vein_config_present"":1}",2534
end_product_dependency_profile,1604,scc:0657,scc:0677,1,"{""theme_base_vein_config_present"":1}",2536
end_product_dependency_profile,1605,scc:0658,scc:0667,1,"{""theme_base_vein_config_present"":1}",2540
end_product_dependency_profile,1606,scc:0658,scc:0670,1,"{""theme_rare_vein_config"":1}",2549
end_product_dependency_profile,1607,scc:0658,scc:0673,1,"{""theme_base_vein_config_present"":1}",2541
end_product_dependency_profile,1608,scc:0658,scc:0674,1,"{""theme_base_vein_config_present"":1}",2542
end_product_dependency_profile,1609,scc:0658,scc:0675,1,"{""theme_base_vein_config_present"":1}",2543
end_product_dependency_profile,1610,scc:0658,scc:0676,1,"{""theme_base_vein_config_present"":1}",2544
end_product_dependency_profile,1611,scc:0658,scc:0677,1,"{""theme_base_vein_config_present"":1}",2545
end_product_dependency_profile,1612,scc:0658,scc:0679,1,"{""theme_rare_vein_config"":1}",2547
end_product_dependency_profile,1613,scc:0658,scc:0680,1,"{""theme_rare_vein_config"":1}",2548
end_product_dependency_profile,1614,scc:0659,scc:0667,1,"{""theme_base_vein_config_present"":1}",2550
end_product_dependency_profile,1615,scc:0659,scc:0668,1,"{""theme_rare_vein_config"":1}",2557
end_product_dependency_profile,1616,scc:0659,scc:0669,1,"{""theme_rare_vein_config"":1}",2558
end_product_dependency_profile,1617,scc:0659,scc:0671,1,"{""theme_rare_vein_config"":1}",2559
end_product_dependency_profile,1618,scc:0659,scc:0673,1,"{""theme_base_vein_config_present"":1}",2551
end_product_dependency_profile,1619,scc:0659,scc:0674,1,"{""theme_base_vein_config_present"":1}",2552
end_product_dependency_profile,1620,scc:0659,scc:0675,1,"{""theme_base_vein_config_present"":1}",2553
end_product_dependency_profile,1621,scc:0659,scc:0676,1,"{""theme_base_vein_config_present"":1}",2554
end_product_dependency_profile,1622,scc:0659,scc:0677,1,"{""theme_base_vein_config_present"":1}",2555
end_product_dependency_profile,1623,scc:0659,scc:0678,1,"{""theme_base_vein_config_present"":1}",2556
end_product_dependency_profile,1624,scc:0660,scc:0100,2,"{""theme_gas_resource"":2}",2367|2368
end_product_dependency_profile,1625,scc:0661,scc:0086,1,"{""theme_gas_resource"":1}",2369
end_product_dependency_profile,1626,scc:0661,scc:0100,1,"{""theme_gas_resource"":1}",2370
end_product_dependency_profile,1627,scc:0662,scc:0086,1,"{""theme_gas_resource"":1}",2371
end_product_dependency_profile,1628,scc:0662,scc:0100,1,"{""theme_gas_resource"":1}",2372
end_product_dependency_profile,1629,scc:0663,scc:0667,1,"{""theme_base_vein_config_present"":1}",2373
end_product_dependency_profile,1630,scc:0663,scc:0673,1,"{""theme_base_vein_config_present"":1}",2374
end_product_dependency_profile,1631,scc:0663,scc:0675,1,"{""theme_base_vein_config_present"":1}",2376
end_product_dependency_profile,1632,scc:0663,scc:0676,1,"{""theme_base_vein_config_present"":1}",2377
end_product_dependency_profile,1633,scc:0663,scc:0677,1,"{""theme_base_vein_config_present"":1}",2378
end_product_dependency_profile,1634,scc:0663,scc:0680,1,"{""theme_rare_vein_config"":1}",2380
end_product_dependency_profile,1635,scc:0664,scc:0667,1,"{""theme_base_vein_config_present"":1}",2381
end_product_dependency_profile,1636,scc:0664,scc:0668,1,"{""theme_rare_vein_config"":1}",2389
end_product_dependency_profile,1637,scc:0664,scc:0673,1,"{""theme_base_vein_config_present"":1}",2382
end_product_dependency_profile,1638,scc:0664,scc:0674,1,"{""theme_base_vein_config_present"":1}",2383
end_product_dependency_profile,1639,scc:0664,scc:0675,1,"{""theme_base_vein_config_present"":1}",2384
end_product_dependency_profile,1640,scc:0664,scc:0676,1,"{""theme_base_vein_config_present"":1}",2385
end_product_dependency_profile,1641,scc:0664,scc:0677,1,"{""theme_base_vein_config_present"":1}",2386
end_product_dependency_profile,1642,scc:0664,scc:0679,1,"{""theme_rare_vein_config"":1}",2388
end_product_dependency_profile,1643,scc:0665,scc:0078,1,"{""theme_water_resource"":1}",2399
end_product_dependency_profile,1644,scc:0665,scc:0667,1,"{""theme_base_vein_config_present"":1}",2390
end_product_dependency_profile,1645,scc:0665,scc:0669,1,"{""theme_rare_vein_config"":1}",2397
end_product_dependency_profile,1646,scc:0665,scc:0671,1,"{""theme_rare_vein_config"":1}",2398
end_product_dependency_profile,1647,scc:0665,scc:0673,1,"{""theme_base_vein_config_present"":1}",2391
end_product_dependency_profile,1648,scc:0665,scc:0674,1,"{""theme_base_vein_config_present"":1}",2392
end_product_dependency_profile,1649,scc:0665,scc:0676,1,"{""theme_base_vein_config_present"":1}",2394
end_product_dependency_profile,1650,scc:0665,scc:0677,1,"{""theme_base_vein_config_present"":1}",2395
end_product_dependency_profile,1651,scc:0665,scc:0678,1,"{""theme_base_vein_config_present"":1}",2396
end_product_dependency_profile,1652,scc:0666,scc:0667,1,"{""theme_base_vein_config_present"":1}",2400
end_product_dependency_profile,1653,scc:0666,scc:0668,1,"{""theme_rare_vein_config"":1}",2408
end_product_dependency_profile,1654,scc:0666,scc:0670,1,"{""theme_rare_vein_config"":1}",2409
end_product_dependency_profile,1655,scc:0666,scc:0673,1,"{""theme_base_vein_config_present"":1}",2401
end_product_dependency_profile,1656,scc:0666,scc:0674,1,"{""theme_base_vein_config_present"":1}",2402
end_product_dependency_profile,1657,scc:0666,scc:0675,1,"{""theme_base_vein_config_present"":1}",2403
end_product_dependency_profile,1658,scc:0666,scc:0676,1,"{""theme_base_vein_config_present"":1}",2404
end_product_dependency_profile,1659,scc:0666,scc:0677,1,"{""theme_base_vein_config_present"":1}",2405
end_product_dependency_profile,1660,scc:0666,scc:0680,1,"{""theme_rare_vein_config"":1}",2407
end_product_dependency_profile,1661,scc:0667,scc:0079,1,"{""vein_mines_item"":1}",2560
end_product_dependency_profile,1662,scc:0668,scc:0088,1,"{""vein_mines_item"":1}",2569
end_product_dependency_profile,1663,scc:0669,scc:0100,1,"{""vein_mines_item"":1}",2570
end_product_dependency_profile,1664,scc:0670,scc:0089,1,"{""vein_mines_item"":1}",2571
end_product_dependency_profile,1665,scc:0671,scc:0090,1,"{""vein_mines_item"":1}",2572
end_product_dependency_profile,1666,scc:0672,scc:0091,1,"{""vein_mines_item"":1}",2573
end_product_dependency_profile,1667,scc:0673,scc:0080,1,"{""vein_mines_item"":1}",2561
end_product_dependency_profile,1668,scc:0674,scc:0081,1,"{""vein_mines_item"":1}",2562
end_product_dependency_profile,1669,scc:0675,scc:0082,1,"{""vein_mines_item"":1}",2563
end_product_dependency_profile,1670,scc:0676,scc:0083,1,"{""vein_mines_item"":1}",2564
end_product_dependency_profile,1671,scc:0677,scc:0084,1,"{""vein_mines_item"":1}",2565
end_product_dependency_profile,1672,scc:0678,scc:0085,1,"{""vein_mines_item"":1}",2566
end_product_dependency_profile,1673,scc:0679,scc:0086,1,"{""vein_mines_item"":1}",2567
end_product_dependency_profile,1674,scc:0680,scc:0087,1,"{""vein_mines_item"":1}",2568
material_production_profile,1,scc:0001,scc:0251,1,"{""recipe_input"":1}",1823
material_production_profile,2,scc:0001,scc:0252,1,"{""recipe_input"":1}",1827
material_production_profile,3,scc:0001,scc:0258,1,"{""recipe_input"":1}",1845
material_production_profile,4,scc:0001,scc:0284,1,"{""recipe_input"":1}",1930
material_production_profile,5,scc:0002,scc:0174,1,"{""recipe_input"":1}",1750
material_production_profile,6,scc:0002,scc:0246,1,"{""recipe_input"":1}",1752
material_production_profile,7,scc:0003,scc:0257,1,"{""recipe_input"":1}",1754
material_production_profile,8,scc:0004,scc:0288,1,"{""recipe_input"":1}",1946
material_production_profile,9,scc:0005,scc:0295,1,"{""recipe_input"":1}",1961
material_production_profile,10,scc:0006,scc:0251,1,"{""recipe_input"":1}",1822
material_production_profile,11,scc:0006,scc:0262,1,"{""recipe_input"":1}",1856
material_production_profile,12,scc:0006,scc:0268,1,"{""recipe_input"":1}",1756
material_production_profile,13,scc:0006,scc:0287,1,"{""recipe_input"":1}",1940
material_production_profile,14,scc:0007,scc:0031,1,"{""recipe_input"":1}",2174
material_production_profile,15,scc:0007,scc:0182,1,"{""recipe_input"":1}",2109
material_production_profile,16,scc:0007,scc:0211,1,"{""recipe_input"":1}",2229
material_production_profile,17,scc:0007,scc:0243,1,"{""recipe_input"":1}",1799
material_production_profile,18,scc:0008,scc:0240,1,"{""recipe_input"":1}",1796
material_production_profile,19,scc:0009,scc:0260,1,"{""recipe_input"":1}",1850
material_production_profile,20,scc:0010,scc:0291,1,"{""recipe_input"":1}",1950
material_production_profile,21,scc:0011,scc:0292,1,"{""recipe_input"":1}",1952
material_production_profile,22,scc:0012,scc:0196,1,"{""recipe_input"":1}",2165
material_production_profile,23,scc:0012,scc:0256,1,"{""recipe_input"":1}",1839
material_production_profile,24,scc:0012,scc:0299,1,"{""recipe_input"":1}",1974
material_production_profile,25,scc:0013,scc:0263,1,"{""recipe_input"":1}",1858
material_production_profile,26,scc:0014,scc:0176,1,"{""recipe_input"":1}",2092
material_production_profile,27,scc:0014,scc:0193,1,"{""recipe_input"":1}",2149
material_production_profile,28,scc:0015,scc:0284,1,"{""recipe_input"":1}",1928
material_production_profile,29,scc:0016,scc:0284,1,"{""recipe_input"":1}",1929
material_production_profile,30,scc:0018,scc:0175,1,"{""recipe_input"":1}",1773
material_production_profile,31,scc:0018,scc:0180,1,"{""recipe_input"":1}",2106
material_production_profile,32,scc:0018,scc:0191,1,"{""recipe_input"":1}",2140
material_production_profile,33,scc:0018,scc:0194,1,"{""recipe_input"":1}",2151
material_production_profile,34,scc:0018,scc:0199,1,"{""recipe_input"":1}",2176
material_production_profile,35,scc:0018,scc:0200,1,"{""recipe_input"":1}",2180
material_production_profile,36,scc:0018,scc:0202,1,"{""recipe_input"":1}",2189
material_production_profile,37,scc:0018,scc:0226,1,"{""recipe_input"":1}",2281
material_production_profile,38,scc:0018,scc:0242,1,"{""recipe_input"":1}",2351
material_production_profile,39,scc:0018,scc:0274,1,"{""recipe_input"":1}",1894
material_production_profile,40,scc:0018,scc:0277,1,"{""recipe_input"":1}",1906
material_production_profile,41,scc:0018,scc:0278,1,"{""recipe_input"":1}",1911
material_production_profile,42,scc:0018,scc:0279,1,"{""recipe_input"":1}",1758
material_production_profile,43,scc:0018,scc:0280,1,"{""recipe_input"":1}",1916
material_production_profile,44,scc:0018,scc:0286,1,"{""recipe_input"":1}",1935
material_production_profile,45,scc:0018,scc:0293,1,"{""recipe_input"":1}",1954
material_production_profile,46,scc:0018,scc:0294,1,"{""recipe_input"":1}",1956
material_production_profile,47,scc:0018,scc:0300,1,"{""recipe_input"":1}",1763
material_production_profile,48,scc:0018,scc:0307,1,"{""recipe_input"":1}",2005
material_production_profile,49,scc:0018,scc:0311,1,"{""recipe_input"":1}",1767
material_production_profile,50,scc:0018,scc:0316,1,"{""recipe_input"":1}",2035
material_production_profile,51,scc:0018,scc:0317,1,"{""recipe_input"":1}",2038
material_production_profile,52,scc:0018,scc:0318,1,"{""recipe_input"":1}",2041
material_production_profile,53,scc:0018,scc:0319,1,"{""recipe_input"":1}",2044
material_production_profile,54,scc:0018,scc:0327,1,"{""recipe_input"":1}",2069
material_production_profile,55,scc:0018,scc:0330,1,"{""recipe_input"":1}",2081
material_production_profile,56,scc:0019,scc:0179,1,"{""recipe_input"":1}",2102
material_production_profile,57,scc:0019,scc:0221,1,"{""recipe_input"":1}",2259
material_production_profile,58,scc:0019,scc:0289,1,"{""recipe_input"":1}",1760
material_production_profile,59,scc:0020,scc:0185,1,"{""recipe_input"":1}",2117
material_production_profile,60,scc:0020,scc:0187,1,"{""recipe_input"":1}",2122
material_production_profile,61,scc:0020,scc:0189,1,"{""recipe_input"":1}",2133
material_production_profile,62,scc:0020,scc:0195,1,"{""recipe_input"":1}",2156
material_production_profile,63,scc:0020,scc:0198,1,"{""recipe_input"":1}",2167
material_production_profile,64,scc:0020,scc:0203,1,"{""recipe_input"":1}",2194
material_production_profile,65,scc:0020,scc:0204,1,"{""recipe_input"":1}",2199
material_production_profile,66,scc:0020,scc:0206,1,"{""recipe_input"":1}",2210
material_production_profile,67,scc:0020,scc:0209,1,"{""recipe_input"":1}",2221
material_production_profile,68,scc:0020,scc:0210,1,"{""recipe_input"":1}",2224
material_production_profile,69,scc:0020,scc:0218,1,"{""recipe_input"":1}",1786
material_production_profile,70,scc:0020,scc:0229,1,"{""recipe_input"":1}",1791
material_production_profile,71,scc:0020,scc:0232,1,"{""recipe_input"":1}",2309
material_production_profile,72,scc:0020,scc:0237,1,"{""recipe_input"":1}",2334
material_production_profile,73,scc:0020,scc:0247,1,"{""recipe_input"":1}",1807
material_production_profile,74,scc:0020,scc:0249,1,"{""recipe_input"":1}",1813
material_production_profile,75,scc:0020,scc:0296,1,"{""recipe_input"":1}",1964
material_production_profile,76,scc:0020,scc:0302,1,"{""recipe_input"":1}",1980
material_production_profile,77,scc:0020,scc:0303,1,"{""recipe_input"":1}",1985
material_production_profile,78,scc:0020,scc:0308,1,"{""recipe_input"":1}",2010
material_production_profile,79,scc:0020,scc:0324,1,"{""recipe_input"":1}",2057
material_production_profile,80,scc:0020,scc:0326,1,"{""recipe_input"":1}",2064
material_production_profile,81,scc:0021,scc:0176,1,"{""recipe_input"":1}",2093
material_production_profile,82,scc:0021,scc:0181,1,"{""recipe_input"":1}",2307
material_production_profile,83,scc:0021,scc:0195,1,"{""recipe_input"":1}",2157
material_production_profile,84,scc:0021,scc:0208,1,"{""recipe_input"":1}",2215
material_production_profile,85,scc:0021,scc:0214,1,"{""recipe_input"":1}",2239
material_production_profile,86,scc:0021,scc:0217,1,"{""recipe_input"":1}",2247
material_production_profile,87,scc:0021,scc:0223,1,"{""recipe_input"":1}",2267
material_production_profile,88,scc:0021,scc:0247,1,"{""recipe_input"":1}",1808
material_production_profile,89,scc:0021,scc:0280,1,"{""recipe_input"":1}",1917
material_production_profile,90,scc:0021,scc:0283,1,"{""recipe_input"":1}",1926
material_production_profile,91,scc:0021,scc:0289,1,"{""recipe_input"":1}",1761
material_production_profile,92,scc:0021,scc:0297,1,"{""recipe_input"":1}",1967
material_production_profile,93,scc:0021,scc:0332,1,"{""recipe_input"":1}",2089
material_production_profile,94,scc:0022,scc:0265,1,"{""recipe_input"":1}",1864
material_production_profile,95,scc:0022,scc:0283,1,"{""recipe_input"":1}",1925
material_production_profile,96,scc:0022,scc:0297,1,"{""recipe_input"":1}",1968
material_production_profile,97,scc:0022,scc:0303,1,"{""recipe_input"":1}",1986
material_production_profile,98,scc:0022,scc:0312,1,"{""recipe_input"":1}",2020
material_production_profile,99,scc:0023,scc:0215,1,"{""recipe_input"":1}",2242
material_production_profile,100,scc:0023,scc:0219,1,"{""recipe_input"":1}",2251
material_production_profile,101,scc:0023,scc:0245,1,"{""recipe_input"":1}",1804
material_production_profile,102,scc:0023,scc:0253,1,"{""recipe_input"":1}",1830
material_production_profile,103,scc:0023,scc:0258,1,"{""recipe_input"":1}",1844
material_production_profile,104,scc:0023,scc:0261,1,"{""recipe_input"":1}",1854
material_production_profile,105,scc:0023,scc:0296,1,"{""recipe_input"":1}",1963
material_production_profile,106,scc:0023,scc:0326,1,"{""recipe_input"":1}",2065
material_production_profile,107,scc:0024,scc:0190,1,"{""recipe_input"":1}",2135
material_production_profile,108,scc:0024,scc:0196,1,"{""recipe_input"":1}",2161
material_production_profile,109,scc:0024,scc:0205,1,"{""recipe_input"":1}",2204
material_production_profile,110,scc:0024,scc:0216,1,"{""recipe_input"":1}",2245
material_production_profile,111,scc:0024,scc:0220,1,"{""recipe_input"":1}",2255
material_production_profile,112,scc:0024,scc:0230,1,"{""recipe_input"":1}",2296
material_production_profile,113,scc:0024,scc:0248,1,"{""recipe_input"":1}",1810
material_production_profile,114,scc:0024,scc:0267,1,"{""recipe_input"":1}",1869
material_production_profile,115,scc:0024,scc:0270,1,"{""recipe_input"":1}",1877
material_production_profile,116,scc:0024,scc:0272,1,"{""recipe_input"":1}",1884
material_production_profile,117,scc:0024,scc:0273,1,"{""recipe_input"":1}",1892
material_production_profile,118,scc:0024,scc:0308,1,"{""recipe_input"":1}",2009
material_production_profile,119,scc:0024,scc:0312,1,"{""recipe_input"":1}",2019
material_production_profile,120,scc:0024,scc:0314,1,"{""recipe_input"":1}",2026
material_production_profile,121,scc:0024,scc:0328,1,"{""recipe_input"":1}",2074
material_production_profile,122,scc:0024,scc:0329,1,"{""recipe_input"":1}",2077
material_production_profile,123,scc:0025,scc:0187,1,"{""recipe_input"":1}",2123
material_production_profile,124,scc:0025,scc:0189,1,"{""recipe_input"":1}",2132
material_production_profile,125,scc:0025,scc:0191,1,"{""recipe_input"":1}",2141
material_production_profile,126,scc:0025,scc:0218,1,"{""recipe_input"":1}",1787
material_production_profile,127,scc:0025,scc:0229,1,"{""recipe_input"":1}",1792
material_production_profile,128,scc:0025,scc:0249,1,"{""recipe_input"":1}",1814
material_production_profile,129,scc:0025,scc:0278,1,"{""recipe_input"":1}",1912
material_production_profile,130,scc:0025,scc:0286,1,"{""recipe_input"":1}",1936
material_production_profile,131,scc:0025,scc:0294,1,"{""recipe_input"":1}",1957
material_production_profile,132,scc:0025,scc:0318,1,"{""recipe_input"":1}",2042
material_production_profile,133,scc:0025,scc:0324,1,"{""recipe_input"":1}",2058
material_production_profile,134,scc:0026,scc:0179,1,"{""recipe_input"":1}",2103
material_production_profile,135,scc:0026,scc:0244,1,"{""recipe_input"":1}",1801
material_production_profile,136,scc:0026,scc:0250,1,"{""recipe_input"":1}",1819
material_production_profile,137,scc:0026,scc:0259,1,"{""recipe_input"":1}",1847
material_production_profile,138,scc:0026,scc:0290,1,"{""recipe_input"":1}",1948
material_production_profile,139,scc:0027,scc:0175,1,"{""recipe_input"":1}",1774
material_production_profile,140,scc:0027,scc:0186,1,"{""recipe_input"":1}",1778
material_production_profile,141,scc:0027,scc:0187,1,"{""recipe_input"":1}",2124
material_production_profile,142,scc:0027,scc:0191,1,"{""recipe_input"":1}",2142
material_production_profile,143,scc:0027,scc:0194,1,"{""recipe_input"":1}",2153
material_production_profile,144,scc:0027,scc:0249,1,"{""recipe_input"":1}",1815
material_production_profile,145,scc:0027,scc:0258,1,"{""recipe_input"":1}",1843
material_production_profile,146,scc:0028,scc:0197,1,"{""recipe_input"":1}",1781
material_production_profile,147,scc:0028,scc:0242,1,"{""recipe_input"":1}",2352
material_production_profile,148,scc:0028,scc:0298,1,"{""recipe_input"":1}",1971
material_production_profile,149,scc:0029,scc:0177,1,"{""recipe_input"":1}",2095
material_production_profile,150,scc:0029,scc:0183,1,"{""recipe_input"":1}",2112
material_production_profile,151,scc:0029,scc:0208,1,"{""recipe_input"":1}",2217
material_production_profile,152,scc:0029,scc:0254,1,"{""recipe_input"":1}",1832
material_production_profile,153,scc:0030,scc:0209,1,"{""recipe_input"":1}",2222
material_production_profile,154,scc:0030,scc:0213,1,"{""recipe_input"":1}",2237
material_production_profile,155,scc:0030,scc:0264,1,"{""recipe_input"":1}",1861
material_production_profile,156,scc:0030,scc:0307,1,"{""recipe_input"":1}",2007
material_production_profile,157,scc:0031,scc:0026,1,"{""recipe_output"":1}",1945
material_production_profile,158,scc:0031,scc:0192,1,"{""recipe_input"":1}",2144
material_production_profile,159,scc:0031,scc:0222,1,"{""recipe_input"":1}",2264
material_production_profile,160,scc:0031,scc:0238,1,"{""recipe_input"":1}",2341
material_production_profile,161,scc:0031,scc:0244,1,"{""recipe_input"":1}",1802
material_production_profile,162,scc:0031,scc:0245,1,"{""recipe_input"":1}",1805
material_production_profile,163,scc:0031,scc:0250,1,"{""recipe_input"":1}",1818
material_production_profile,164,scc:0031,scc:0251,1,"{""recipe_input"":1}",1821
material_production_profile,165,scc:0031,scc:0252,1,"{""recipe_input"":1}",1826
material_production_profile,166,scc:0031,scc:0255,1,"{""recipe_input"":1}",1837
material_production_profile,167,scc:0031,scc:0256,1,"{""recipe_input"":1}",1841
material_production_profile,168,scc:0031,scc:0269,1,"{""recipe_input"":1}",1875
material_production_profile,169,scc:0031,scc:0273,1,"{""recipe_input"":1}",1890
material_production_profile,170,scc:0032,scc:0212,1,"{""recipe_input"":1}",2232
material_production_profile,171,scc:0032,scc:0252,1,"{""recipe_input"":1}",1825
material_production_profile,172,scc:0032,scc:0264,1,"{""recipe_input"":1}",1862
material_production_profile,173,scc:0033,scc:0212,1,"{""recipe_input"":1}",2233
material_production_profile,174,scc:0033,scc:0259,1,"{""recipe_input"":1}",1848
material_production_profile,175,scc:0033,scc:0296,1,"{""recipe_input"":1}",1965
material_production_profile,176,scc:0034,scc:0253,1,"{""recipe_input"":1}",1829
material_production_profile,177,scc:0035,scc:0254,1,"{""recipe_input"":1}",1833
material_production_profile,178,scc:0035,scc:0255,1,"{""recipe_input"":1}",1835
material_production_profile,179,scc:0036,scc:0201,1,"{""recipe_input"":1}",2185
material_production_profile,180,scc:0036,scc:0205,1,"{""recipe_input"":1}",2205
material_production_profile,181,scc:0036,scc:0239,1,"{""recipe_input"":1}",2345
material_production_profile,182,scc:0036,scc:0266,1,"{""recipe_input"":1}",1867
material_production_profile,183,scc:0037,scc:0180,1,"{""recipe_input"":1}",2107
material_production_profile,184,scc:0037,scc:0221,1,"{""recipe_input"":1}",2260
material_production_profile,185,scc:0037,scc:0270,1,"{""recipe_input"":1}",1878
material_production_profile,186,scc:0038,scc:0222,1,"{""recipe_input"":1}",2265
material_production_profile,187,scc:0038,scc:0273,1,"{""recipe_input"":1}",1889
material_production_profile,188,scc:0038,scc:0306,1,"{""recipe_input"":1}",2003
material_production_profile,189,scc:0039,scc:0221,1,"{""recipe_input"":1}",2258
material_production_profile,190,scc:0039,scc:0255,1,"{""recipe_input"":1}",1836
material_production_profile,191,scc:0039,scc:0256,1,"{""recipe_input"":1}",1840
material_production_profile,192,scc:0039,scc:0261,1,"{""recipe_input"":1}",1853
material_production_profile,193,scc:0039,scc:0267,1,"{""recipe_input"":1}",1872
material_production_profile,194,scc:0039,scc:0275,1,"{""recipe_input"":1}",1899
material_production_profile,195,scc:0039,scc:0301,1,"{""recipe_input"":1}",1977
material_production_profile,196,scc:0039,scc:0325,1,"{""recipe_input"":1}",2062
material_production_profile,197,scc:0039,scc:0332,1,"{""recipe_input"":1}",2090
material_production_profile,198,scc:0040,scc:0184,1,"{""recipe_input"":1}",2115
material_production_profile,199,scc:0040,scc:0190,1,"{""recipe_input"":1}",2137
material_production_profile,200,scc:0040,scc:0264,1,"{""recipe_input"":1}",1860
material_production_profile,201,scc:0040,scc:0312,1,"{""recipe_input"":1}",2018
material_production_profile,202,scc:0041,scc:0193,1,"{""recipe_input"":1}",2147
material_production_profile,203,scc:0041,scc:0196,1,"{""recipe_input"":1}",2162
material_production_profile,204,scc:0041,scc:0231,1,"{""recipe_input"":1}",2301
material_production_profile,205,scc:0041,scc:0236,1,"{""recipe_input"":1}",2332
material_production_profile,206,scc:0041,scc:0267,1,"{""recipe_input"":1}",1870
material_production_profile,207,scc:0041,scc:0272,1,"{""recipe_input"":1}",1885
material_production_profile,208,scc:0041,scc:0304,1,"{""recipe_input"":1}",1993
material_production_profile,209,scc:0041,scc:0313,1,"{""recipe_input"":1}",2022
material_production_profile,210,scc:0041,scc:0314,1,"{""recipe_input"":1}",2027
material_production_profile,211,scc:0042,scc:0213,1,"{""recipe_input"":1}",2236
material_production_profile,212,scc:0042,scc:0266,1,"{""recipe_input"":1}",1866
material_production_profile,213,scc:0043,scc:0177,1,"{""recipe_input"":1}",2096
material_production_profile,214,scc:0043,scc:0201,1,"{""recipe_input"":1}",2186
material_production_profile,215,scc:0043,scc:0225,1,"{""recipe_input"":1}",2279
material_production_profile,216,scc:0043,scc:0231,1,"{""recipe_input"":1}",2304
material_production_profile,217,scc:0043,scc:0236,1,"{""recipe_input"":1}",2331
material_production_profile,218,scc:0044,scc:0212,1,"{""recipe_input"":1}",2231
material_production_profile,219,scc:0044,scc:0217,1,"{""recipe_input"":1}",2248
material_production_profile,220,scc:0044,scc:0223,1,"{""recipe_input"":1}",2269
material_production_profile,221,scc:0045,scc:0213,1,"{""recipe_input"":1}",2235
material_production_profile,222,scc:0045,scc:0219,1,"{""recipe_input"":1}",2252
material_production_profile,223,scc:0045,scc:0224,1,"{""recipe_input"":1}",2274
material_production_profile,224,scc:0046,scc:0220,1,"{""recipe_input"":1}",2256
material_production_profile,225,scc:0046,scc:0225,1,"{""recipe_input"":1}",2278
material_production_profile,226,scc:0048,scc:0183,1,"{""recipe_input"":1}",2111
material_production_profile,227,scc:0049,scc:0184,1,"{""recipe_input"":1}",2114
material_production_profile,228,scc:0051,scc:0194,1,"{""recipe_input"":1}",2152
material_production_profile,229,scc:0051,scc:0198,1,"{""recipe_input"":1}",2168
material_production_profile,230,scc:0051,scc:0202,1,"{""recipe_input"":1}",2190
material_production_profile,231,scc:0051,scc:0274,1,"{""recipe_input"":1}",1895
material_production_profile,232,scc:0051,scc:0277,1,"{""recipe_input"":1}",1909
material_production_profile,233,scc:0051,scc:0294,1,"{""recipe_input"":1}",1958
material_production_profile,234,scc:0051,scc:0300,1,"{""recipe_input"":1}",1764
material_production_profile,235,scc:0051,scc:0302,1,"{""recipe_input"":1}",1981
material_production_profile,236,scc:0051,scc:0316,1,"{""recipe_input"":1}",2036
material_production_profile,237,scc:0051,scc:0319,1,"{""recipe_input"":1}",2045
material_production_profile,238,scc:0051,scc:0330,1,"{""recipe_input"":1}",2082
material_production_profile,239,scc:0052,scc:0175,1,"{""recipe_input"":1}",1776
material_production_profile,240,scc:0052,scc:0181,1,"{""recipe_input"":1}",2306
material_production_profile,241,scc:0052,scc:0197,1,"{""recipe_input"":1}",1780
material_production_profile,242,scc:0052,scc:0202,1,"{""recipe_input"":1}",2192
material_production_profile,243,scc:0052,scc:0277,1,"{""recipe_input"":1}",1908
material_production_profile,244,scc:0052,scc:0286,1,"{""recipe_input"":1}",1938
material_production_profile,245,scc:0052,scc:0294,1,"{""recipe_input"":1}",1959
material_production_profile,246,scc:0052,scc:0300,1,"{""recipe_input"":1}",1765
material_production_profile,247,scc:0052,scc:0311,1,"{""recipe_input"":1}",1768
material_production_profile,248,scc:0052,scc:0322,1,"{""recipe_input"":1}",1770
material_production_profile,249,scc:0052,scc:0330,1,"{""recipe_input"":1}",2083
material_production_profile,250,scc:0052,scc:0331,1,"{""recipe_input"":1}",2086
material_production_profile,251,scc:0053,scc:0204,1,"{""recipe_input"":1}",2200
material_production_profile,252,scc:0053,scc:0206,1,"{""recipe_input"":1}",2211
material_production_profile,253,scc:0053,scc:0278,1,"{""recipe_input"":1}",1913
material_production_profile,254,scc:0053,scc:0320,1,"{""recipe_input"":1}",2049
material_production_profile,255,scc:0053,scc:0331,1,"{""recipe_input"":1}",2085
material_production_profile,256,scc:0054,scc:0179,1,"{""recipe_input"":1}",2101
material_production_profile,257,scc:0054,scc:0210,1,"{""recipe_input"":1}",2225
material_production_profile,258,scc:0054,scc:0227,1,"{""recipe_input"":1}",2287
material_production_profile,259,scc:0054,scc:0228,1,"{""recipe_input"":1}",2292
material_production_profile,260,scc:0054,scc:0238,1,"{""recipe_input"":1}",2339
material_production_profile,261,scc:0054,scc:0248,1,"{""recipe_input"":1}",1811
material_production_profile,262,scc:0054,scc:0321,1,"{""recipe_input"":1}",2052
material_production_profile,263,scc:0054,scc:0323,1,"{""recipe_input"":1}",2055
material_production_profile,264,scc:0054,scc:0332,1,"{""recipe_input"":1}",2088
material_production_profile,265,scc:0055,scc:0188,1,"{""recipe_input"":1}",2128
material_production_profile,266,scc:0055,scc:0190,1,"{""recipe_input"":1}",2136
material_production_profile,267,scc:0055,scc:0195,1,"{""recipe_input"":1}",2159
material_production_profile,268,scc:0055,scc:0196,1,"{""recipe_input"":1}",2163
material_production_profile,269,scc:0055,scc:0198,1,"{""recipe_input"":1}",2169
material_production_profile,270,scc:0055,scc:0204,1,"{""recipe_input"":1}",2202
material_production_profile,271,scc:0055,scc:0205,1,"{""recipe_input"":1}",2206
material_production_profile,272,scc:0055,scc:0210,1,"{""recipe_input"":1}",2226
material_production_profile,273,scc:0055,scc:0237,1,"{""recipe_input"":1}",2335
material_production_profile,274,scc:0055,scc:0239,1,"{""recipe_input"":1}",2344
material_production_profile,275,scc:0055,scc:0241,1,"{""recipe_input"":1}",2348
material_production_profile,276,scc:0055,scc:0267,1,"{""recipe_input"":1}",1871
material_production_profile,277,scc:0055,scc:0270,1,"{""recipe_input"":1}",1879
material_production_profile,278,scc:0055,scc:0302,1,"{""recipe_input"":1}",1983
material_production_profile,279,scc:0055,scc:0303,1,"{""recipe_input"":1}",1989
material_production_profile,280,scc:0055,scc:0304,1,"{""recipe_input"":1}",1992
material_production_profile,281,scc:0055,scc:0307,1,"{""recipe_input"":1}",2006
material_production_profile,282,scc:0055,scc:0325,1,"{""recipe_input"":1}",2061
material_production_profile,283,scc:0056,scc:0180,1,"{""recipe_input"":1}",2105
material_production_profile,284,scc:0056,scc:0210,1,"{""recipe_input"":1}",2227
material_production_profile,285,scc:0056,scc:0222,1,"{""recipe_input"":1}",2263
material_production_profile,286,scc:0056,scc:0228,1,"{""recipe_input"":1}",2294
material_production_profile,287,scc:0056,scc:0230,1,"{""recipe_input"":1}",2299
material_production_profile,288,scc:0056,scc:0271,1,"{""recipe_input"":1}",1881
material_production_profile,289,scc:0056,scc:0308,1,"{""recipe_input"":1}",2012
material_production_profile,290,scc:0056,scc:0326,1,"{""recipe_input"":1}",2067
material_production_profile,291,scc:0056,scc:0328,1,"{""recipe_input"":1}",2075
material_production_profile,292,scc:0057,scc:0305,1,"{""recipe_input"":1}",1995
material_production_profile,293,scc:0058,scc:0178,1,"{""recipe_input"":1}",2098
material_production_profile,294,scc:0058,scc:0309,1,"{""recipe_input"":1}",2014
material_production_profile,295,scc:0058,scc:0314,1,"{""recipe_input"":1}",2028
material_production_profile,296,scc:0060,scc:0175,1,"{""recipe_input"":1}",1775
material_production_profile,297,scc:0060,scc:0185,1,"{""recipe_input"":1}",2119
material_production_profile,298,scc:0060,scc:0194,1,"{""recipe_input"":1}",2154
material_production_profile,299,scc:0060,scc:0202,1,"{""recipe_input"":1}",2191
material_production_profile,300,scc:0060,scc:0203,1,"{""recipe_input"":1}",2196
material_production_profile,301,scc:0060,scc:0204,1,"{""recipe_input"":1}",2201
material_production_profile,302,scc:0060,scc:0206,1,"{""recipe_input"":1}",2212
material_production_profile,303,scc:0060,scc:0218,1,"{""recipe_input"":1}",1788
material_production_profile,304,scc:0060,scc:0223,1,"{""recipe_input"":1}",2268
material_production_profile,305,scc:0060,scc:0226,1,"{""recipe_input"":1}",2283
material_production_profile,306,scc:0060,scc:0227,1,"{""recipe_input"":1}",2288
material_production_profile,307,scc:0060,scc:0229,1,"{""recipe_input"":1}",1793
material_production_profile,308,scc:0060,scc:0232,1,"{""recipe_input"":1}",2310
material_production_profile,309,scc:0060,scc:0242,1,"{""recipe_input"":1}",2354
material_production_profile,310,scc:0060,scc:0249,1,"{""recipe_input"":1}",1816
material_production_profile,311,scc:0060,scc:0274,1,"{""recipe_input"":1}",1896
material_production_profile,312,scc:0060,scc:0277,1,"{""recipe_input"":1}",1907
material_production_profile,313,scc:0060,scc:0278,1,"{""recipe_input"":1}",1914
material_production_profile,314,scc:0060,scc:0281,1,"{""recipe_input"":1}",1919
material_production_profile,315,scc:0060,scc:0286,1,"{""recipe_input"":1}",1937
material_production_profile,316,scc:0060,scc:0297,1,"{""recipe_input"":1}",1969
material_production_profile,317,scc:0060,scc:0298,1,"{""recipe_input"":1}",1972
material_production_profile,318,scc:0060,scc:0299,1,"{""recipe_input"":1}",1975
material_production_profile,319,scc:0060,scc:0317,1,"{""recipe_input"":1}",2039
material_production_profile,320,scc:0060,scc:0319,1,"{""recipe_input"":1}",2046
material_production_profile,321,scc:0060,scc:0322,1,"{""recipe_input"":1}",1771
material_production_profile,322,scc:0061,scc:0185,1,"{""recipe_input"":1}",2120
material_production_profile,323,scc:0061,scc:0232,1,"{""recipe_input"":1}",2311
material_production_profile,324,scc:0061,scc:0281,1,"{""recipe_input"":1}",1920
material_production_profile,325,scc:0062,scc:0187,1,"{""recipe_input"":1}",2125
material_production_profile,326,scc:0062,scc:0190,1,"{""recipe_input"":1}",2138
material_production_profile,327,scc:0062,scc:0198,1,"{""recipe_input"":1}",2170
material_production_profile,328,scc:0062,scc:0199,1,"{""recipe_input"":1}",2178
material_production_profile,329,scc:0062,scc:0200,1,"{""recipe_input"":1}",2182
material_production_profile,330,scc:0062,scc:0205,1,"{""recipe_input"":1}",2208
material_production_profile,331,scc:0062,scc:0208,1,"{""recipe_input"":1}",2218
material_production_profile,332,scc:0062,scc:0224,1,"{""recipe_input"":1}",2273
material_production_profile,333,scc:0062,scc:0228,1,"{""recipe_input"":1}",2293
material_production_profile,334,scc:0062,scc:0230,1,"{""recipe_input"":1}",2298
material_production_profile,335,scc:0062,scc:0231,1,"{""recipe_input"":1}",2303
material_production_profile,336,scc:0062,scc:0237,1,"{""recipe_input"":1}",2337
material_production_profile,337,scc:0062,scc:0241,1,"{""recipe_input"":1}",2349
material_production_profile,338,scc:0062,scc:0267,1,"{""recipe_input"":1}",1873
material_production_profile,339,scc:0062,scc:0271,1,"{""recipe_input"":1}",1882
material_production_profile,340,scc:0062,scc:0275,1,"{""recipe_input"":1}",1900
material_production_profile,341,scc:0062,scc:0282,1,"{""recipe_input"":1}",1922
material_production_profile,342,scc:0062,scc:0285,1,"{""recipe_input"":1}",1932
material_production_profile,343,scc:0062,scc:0302,1,"{""recipe_input"":1}",1982
material_production_profile,344,scc:0062,scc:0303,1,"{""recipe_input"":1}",1988
material_production_profile,345,scc:0062,scc:0308,1,"{""recipe_input"":1}",2011
material_production_profile,346,scc:0062,scc:0313,1,"{""recipe_input"":1}",2024
material_production_profile,347,scc:0062,scc:0326,1,"{""recipe_input"":1}",2066
material_production_profile,348,scc:0062,scc:0327,1,"{""recipe_input"":1}",2070
material_production_profile,349,scc:0062,scc:0329,1,"{""recipe_input"":1}",2078
material_production_profile,350,scc:0063,scc:0193,1,"{""recipe_input"":1}",2148
material_production_profile,351,scc:0063,scc:0282,1,"{""recipe_input"":1}",1923
material_production_profile,352,scc:0064,scc:0178,1,"{""recipe_input"":1}",2099
material_production_profile,353,scc:0064,scc:0196,1,"{""recipe_input"":1}",2164
material_production_profile,354,scc:0064,scc:0201,1,"{""recipe_input"":1}",2187
material_production_profile,355,scc:0064,scc:0233,1,"{""recipe_input"":1}",2317
material_production_profile,356,scc:0064,scc:0234,1,"{""recipe_input"":1}",2322
material_production_profile,357,scc:0064,scc:0235,1,"{""recipe_input"":1}",2327
material_production_profile,358,scc:0064,scc:0272,1,"{""recipe_input"":1}",1887
material_production_profile,359,scc:0064,scc:0276,1,"{""recipe_input"":1}",1904
material_production_profile,360,scc:0064,scc:0314,1,"{""recipe_input"":1}",2029
material_production_profile,361,scc:0064,scc:0315,1,"{""recipe_input"":1}",2033
material_production_profile,362,scc:0065,scc:0185,1,"{""recipe_input"":1}",2118
material_production_profile,363,scc:0065,scc:0199,1,"{""recipe_input"":1}",2177
material_production_profile,364,scc:0065,scc:0203,1,"{""recipe_input"":1}",2195
material_production_profile,365,scc:0065,scc:0205,1,"{""recipe_input"":1}",2207
material_production_profile,366,scc:0065,scc:0207,1,"{""recipe_input"":1}",1784
material_production_profile,367,scc:0065,scc:0208,1,"{""recipe_input"":1}",2216
material_production_profile,368,scc:0065,scc:0218,1,"{""recipe_input"":1}",1789
material_production_profile,369,scc:0065,scc:0226,1,"{""recipe_input"":1}",2284
material_production_profile,370,scc:0065,scc:0229,1,"{""recipe_input"":1}",1794
material_production_profile,371,scc:0065,scc:0237,1,"{""recipe_input"":1}",2336
material_production_profile,372,scc:0065,scc:0238,1,"{""recipe_input"":1}",2340
material_production_profile,373,scc:0065,scc:0242,1,"{""recipe_input"":1}",2353
material_production_profile,374,scc:0066,scc:0276,1,"{""recipe_input"":1}",1903
material_production_profile,375,scc:0066,scc:0285,1,"{""recipe_input"":1}",1933
material_production_profile,376,scc:0067,scc:0272,1,"{""recipe_input"":1}",1886
material_production_profile,377,scc:0067,scc:0273,1,"{""recipe_input"":1}",1891
material_production_profile,378,scc:0068,scc:0195,1,"{""recipe_input"":1}",2158
material_production_profile,379,scc:0068,scc:0203,1,"{""recipe_input"":1}",2197
material_production_profile,380,scc:0068,scc:0227,1,"{""recipe_input"":1}",2289
material_production_profile,381,scc:0068,scc:0301,1,"{""recipe_input"":1}",1978
material_production_profile,382,scc:0068,scc:0303,1,"{""recipe_input"":1}",1987
material_production_profile,383,scc:0069,scc:0224,1,"{""recipe_input"":1}",2275
material_production_profile,384,scc:0069,scc:0327,1,"{""recipe_input"":1}",2071
material_production_profile,385,scc:0070,scc:0188,1,"{""recipe_input"":1}",2129
material_production_profile,386,scc:0070,scc:0230,1,"{""recipe_input"":1}",2297
material_production_profile,387,scc:0070,scc:0231,1,"{""recipe_input"":1}",2302
material_production_profile,388,scc:0070,scc:0329,1,"{""recipe_input"":1}",2079
material_production_profile,389,scc:0071,scc:0200,1,"{""recipe_input"":1}",2181
material_production_profile,390,scc:0071,scc:0206,1,"{""recipe_input"":1}",2213
material_production_profile,391,scc:0071,scc:0223,1,"{""recipe_input"":1}",2270
material_production_profile,392,scc:0071,scc:0226,1,"{""recipe_input"":1}",2282
material_production_profile,393,scc:0071,scc:0232,1,"{""recipe_input"":1}",2312
material_production_profile,394,scc:0072,scc:0313,1,"{""recipe_input"":1}",2023
material_production_profile,395,scc:0073,scc:0315,1,"{""recipe_input"":1}",2031
material_production_profile,396,scc:0075,scc:0215,1,"{""recipe_input"":1}",2241
material_production_profile,397,scc:0076,scc:0216,1,"{""recipe_input"":1}",2244
material_production_profile,398,scc:0078,scc:0219,1,"{""recipe_input"":1}",2250
material_production_profile,399,scc:0079,scc:0220,1,"{""recipe_input"":1}",2254
material_production_profile,400,scc:0081,scc:0222,1,"{""recipe_input"":1}",2262
material_production_profile,401,scc:0083,scc:0224,1,"{""recipe_input"":1}",2272
material_production_profile,402,scc:0084,scc:0225,1,"{""recipe_input"":1}",2277
material_production_profile,403,scc:0086,scc:0239,1,"{""recipe_input"":1}",2343
material_production_profile,404,scc:0089,scc:0315,1,"{""recipe_input"":1}",2032
material_production_profile,405,scc:0090,scc:0236,1,"{""recipe_input"":1}",2329
material_production_profile,406,scc:0092,scc:0321,1,"{""recipe_input"":1}",2051
material_production_profile,407,scc:0093,scc:0325,1,"{""recipe_input"":1}",2060
material_production_profile,408,scc:0095,scc:0320,1,"{""recipe_input"":1}",2048
material_production_profile,409,scc:0096,scc:0323,1,"{""recipe_input"":1}",2054
material_production_profile,410,scc:0097,scc:0241,1,"{""recipe_input"":1}",2347
material_production_profile,411,scc:0104,scc:0328,1,"{""recipe_input"":1}",2073
material_production_profile,412,scc:0105,scc:0188,1,"{""recipe_input"":1}",2127
material_production_profile,413,scc:0109,scc:0207,1,"{""recipe_input"":1}",1783
material_production_profile,414,scc:0110,scc:0209,1,"{""recipe_input"":1}",2220
material_production_profile,415,scc:0110,scc:0304,1,"{""recipe_input"":1}",1991
material_production_profile,416,scc:0115,scc:0188,1,"{""recipe_input"":1}",2130
material_production_profile,417,scc:0123,scc:0193,1,"{""recipe_input"":1}",2146
material_production_profile,418,scc:0124,scc:0275,1,"{""recipe_input"":1}",1898
material_production_profile,419,scc:0125,scc:0276,1,"{""recipe_input"":1}",1902
material_production_profile,420,scc:0126,scc:0234,1,"{""recipe_input"":1}",2319
material_production_profile,421,scc:0130,scc:0201,1,"{""recipe_input"":1}",2184
material_production_profile,422,scc:0136,scc:0235,1,"{""recipe_input"":1}",2324
material_production_profile,423,scc:0142,scc:0233,1,"{""recipe_input"":1}",2314
material_production_profile,424,scc:0157,scc:0227,1,"{""recipe_input"":1}",2286
material_production_profile,425,scc:0157,scc:0228,1,"{""recipe_input"":1}",2291
material_production_profile,426,scc:0162,scc:0233,1,"{""recipe_input"":1}",2316
material_production_profile,427,scc:0163,scc:0233,1,"{""recipe_input"":1}",2315
material_production_profile,428,scc:0164,scc:0234,1,"{""recipe_input"":1}",2320
material_production_profile,429,scc:0165,scc:0235,1,"{""recipe_input"":1}",2325
material_production_profile,430,scc:0166,scc:0236,1,"{""recipe_input"":1}",2330
material_production_profile,431,scc:0167,scc:0234,1,"{""recipe_input"":1}",2321
material_production_profile,432,scc:0167,scc:0235,1,"{""recipe_input"":1}",2326
material_production_profile,433,scc:0168,scc:0306,1,"{""recipe_input"":1}",1998
material_production_profile,434,scc:0169,scc:0306,1,"{""recipe_input"":1}",1999
material_production_profile,435,scc:0170,scc:0306,1,"{""recipe_input"":1}",2000
material_production_profile,436,scc:0171,scc:0306,1,"{""recipe_input"":1}",2001
material_production_profile,437,scc:0172,scc:0306,1,"{""recipe_input"":1}",2002
material_production_profile,438,scc:0172,scc:0310,1,"{""recipe_input"":1}",2016
material_production_profile,439,scc:0174,scc:0018,1,"{""recipe_output"":1}",1751
material_production_profile,440,scc:0175,scc:0142,1,"{""recipe_output"":1}",1777
material_production_profile,441,scc:0176,scc:0056,1,"{""recipe_output"":1}",2094
material_production_profile,442,scc:0177,scc:0058,1,"{""recipe_output"":1}",2097
material_production_profile,443,scc:0178,scc:0172,1,"{""recipe_output"":1}",2100
material_production_profile,444,scc:0179,scc:0055,1,"{""recipe_output"":1}",2104
material_production_profile,445,scc:0180,scc:0043,1,"{""recipe_output"":1}",2108
material_production_profile,446,scc:0181,scc:0071,1,"{""recipe_output"":1}",2308
material_production_profile,447,scc:0182,scc:0048,1,"{""recipe_output"":1}",2110
material_production_profile,448,scc:0183,scc:0049,1,"{""recipe_output"":1}",2113
material_production_profile,449,scc:0184,scc:0050,1,"{""recipe_output"":1}",2116
material_production_profile,450,scc:0185,scc:0134,1,"{""recipe_output"":1}",2121
material_production_profile,451,scc:0186,scc:0028,1,"{""recipe_output"":1}",1779
material_production_profile,452,scc:0187,scc:0135,1,"{""recipe_output"":1}",2126
material_production_profile,453,scc:0188,scc:0106,1,"{""recipe_output"":1}",2131
material_production_profile,454,scc:0189,scc:0047,1,"{""recipe_output"":1}",2134
material_production_profile,455,scc:0190,scc:0119,1,"{""recipe_output"":1}",2139
material_production_profile,456,scc:0191,scc:0107,1,"{""recipe_output"":1}",2143
material_production_profile,457,scc:0192,scc:0037,1,"{""recipe_output"":1}",2145
material_production_profile,458,scc:0193,scc:0136,1,"{""recipe_output"":1}",2150
material_production_profile,459,scc:0194,scc:0100,1,"{""recipe_output"":1}",2155
material_production_profile,460,scc:0195,scc:0121,1,"{""recipe_output"":1}",2160
material_production_profile,461,scc:0196,scc:0137,1,"{""recipe_output"":1}",2166
material_production_profile,462,scc:0197,scc:0065,1,"{""recipe_output"":1}",1782
material_production_profile,463,scc:0198,scc:0101,1,"{""recipe_output"":1}",2171
material_production_profile,464,scc:0199,scc:0108,1,"{""recipe_output"":1}",2179
material_production_profile,465,scc:0200,scc:0156,1,"{""recipe_output"":1}",2183
material_production_profile,466,scc:0201,scc:0138,1,"{""recipe_output"":1}",2188
material_production_profile,467,scc:0202,scc:0144,1,"{""recipe_output"":1}",2193
material_production_profile,468,scc:0203,scc:0145,1,"{""recipe_output"":1}",2198
material_production_profile,469,scc:0204,scc:0146,1,"{""recipe_output"":1}",2203
material_production_profile,470,scc:0205,scc:0147,1,"{""recipe_output"":1}",2209
material_production_profile,471,scc:0206,scc:0148,1,"{""recipe_output"":1}",2214
material_production_profile,472,scc:0207,scc:0110,1,"{""recipe_output"":1}",1785
material_production_profile,473,scc:0208,scc:0149,1,"{""recipe_output"":1}",2219
material_production_profile,474,scc:0209,scc:0150,1,"{""recipe_output"":1}",2223
material_production_profile,475,scc:0210,scc:0151,1,"{""recipe_output"":1}",2228
material_production_profile,476,scc:0211,scc:0044,1,"{""recipe_output"":1}",2230
material_production_profile,477,scc:0212,scc:0045,1,"{""recipe_output"":1}",2234
material_production_profile,478,scc:0213,scc:0046,1,"{""recipe_output"":1}",2238
material_production_profile,479,scc:0214,scc:0075,1,"{""recipe_output"":1}",2240
material_production_profile,480,scc:0215,scc:0076,1,"{""recipe_output"":1}",2243
material_production_profile,481,scc:0216,scc:0077,1,"{""recipe_output"":1}",2246
material_production_profile,482,scc:0217,scc:0078,1,"{""recipe_output"":1}",2249
material_production_profile,483,scc:0218,scc:0128,1,"{""recipe_output"":1}",1790
material_production_profile,484,scc:0219,scc:0079,1,"{""recipe_output"":1}",2253
material_production_profile,485,scc:0220,scc:0080,1,"{""recipe_output"":1}",2257
material_production_profile,486,scc:0221,scc:0081,1,"{""recipe_output"":1}",2261
material_production_profile,487,scc:0222,scc:0082,1,"{""recipe_output"":1}",2266
material_production_profile,488,scc:0223,scc:0083,1,"{""recipe_output"":1}",2271
material_production_profile,489,scc:0224,scc:0084,1,"{""recipe_output"":1}",2276
material_production_profile,490,scc:0225,scc:0085,1,"{""recipe_output"":1}",2280
material_production_profile,491,scc:0226,scc:0157,1,"{""recipe_output"":1}",2285
material_production_profile,492,scc:0227,scc:0158,1,"{""recipe_output"":1}",2290
material_production_profile,493,scc:0228,scc:0159,1,"{""recipe_output"":1}",2295
material_production_profile,494,scc:0229,scc:0129,1,"{""recipe_output"":1}",1795
material_production_profile,495,scc:0230,scc:0160,1,"{""recipe_output"":1}",2300
material_production_profile,496,scc:0231,scc:0161,1,"{""recipe_output"":1}",2305
material_production_profile,497,scc:0232,scc:0152,1,"{""recipe_output"":1}",2313
material_production_profile,498,scc:0233,scc:0143,1,"{""recipe_output"":1}",2318
material_production_profile,499,scc:0234,scc:0139,1,"{""recipe_output"":1}",2323
material_production_profile,500,scc:0235,scc:0140,1,"{""recipe_output"":1}",2328
material_production_profile,501,scc:0236,scc:0091,1,"{""recipe_output"":1}",2333
material_production_profile,502,scc:0237,scc:0153,1,"{""recipe_output"":1}",2338
material_production_profile,503,scc:0238,scc:0086,1,"{""recipe_output"":1}",2342
material_production_profile,504,scc:0239,scc:0087,1,"{""recipe_output"":1}",2346
material_production_profile,505,scc:0240,scc:0031,2,"{""recipe_output"":2}",1797|1798
material_production_profile,506,scc:0241,scc:0098,1,"{""recipe_output"":1}",2350
material_production_profile,507,scc:0242,scc:0141,1,"{""recipe_output"":1}",2355
material_production_profile,508,scc:0243,scc:0026,1,"{""recipe_output"":1}",1800
material_production_profile,509,scc:0244,scc:0169,1,"{""recipe_output"":1}",1803
material_production_profile,510,scc:0245,scc:0088,1,"{""recipe_output"":1}",1806
material_production_profile,511,scc:0246,scc:0019,1,"{""recipe_output"":1}",1753
material_production_profile,512,scc:0247,scc:0069,1,"{""recipe_output"":1}",1809
material_production_profile,513,scc:0248,scc:0070,1,"{""recipe_output"":1}",1812
material_production_profile,514,scc:0249,scc:0130,1,"{""recipe_output"":1}",1817
material_production_profile,515,scc:0250,scc:0032,1,"{""recipe_output"":1}",1820
material_production_profile,516,scc:0251,scc:0033,1,"{""recipe_output"":1}",1824
material_production_profile,517,scc:0252,scc:0034,1,"{""recipe_output"":1}",1828
material_production_profile,518,scc:0253,scc:0035,1,"{""recipe_output"":1}",1831
material_production_profile,519,scc:0254,scc:0170,1,"{""recipe_output"":1}",1834
material_production_profile,520,scc:0255,scc:0042,1,"{""recipe_output"":1}",1838
material_production_profile,521,scc:0256,scc:0042,1,"{""recipe_output"":1}",1842
material_production_profile,522,scc:0257,scc:0021,1,"{""recipe_output"":1}",1755
material_production_profile,523,scc:0258,scc:0036,1,"{""recipe_output"":1}",1846
material_production_profile,524,scc:0259,scc:0039,1,"{""recipe_output"":1}",1849
material_production_profile,525,scc:0260,scc:0031,1,"{""recipe_output"":1}",1852
material_production_profile,526,scc:0260,scc:0039,1,"{""recipe_output"":1}",1851
material_production_profile,527,scc:0261,scc:0040,1,"{""recipe_output"":1}",1855
material_production_profile,528,scc:0262,scc:0004,1,"{""recipe_output"":1}",1857
material_production_profile,529,scc:0263,scc:0040,1,"{""recipe_output"":1}",1859
material_production_profile,530,scc:0264,scc:0066,1,"{""recipe_output"":1}",1863
material_production_profile,531,scc:0265,scc:0030,1,"{""recipe_output"":1}",1865
material_production_profile,532,scc:0266,scc:0063,1,"{""recipe_output"":1}",1868
material_production_profile,533,scc:0267,scc:0131,1,"{""recipe_output"":1}",1874
material_production_profile,534,scc:0268,scc:0025,1,"{""recipe_output"":1}",1757
material_production_profile,535,scc:0269,scc:0037,1,"{""recipe_output"":1}",1876
material_production_profile,536,scc:0270,scc:0089,1,"{""recipe_output"":1}",1880
material_production_profile,537,scc:0271,scc:0067,1,"{""recipe_output"":1}",1883
material_production_profile,538,scc:0272,scc:0118,1,"{""recipe_output"":1}",1888
material_production_profile,539,scc:0273,scc:0090,1,"{""recipe_output"":1}",1893
material_production_profile,540,scc:0274,scc:0124,1,"{""recipe_output"":1}",1897
material_production_profile,541,scc:0275,scc:0125,1,"{""recipe_output"":1}",1901
material_production_profile,542,scc:0276,scc:0126,1,"{""recipe_output"":1}",1905
material_production_profile,543,scc:0277,scc:0122,1,"{""recipe_output"":1}",1910
material_production_profile,544,scc:0278,scc:0127,1,"{""recipe_output"":1}",1915
material_production_profile,545,scc:0279,scc:0051,1,"{""recipe_output"":1}",1759
material_production_profile,546,scc:0280,scc:0060,1,"{""recipe_output"":1}",1918
material_production_profile,547,scc:0281,scc:0062,1,"{""recipe_output"":1}",1921
material_production_profile,548,scc:0282,scc:0064,1,"{""recipe_output"":1}",1924
material_production_profile,549,scc:0283,scc:0061,1,"{""recipe_output"":1}",1927
material_production_profile,550,scc:0284,scc:0034,1,"{""recipe_output"":1}",1931
material_production_profile,551,scc:0285,scc:0171,1,"{""recipe_output"":1}",1934
material_production_profile,552,scc:0286,scc:0123,1,"{""recipe_output"":1}",1939
material_production_profile,553,scc:0287,scc:0027,1,"{""recipe_output"":1}",1941
material_production_profile,554,scc:0288,scc:0022,1,"{""recipe_output"":1}",1947
material_production_profile,555,scc:0289,scc:0052,1,"{""recipe_output"":1}",1762
material_production_profile,556,scc:0290,scc:0029,1,"{""recipe_output"":1}",1949
material_production_profile,557,scc:0291,scc:0029,1,"{""recipe_output"":1}",1951
material_production_profile,558,scc:0292,scc:0030,1,"{""recipe_output"":1}",1953
material_production_profile,559,scc:0293,scc:0020,1,"{""recipe_output"":1}",1955
material_production_profile,560,scc:0294,scc:0112,1,"{""recipe_output"":1}",1960
material_production_profile,561,scc:0295,scc:0023,1,"{""recipe_output"":1}",1962
material_production_profile,562,scc:0296,scc:0024,1,"{""recipe_output"":1}",1966
material_production_profile,563,scc:0297,scc:0113,1,"{""recipe_output"":1}",1970
material_production_profile,564,scc:0298,scc:0068,1,"{""recipe_output"":1}",1973
material_production_profile,565,scc:0299,scc:0068,1,"{""recipe_output"":1}",1976
material_production_profile,566,scc:0300,scc:0111,1,"{""recipe_output"":1}",1766
material_production_profile,567,scc:0301,scc:0072,1,"{""recipe_output"":1}",1979
material_production_profile,568,scc:0302,scc:0132,1,"{""recipe_output"":1}",1984
material_production_profile,569,scc:0303,scc:0116,1,"{""recipe_output"":1}",1990
material_production_profile,570,scc:0304,scc:0120,1,"{""recipe_output"":1}",1994
material_production_profile,571,scc:0305,scc:0031,1,"{""recipe_output"":1}",1997
material_production_profile,572,scc:0305,scc:0038,1,"{""recipe_output"":1}",1996
material_production_profile,573,scc:0306,scc:0173,1,"{""recipe_output"":1}",2004
material_production_profile,574,scc:0307,scc:0114,1,"{""recipe_output"":1}",2008
material_production_profile,575,scc:0308,scc:0117,1,"{""recipe_output"":1}",2013
material_production_profile,576,scc:0309,scc:0059,1,"{""recipe_output"":1}",2015
material_production_profile,577,scc:0310,scc:0059,1,"{""recipe_output"":1}",2017
material_production_profile,578,scc:0311,scc:0109,1,"{""recipe_output"":1}",1769
material_production_profile,579,scc:0312,scc:0041,1,"{""recipe_output"":1}",2021
material_production_profile,580,scc:0313,scc:0073,1,"{""recipe_output"":1}",2025
material_production_profile,581,scc:0314,scc:0133,1,"{""recipe_output"":1}",2030
material_production_profile,582,scc:0315,scc:0074,1,"{""recipe_output"":1}",2034
material_production_profile,583,scc:0316,scc:0092,1,"{""recipe_output"":1}",2037
material_production_profile,584,scc:0317,scc:0095,1,"{""recipe_output"":1}",2040
material_production_profile,585,scc:0318,scc:0102,1,"{""recipe_output"":1}",2043
material_production_profile,586,scc:0319,scc:0099,1,"{""recipe_output"":1}",2047
material_production_profile,587,scc:0320,scc:0096,1,"{""recipe_output"":1}",2050
material_production_profile,588,scc:0321,scc:0093,1,"{""recipe_output"":1}",2053
material_production_profile,589,scc:0322,scc:0168,1,"{""recipe_output"":1}",1772
material_production_profile,590,scc:0323,scc:0097,1,"{""recipe_output"":1}",2056
material_production_profile,591,scc:0324,scc:0103,1,"{""recipe_output"":1}",2059
material_production_profile,592,scc:0325,scc:0094,1,"{""recipe_output"":1}",2063
material_production_profile,593,scc:0326,scc:0104,1,"{""recipe_output"":1}",2068
material_production_profile,594,scc:0327,scc:0154,1,"{""recipe_output"":1}",2072
material_production_profile,595,scc:0328,scc:0105,1,"{""recipe_output"":1}",2076
material_production_profile,596,scc:0329,scc:0155,1,"{""recipe_output"":1}",2080
material_production_profile,597,scc:0330,scc:0053,1,"{""recipe_output"":1}",2084
material_production_profile,598,scc:0331,scc:0054,1,"{""recipe_output"":1}",2087
material_production_profile,599,scc:0332,scc:0056,1,"{""recipe_output"":1}",2091
material_production_profile,600,scc:0333,scc:0001,1,"{""theme_water_resource"":1}",2364
material_production_profile,601,scc:0333,scc:0358,1,"{""theme_base_vein_config_present"":1}",2356
material_production_profile,602,scc:0333,scc:0360,1,"{""theme_rare_vein_config"":1}",2363
material_production_profile,603,scc:0333,scc:0364,1,"{""theme_base_vein_config_present"":1}",2357
material_production_profile,604,scc:0333,scc:0367,1,"{""theme_base_vein_config_present"":1}",2360
material_production_profile,605,scc:0333,scc:0368,1,"{""theme_base_vein_config_present"":1}",2361
material_production_profile,606,scc:0333,scc:0369,1,"{""theme_base_vein_config_present"":1}",2362
material_production_profile,607,scc:0334,scc:0001,1,"{""theme_water_resource"":1}",2420
material_production_profile,608,scc:0334,scc:0358,1,"{""theme_base_vein_config_present"":1}",2410
material_production_profile,609,scc:0334,scc:0359,1,"{""theme_rare_vein_config"":1}",2418
material_production_profile,610,scc:0334,scc:0361,1,"{""theme_rare_vein_config"":1}",2419
material_production_profile,611,scc:0334,scc:0364,1,"{""theme_base_vein_config_present"":1}",2411
material_production_profile,612,scc:0334,scc:0365,1,"{""theme_base_vein_config_present"":1}",2412
material_production_profile,613,scc:0334,scc:0366,1,"{""theme_base_vein_config_present"":1}",2413
material_production_profile,614,scc:0334,scc:0367,1,"{""theme_base_vein_config_present"":1}",2414
material_production_profile,615,scc:0334,scc:0368,1,"{""theme_base_vein_config_present"":1}",2415
material_production_profile,616,scc:0334,scc:0370,1,"{""theme_rare_vein_config"":1}",2417
material_production_profile,617,scc:0335,scc:0358,1,"{""theme_base_vein_config_present"":1}",2421
material_production_profile,618,scc:0335,scc:0361,1,"{""theme_rare_vein_config"":1}",2430
material_production_profile,619,scc:0335,scc:0362,1,"{""theme_rare_vein_config"":1}",2431
material_production_profile,620,scc:0335,scc:0364,1,"{""theme_base_vein_config_present"":1}",2422
material_production_profile,621,scc:0335,scc:0365,1,"{""theme_base_vein_config_present"":1}",2423
material_production_profile,622,scc:0335,scc:0366,1,"{""theme_base_vein_config_present"":1}",2424
material_production_profile,623,scc:0335,scc:0367,1,"{""theme_base_vein_config_present"":1}",2425
material_production_profile,624,scc:0335,scc:0370,1,"{""theme_rare_vein_config"":1}",2428
material_production_profile,625,scc:0335,scc:0371,1,"{""theme_rare_vein_config"":1}",2429
material_production_profile,626,scc:0336,scc:0358,1,"{""theme_base_vein_config_present"":1}",2432
material_production_profile,627,scc:0336,scc:0359,1,"{""theme_rare_vein_config"":1}",2440
material_production_profile,628,scc:0336,scc:0361,1,"{""theme_rare_vein_config"":1}",2441
material_production_profile,629,scc:0336,scc:0364,1,"{""theme_base_vein_config_present"":1}",2433
material_production_profile,630,scc:0336,scc:0365,1,"{""theme_base_vein_config_present"":1}",2434
material_production_profile,631,scc:0336,scc:0367,1,"{""theme_base_vein_config_present"":1}",2436
material_production_profile,632,scc:0336,scc:0368,1,"{""theme_base_vein_config_present"":1}",2437
material_production_profile,633,scc:0336,scc:0371,1,"{""theme_rare_vein_config"":1}",2439
material_production_profile,634,scc:0337,scc:0033,1,"{""theme_water_resource"":1}",2449
material_production_profile,635,scc:0337,scc:0358,1,"{""theme_base_vein_config_present"":1}",2442
material_production_profile,636,scc:0337,scc:0364,1,"{""theme_base_vein_config_present"":1}",2443
material_production_profile,637,scc:0337,scc:0365,1,"{""theme_base_vein_config_present"":1}",2444
material_production_profile,638,scc:0337,scc:0366,1,"{""theme_base_vein_config_present"":1}",2445
material_production_profile,639,scc:0337,scc:0367,1,"{""theme_base_vein_config_present"":1}",2446
material_production_profile,640,scc:0337,scc:0368,1,"{""theme_base_vein_config_present"":1}",2447
material_production_profile,641,scc:0338,scc:0001,1,"{""theme_water_resource"":1}",2460
material_production_profile,642,scc:0338,scc:0358,1,"{""theme_base_vein_config_present"":1}",2450
material_production_profile,643,scc:0338,scc:0360,1,"{""theme_rare_vein_config"":1}",2458
material_production_profile,644,scc:0338,scc:0362,1,"{""theme_rare_vein_config"":1}",2459
material_production_profile,645,scc:0338,scc:0364,1,"{""theme_base_vein_config_present"":1}",2451
material_production_profile,646,scc:0338,scc:0367,1,"{""theme_base_vein_config_present"":1}",2454
material_production_profile,647,scc:0338,scc:0368,1,"{""theme_base_vein_config_present"":1}",2455
material_production_profile,648,scc:0338,scc:0369,1,"{""theme_base_vein_config_present"":1}",2456
material_production_profile,649,scc:0338,scc:0371,1,"{""theme_rare_vein_config"":1}",2457
material_production_profile,650,scc:0339,scc:0001,1,"{""theme_water_resource"":1}",2470
material_production_profile,651,scc:0339,scc:0358,1,"{""theme_base_vein_config_present"":1}",2461
material_production_profile,652,scc:0339,scc:0360,1,"{""theme_rare_vein_config"":1}",2468
material_production_profile,653,scc:0339,scc:0362,1,"{""theme_rare_vein_config"":1}",2469
material_production_profile,654,scc:0339,scc:0364,1,"{""theme_base_vein_config_present"":1}",2462
material_production_profile,655,scc:0339,scc:0365,1,"{""theme_base_vein_config_present"":1}",2463
material_production_profile,656,scc:0339,scc:0366,1,"{""theme_base_vein_config_present"":1}",2464
material_production_profile,657,scc:0339,scc:0367,1,"{""theme_base_vein_config_present"":1}",2465
material_production_profile,658,scc:0339,scc:0368,1,"{""theme_base_vein_config_present"":1}",2466
material_production_profile,659,scc:0339,scc:0369,1,"{""theme_base_vein_config_present"":1}",2467
material_production_profile,660,scc:0340,scc:0001,1,"{""theme_water_resource"":1}",2479
material_production_profile,661,scc:0340,scc:0362,1,"{""theme_rare_vein_config"":1}",2478
material_production_profile,662,scc:0340,scc:0368,1,"{""theme_base_vein_config_present"":1}",2476
material_production_profile,663,scc:0340,scc:0369,1,"{""theme_base_vein_config_present"":1}",2477
material_production_profile,664,scc:0341,scc:0358,1,"{""theme_base_vein_config_present"":1}",2480
material_production_profile,665,scc:0341,scc:0361,1,"{""theme_rare_vein_config"":1}",2488
material_production_profile,666,scc:0341,scc:0364,1,"{""theme_base_vein_config_present"":1}",2481
material_production_profile,667,scc:0341,scc:0365,1,"{""theme_base_vein_config_present"":1}",2482
material_production_profile,668,scc:0341,scc:0366,1,"{""theme_base_vein_config_present"":1}",2483
material_production_profile,669,scc:0341,scc:0367,1,"{""theme_base_vein_config_present"":1}",2484
material_production_profile,670,scc:0341,scc:0368,1,"{""theme_base_vein_config_present"":1}",2485
material_production_profile,671,scc:0341,scc:0371,1,"{""theme_rare_vein_config"":1}",2487
material_production_profile,672,scc:0342,scc:0001,1,"{""theme_water_resource"":1}",2498
material_production_profile,673,scc:0342,scc:0358,1,"{""theme_base_vein_config_present"":1}",2489
material_production_profile,674,scc:0342,scc:0360,1,"{""theme_rare_vein_config"":1}",2496
material_production_profile,675,scc:0342,scc:0362,1,"{""theme_rare_vein_config"":1}",2497
material_production_profile,676,scc:0342,scc:0364,1,"{""theme_base_vein_config_present"":1}",2490
material_production_profile,677,scc:0342,scc:0365,1,"{""theme_base_vein_config_present"":1}",2491
material_production_profile,678,scc:0342,scc:0367,1,"{""theme_base_vein_config_present"":1}",2493
material_production_profile,679,scc:0342,scc:0368,1,"{""theme_base_vein_config_present"":1}",2494
material_production_profile,680,scc:0342,scc:0369,1,"{""theme_base_vein_config_present"":1}",2495
material_production_profile,681,scc:0343,scc:0358,1,"{""theme_base_vein_config_present"":1}",2499
material_production_profile,682,scc:0343,scc:0359,1,"{""theme_rare_vein_config"":1}",2507
material_production_profile,683,scc:0343,scc:0361,1,"{""theme_rare_vein_config"":1}",2508
material_production_profile,684,scc:0343,scc:0364,1,"{""theme_base_vein_config_present"":1}",2500
material_production_profile,685,scc:0343,scc:0365,1,"{""theme_base_vein_config_present"":1}",2501
material_production_profile,686,scc:0343,scc:0366,1,"{""theme_base_vein_config_present"":1}",2502
material_production_profile,687,scc:0343,scc:0367,1,"{""theme_base_vein_config_present"":1}",2503
material_production_profile,688,scc:0343,scc:0368,1,"{""theme_base_vein_config_present"":1}",2504
material_production_profile,689,scc:0343,scc:0371,1,"{""theme_rare_vein_config"":1}",2506
material_production_profile,690,scc:0344,scc:0031,1,"{""theme_gas_resource"":1}",2365
material_production_profile,691,scc:0344,scc:0037,1,"{""theme_gas_resource"":1}",2366
material_production_profile,692,scc:0345,scc:0358,1,"{""theme_base_vein_config_present"":1}",2509
material_production_profile,693,scc:0345,scc:0361,1,"{""theme_rare_vein_config"":1}",2518
material_production_profile,694,scc:0345,scc:0364,1,"{""theme_base_vein_config_present"":1}",2510
material_production_profile,695,scc:0345,scc:0365,1,"{""theme_base_vein_config_present"":1}",2511
material_production_profile,696,scc:0345,scc:0366,1,"{""theme_base_vein_config_present"":1}",2512
material_production_profile,697,scc:0345,scc:0367,1,"{""theme_base_vein_config_present"":1}",2513
material_production_profile,698,scc:0345,scc:0368,1,"{""theme_base_vein_config_present"":1}",2514
material_production_profile,699,scc:0345,scc:0370,1,"{""theme_rare_vein_config"":1}",2516
material_production_profile,700,scc:0345,scc:0371,1,"{""theme_rare_vein_config"":1}",2517
material_production_profile,701,scc:0346,scc:0031,1,"{""theme_gas_resource"":1}",2519
material_production_profile,702,scc:0346,scc:0037,1,"{""theme_gas_resource"":1}",2520
material_production_profile,703,scc:0347,scc:0001,1,"{""theme_water_resource"":1}",2530
material_production_profile,704,scc:0347,scc:0358,1,"{""theme_base_vein_config_present"":1}",2521
material_production_profile,705,scc:0347,scc:0360,1,"{""theme_rare_vein_config"":1}",2528
material_production_profile,706,scc:0347,scc:0362,1,"{""theme_rare_vein_config"":1}",2529
material_production_profile,707,scc:0347,scc:0364,1,"{""theme_base_vein_config_present"":1}",2522
material_production_profile,708,scc:0347,scc:0365,1,"{""theme_base_vein_config_present"":1}",2523
material_production_profile,709,scc:0347,scc:0366,1,"{""theme_base_vein_config_present"":1}",2524
material_production_profile,710,scc:0347,scc:0367,1,"{""theme_base_vein_config_present"":1}",2525
material_production_profile,711,scc:0347,scc:0368,1,"{""theme_base_vein_config_present"":1}",2526
material_production_profile,712,scc:0347,scc:0369,1,"{""theme_base_vein_config_present"":1}",2527
material_production_profile,713,scc:0348,scc:0358,1,"{""theme_base_vein_config_present"":1}",2531
material_production_profile,714,scc:0348,scc:0360,1,"{""theme_rare_vein_config"":1}",2538
material_production_profile,715,scc:0348,scc:0361,1,"{""theme_rare_vein_config"":1}",2539
material_production_profile,716,scc:0348,scc:0364,1,"{""theme_base_vein_config_present"":1}",2532
material_production_profile,717,scc:0348,scc:0366,1,"{""theme_base_vein_config_present"":1}",2534
material_production_profile,718,scc:0348,scc:0368,1,"{""theme_base_vein_config_present"":1}",2536
material_production_profile,719,scc:0349,scc:0358,1,"{""theme_base_vein_config_present"":1}",2540
material_production_profile,720,scc:0349,scc:0361,1,"{""theme_rare_vein_config"":1}",2549
material_production_profile,721,scc:0349,scc:0364,1,"{""theme_base_vein_config_present"":1}",2541
material_production_profile,722,scc:0349,scc:0365,1,"{""theme_base_vein_config_present"":1}",2542
material_production_profile,723,scc:0349,scc:0366,1,"{""theme_base_vein_config_present"":1}",2543
material_production_profile,724,scc:0349,scc:0367,1,"{""theme_base_vein_config_present"":1}",2544
material_production_profile,725,scc:0349,scc:0368,1,"{""theme_base_vein_config_present"":1}",2545
material_production_profile,726,scc:0349,scc:0370,1,"{""theme_rare_vein_config"":1}",2547
material_production_profile,727,scc:0349,scc:0371,1,"{""theme_rare_vein_config"":1}",2548
material_production_profile,728,scc:0350,scc:0358,1,"{""theme_base_vein_config_present"":1}",2550
material_production_profile,729,scc:0350,scc:0359,1,"{""theme_rare_vein_config"":1}",2557
material_production_profile,730,scc:0350,scc:0360,1,"{""theme_rare_vein_config"":1}",2558
material_production_profile,731,scc:0350,scc:0362,1,"{""theme_rare_vein_config"":1}",2559
material_production_profile,732,scc:0350,scc:0364,1,"{""theme_base_vein_config_present"":1}",2551
material_production_profile,733,scc:0350,scc:0365,1,"{""theme_base_vein_config_present"":1}",2552
material_production_profile,734,scc:0350,scc:0366,1,"{""theme_base_vein_config_present"":1}",2553
material_production_profile,735,scc:0350,scc:0367,1,"{""theme_base_vein_config_present"":1}",2554
material_production_profile,736,scc:0350,scc:0368,1,"{""theme_base_vein_config_present"":1}",2555
material_production_profile,737,scc:0350,scc:0369,1,"{""theme_base_vein_config_present"":1}",2556
material_production_profile,738,scc:0351,scc:0031,1,"{""theme_gas_resource"":1}",2367
material_production_profile,739,scc:0351,scc:0037,1,"{""theme_gas_resource"":1}",2368
material_production_profile,740,scc:0352,scc:0009,1,"{""theme_gas_resource"":1}",2369
material_production_profile,741,scc:0352,scc:0031,1,"{""theme_gas_resource"":1}",2370
material_production_profile,742,scc:0353,scc:0009,1,"{""theme_gas_resource"":1}",2371
material_production_profile,743,scc:0353,scc:0031,1,"{""theme_gas_resource"":1}",2372
material_production_profile,744,scc:0354,scc:0358,1,"{""theme_base_vein_config_present"":1}",2373
material_production_profile,745,scc:0354,scc:0364,1,"{""theme_base_vein_config_present"":1}",2374
material_production_profile,746,scc:0354,scc:0366,1,"{""theme_base_vein_config_present"":1}",2376
material_production_profile,747,scc:0354,scc:0367,1,"{""theme_base_vein_config_present"":1}",2377
material_production_profile,748,scc:0354,scc:0368,1,"{""theme_base_vein_config_present"":1}",2378
material_production_profile,749,scc:0354,scc:0371,1,"{""theme_rare_vein_config"":1}",2380
material_production_profile,750,scc:0355,scc:0358,1,"{""theme_base_vein_config_present"":1}",2381
material_production_profile,751,scc:0355,scc:0359,1,"{""theme_rare_vein_config"":1}",2389
material_production_profile,752,scc:0355,scc:0364,1,"{""theme_base_vein_config_present"":1}",2382
material_production_profile,753,scc:0355,scc:0365,1,"{""theme_base_vein_config_present"":1}",2383
material_production_profile,754,scc:0355,scc:0366,1,"{""theme_base_vein_config_present"":1}",2384
material_production_profile,755,scc:0355,scc:0367,1,"{""theme_base_vein_config_present"":1}",2385
material_production_profile,756,scc:0355,scc:0368,1,"{""theme_base_vein_config_present"":1}",2386
material_production_profile,757,scc:0355,scc:0370,1,"{""theme_rare_vein_config"":1}",2388
material_production_profile,758,scc:0356,scc:0001,1,"{""theme_water_resource"":1}",2399
material_production_profile,759,scc:0356,scc:0358,1,"{""theme_base_vein_config_present"":1}",2390
material_production_profile,760,scc:0356,scc:0360,1,"{""theme_rare_vein_config"":1}",2397
material_production_profile,761,scc:0356,scc:0362,1,"{""theme_rare_vein_config"":1}",2398
material_production_profile,762,scc:0356,scc:0364,1,"{""theme_base_vein_config_present"":1}",2391
material_production_profile,763,scc:0356,scc:0365,1,"{""theme_base_vein_config_present"":1}",2392
material_production_profile,764,scc:0356,scc:0367,1,"{""theme_base_vein_config_present"":1}",2394
material_production_profile,765,scc:0356,scc:0368,1,"{""theme_base_vein_config_present"":1}",2395
material_production_profile,766,scc:0356,scc:0369,1,"{""theme_base_vein_config_present"":1}",2396
material_production_profile,767,scc:0357,scc:0358,1,"{""theme_base_vein_config_present"":1}",2400
material_production_profile,768,scc:0357,scc:0359,1,"{""theme_rare_vein_config"":1}",2408
material_production_profile,769,scc:0357,scc:0361,1,"{""theme_rare_vein_config"":1}",2409
material_production_profile,770,scc:0357,scc:0364,1,"{""theme_base_vein_config_present"":1}",2401
material_production_profile,771,scc:0357,scc:0365,1,"{""theme_base_vein_config_present"":1}",2402
material_production_profile,772,scc:0357,scc:0366,1,"{""theme_base_vein_config_present"":1}",2403
material_production_profile,773,scc:0357,scc:0367,1,"{""theme_base_vein_config_present"":1}",2404
material_production_profile,774,scc:0357,scc:0368,1,"{""theme_base_vein_config_present"":1}",2405
material_production_profile,775,scc:0357,scc:0371,1,"{""theme_rare_vein_config"":1}",2407
material_production_profile,776,scc:0358,scc:0002,1,"{""vein_mines_item"":1}",2560
material_production_profile,777,scc:0359,scc:0011,1,"{""vein_mines_item"":1}",2569
material_production_profile,778,scc:0360,scc:0034,1,"{""vein_mines_item"":1}",2570
material_production_profile,779,scc:0361,scc:0012,1,"{""vein_mines_item"":1}",2571
material_production_profile,780,scc:0362,scc:0013,1,"{""vein_mines_item"":1}",2572
material_production_profile,781,scc:0363,scc:0014,1,"{""vein_mines_item"":1}",2573
material_production_profile,782,scc:0364,scc:0003,1,"{""vein_mines_item"":1}",2561
material_production_profile,783,scc:0365,scc:0004,1,"{""vein_mines_item"":1}",2562
material_production_profile,784,scc:0366,scc:0005,1,"{""vein_mines_item"":1}",2563
material_production_profile,785,scc:0367,scc:0006,1,"{""vein_mines_item"":1}",2564
material_production_profile,786,scc:0368,scc:0007,1,"{""vein_mines_item"":1}",2565
material_production_profile,787,scc:0369,scc:0008,1,"{""vein_mines_item"":1}",2566
material_production_profile,788,scc:0370,scc:0009,1,"{""vein_mines_item"":1}",2567
material_production_profile,789,scc:0371,scc:0010,1,"{""vein_mines_item"":1}",2568
formal_research_prerequisite_profile,1,scc:0001,scc:0002,1,"{""pretech_explicit"":1}",1
formal_research_prerequisite_profile,2,scc:0002,scc:0003,1,"{""pretech_explicit"":1}",9
formal_research_prerequisite_profile,3,scc:0002,scc:0004,1,"{""pretech_explicit"":1}",15
formal_research_prerequisite_profile,4,scc:0002,scc:0013,1,"{""pretech_explicit"":1}",52
formal_research_prerequisite_profile,5,scc:0002,scc:0032,1,"{""pretech_explicit"":1}",152
formal_research_prerequisite_profile,6,scc:0002,scc:0041,1,"{""pretech_explicit"":1}",202
formal_research_prerequisite_profile,7,scc:0002,scc:0065,1,"{""pretech_explicit"":1}",337
formal_research_prerequisite_profile,8,scc:0002,scc:0073,1,"{""pretech_explicit"":1}",396
formal_research_prerequisite_profile,9,scc:0002,scc:0080,1,"{""pretech_explicit"":1}",433
formal_research_prerequisite_profile,10,scc:0002,scc:0084,1,"{""pretech_explicit"":1}",452
formal_research_prerequisite_profile,11,scc:0002,scc:0155,1,"{""pretech_implicit"":1}",875
formal_research_prerequisite_profile,12,scc:0002,scc:0217,1,"{""pretech_implicit"":1}",1323
formal_research_prerequisite_profile,13,scc:0003,scc:0051,1,"{""pretech_explicit"":1}",255
formal_research_prerequisite_profile,14,scc:0004,scc:0005,1,"{""pretech_explicit"":1}",22
formal_research_prerequisite_profile,15,scc:0004,scc:0008,1,"{""pretech_explicit"":1}",36
formal_research_prerequisite_profile,16,scc:0004,scc:0029,1,"{""pretech_explicit"":1}",137
formal_research_prerequisite_profile,17,scc:0004,scc:0087,1,"{""pretech_implicit"":1}",468
formal_research_prerequisite_profile,18,scc:0004,scc:0098,1,"{""pretech_implicit"":1}",539
formal_research_prerequisite_profile,19,scc:0005,scc:0006,1,"{""pretech_explicit"":1}",28
formal_research_prerequisite_profile,20,scc:0005,scc:0009,1,"{""pretech_explicit"":1}",40
formal_research_prerequisite_profile,21,scc:0005,scc:0014,1,"{""pretech_explicit"":1}",58
formal_research_prerequisite_profile,22,scc:0005,scc:0023,1,"{""pretech_explicit"":1}",102
formal_research_prerequisite_profile,23,scc:0006,scc:0007,1,"{""pretech_explicit"":1}",32
formal_research_prerequisite_profile,24,scc:0009,scc:0010,1,"{""pretech_explicit"":1}",43
formal_research_prerequisite_profile,25,scc:0010,scc:0011,1,"{""pretech_explicit"":1}",46
formal_research_prerequisite_profile,26,scc:0011,scc:0012,1,"{""pretech_explicit"":1}",49
formal_research_prerequisite_profile,27,scc:0011,scc:0068,1,"{""pretech_implicit"":1}",361
formal_research_prerequisite_profile,28,scc:0011,scc:0094,1,"{""pretech_implicit"":1}",510
formal_research_prerequisite_profile,29,scc:0012,scc:0069,1,"{""pretech_implicit"":1}",370
formal_research_prerequisite_profile,30,scc:0013,scc:0005,1,"{""pretech_explicit"":1}",21
formal_research_prerequisite_profile,31,scc:0013,scc:0014,1,"{""pretech_explicit"":1}",57
formal_research_prerequisite_profile,32,scc:0014,scc:0006,1,"{""pretech_explicit"":1}",27
formal_research_prerequisite_profile,33,scc:0014,scc:0015,1,"{""pretech_explicit"":1}",63
formal_research_prerequisite_profile,34,scc:0014,scc:0020,1,"{""pretech_explicit"":1}",86
formal_research_prerequisite_profile,35,scc:0015,scc:0016,1,"{""pretech_explicit"":1}",68
formal_research_prerequisite_profile,36,scc:0016,scc:0017,1,"{""pretech_explicit"":1}",72
formal_research_prerequisite_profile,37,scc:0016,scc:0082,1,"{""pretech_explicit"":1}",442
formal_research_prerequisite_profile,38,scc:0017,scc:0018,1,"{""pretech_explicit"":1}",76
formal_research_prerequisite_profile,39,scc:0017,scc:0025,1,"{""pretech_explicit"":1}",113
formal_research_prerequisite_profile,40,scc:0018,scc:0024,1,"{""pretech_explicit"":1}",108
formal_research_prerequisite_profile,41,scc:0018,scc:0083,1,"{""pretech_explicit"":1}",446
formal_research_prerequisite_profile,42,scc:0019,scc:0024,1,"{""pretech_explicit"":1}",107
formal_research_prerequisite_profile,43,scc:0019,scc:0090,1,"{""pretech_implicit"":1}",485
formal_research_prerequisite_profile,44,scc:0020,scc:0021,1,"{""pretech_explicit"":1}",90
formal_research_prerequisite_profile,45,scc:0021,scc:0019,1,"{""pretech_explicit"":1}",82
formal_research_prerequisite_profile,46,scc:0021,scc:0022,1,"{""pretech_explicit"":1}",95
formal_research_prerequisite_profile,47,scc:0021,scc:0031,1,"{""pretech_explicit"":1}",147
formal_research_prerequisite_profile,48,scc:0021,scc:0062,1,"{""pretech_implicit"":1}",317
formal_research_prerequisite_profile,49,scc:0022,scc:0040,1,"{""pretech_explicit"":1}",198
formal_research_prerequisite_profile,50,scc:0023,scc:0049,1,"{""pretech_explicit"":1}",240
formal_research_prerequisite_profile,51,scc:0024,scc:0036,1,"{""pretech_explicit"":1}",175
formal_research_prerequisite_profile,52,scc:0024,scc:0050,1,"{""pretech_explicit"":1}",247
formal_research_prerequisite_profile,53,scc:0025,scc:0026,1,"{""pretech_explicit"":1}",119
formal_research_prerequisite_profile,54,scc:0026,scc:0038,1,"{""pretech_explicit"":1}",188
formal_research_prerequisite_profile,55,scc:0026,scc:0076,1,"{""pretech_explicit"":1}",408
formal_research_prerequisite_profile,56,scc:0026,scc:0096,1,"{""pretech_implicit"":1}",523
formal_research_prerequisite_profile,57,scc:0028,scc:0027,1,"{""pretech_explicit"":1}",124
formal_research_prerequisite_profile,58,scc:0028,scc:0097,1,"{""pretech_explicit"":1}",530
formal_research_prerequisite_profile,59,scc:0028,scc:0108,1,"{""pretech_explicit"":1}",593
formal_research_prerequisite_profile,60,scc:0029,scc:0030,1,"{""pretech_explicit"":1}",142
formal_research_prerequisite_profile,61,scc:0030,scc:0031,1,"{""pretech_explicit"":1}",146
formal_research_prerequisite_profile,62,scc:0032,scc:0033,1,"{""pretech_explicit"":1}",157
formal_research_prerequisite_profile,63,scc:0032,scc:0039,1,"{""pretech_explicit"":1}",194
formal_research_prerequisite_profile,64,scc:0032,scc:0045,1,"{""pretech_explicit"":1}",224
formal_research_prerequisite_profile,65,scc:0032,scc:0051,1,"{""pretech_explicit"":1}",256
formal_research_prerequisite_profile,66,scc:0033,scc:0034,1,"{""pretech_explicit"":1}",163
formal_research_prerequisite_profile,67,scc:0034,scc:0106,1,"{""pretech_explicit"":1}",585
formal_research_prerequisite_profile,68,scc:0035,scc:0030,1,"{""pretech_explicit"":1}",141
formal_research_prerequisite_profile,69,scc:0035,scc:0033,1,"{""pretech_explicit"":1}",158
formal_research_prerequisite_profile,70,scc:0035,scc:0040,1,"{""pretech_explicit"":1}",197
formal_research_prerequisite_profile,71,scc:0035,scc:0089,1,"{""pretech_implicit"":1}",479
formal_research_prerequisite_profile,72,scc:0036,scc:0034,1,"{""pretech_explicit"":1}",164
formal_research_prerequisite_profile,73,scc:0036,scc:0037,1,"{""pretech_explicit"":1}",180
formal_research_prerequisite_profile,74,scc:0036,scc:0038,1,"{""pretech_explicit"":1}",187
formal_research_prerequisite_profile,75,scc:0036,scc:0063,1,"{""pretech_implicit"":1}",323
formal_research_prerequisite_profile,76,scc:0036,scc:0077,1,"{""pretech_explicit"":1}",415
formal_research_prerequisite_profile,77,scc:0039,scc:0029,1,"{""pretech_explicit"":1}",136
formal_research_prerequisite_profile,78,scc:0039,scc:0035,1,"{""pretech_explicit"":1}",171
formal_research_prerequisite_profile,79,scc:0040,scc:0036,1,"{""pretech_explicit"":1}",174
formal_research_prerequisite_profile,80,scc:0040,scc:0105,1,"{""pretech_explicit"":1}",581
formal_research_prerequisite_profile,81,scc:0040,scc:0232,1,"{""pretech_implicit"":1}",1398
formal_research_prerequisite_profile,82,scc:0041,scc:0042,1,"{""pretech_explicit"":1}",208
formal_research_prerequisite_profile,83,scc:0041,scc:0044,1,"{""pretech_explicit"":1}",219
formal_research_prerequisite_profile,84,scc:0041,scc:0080,1,"{""pretech_implicit"":1}",434
formal_research_prerequisite_profile,85,scc:0041,scc:0081,1,"{""pretech_explicit"":1}",439
formal_research_prerequisite_profile,86,scc:0042,scc:0043,1,"{""pretech_explicit"":1}",213
formal_research_prerequisite_profile,87,scc:0042,scc:0051,1,"{""pretech_explicit"":1}",254
formal_research_prerequisite_profile,88,scc:0043,scc:0050,1,"{""pretech_implicit"":1}",248
formal_research_prerequisite_profile,89,scc:0043,scc:0059,1,"{""pretech_explicit"":1}",299
formal_research_prerequisite_profile,90,scc:0044,scc:0046,1,"{""pretech_explicit"":1}",228
formal_research_prerequisite_profile,91,scc:0044,scc:0048,1,"{""pretech_explicit"":1}",237
formal_research_prerequisite_profile,92,scc:0045,scc:0023,1,"{""pretech_explicit"":1}",101
formal_research_prerequisite_profile,93,scc:0046,scc:0047,1,"{""pretech_explicit"":1}",232
formal_research_prerequisite_profile,94,scc:0046,scc:0091,1,"{""pretech_implicit"":1}",494
formal_research_prerequisite_profile,95,scc:0046,scc:0093,1,"{""pretech_implicit"":1}",505
formal_research_prerequisite_profile,96,scc:0047,scc:0049,1,"{""pretech_implicit"":1}",241
formal_research_prerequisite_profile,97,scc:0047,scc:0060,1,"{""pretech_explicit"":1}",305
formal_research_prerequisite_profile,98,scc:0047,scc:0069,1,"{""pretech_explicit"":1}",369
formal_research_prerequisite_profile,99,scc:0047,scc:0092,1,"{""pretech_implicit"":1}",499
formal_research_prerequisite_profile,100,scc:0047,scc:0095,1,"{""pretech_implicit"":1}",516
formal_research_prerequisite_profile,101,scc:0050,scc:0107,1,"{""pretech_explicit"":1}",589
formal_research_prerequisite_profile,102,scc:0051,scc:0052,1,"{""pretech_explicit"":1}",260
formal_research_prerequisite_profile,103,scc:0051,scc:0059,1,"{""pretech_explicit"":1}",300
formal_research_prerequisite_profile,104,scc:0052,scc:0053,1,"{""pretech_explicit"":1}",265
formal_research_prerequisite_profile,105,scc:0052,scc:0061,1,"{""pretech_explicit"":1}",311
formal_research_prerequisite_profile,106,scc:0052,scc:0099,1,"{""pretech_implicit"":1}",545
formal_research_prerequisite_profile,107,scc:0053,scc:0054,1,"{""pretech_explicit"":1}",271
formal_research_prerequisite_profile,108,scc:0053,scc:0062,1,"{""pretech_explicit"":1}",316
formal_research_prerequisite_profile,109,scc:0053,scc:0174,1,"{""pretech_implicit"":1}",977
formal_research_prerequisite_profile,110,scc:0054,scc:0055,1,"{""pretech_explicit"":1}",275
formal_research_prerequisite_profile,111,scc:0054,scc:0180,1,"{""pretech_implicit"":1}",1052
formal_research_prerequisite_profile,112,scc:0055,scc:0056,1,"{""pretech_explicit"":1}",282
formal_research_prerequisite_profile,113,scc:0056,scc:0028,1,"{""pretech_explicit"":1}",131
formal_research_prerequisite_profile,114,scc:0056,scc:0057,1,"{""pretech_explicit"":1}",289
formal_research_prerequisite_profile,115,scc:0057,scc:0058,1,"{""pretech_explicit"":1}",296
formal_research_prerequisite_profile,116,scc:0059,scc:0060,1,"{""pretech_explicit"":1}",306
formal_research_prerequisite_profile,117,scc:0060,scc:0070,1,"{""pretech_explicit"":1}",377
formal_research_prerequisite_profile,118,scc:0062,scc:0063,1,"{""pretech_explicit"":1}",322
formal_research_prerequisite_profile,119,scc:0062,scc:0079,1,"{""pretech_implicit"":1}",428
formal_research_prerequisite_profile,120,scc:0063,scc:0064,1,"{""pretech_explicit"":1}",330
formal_research_prerequisite_profile,121,scc:0063,scc:0245,1,"{""pretech_implicit"":1}",1010
formal_research_prerequisite_profile,122,scc:0065,scc:0066,1,"{""pretech_explicit"":1}",345
formal_research_prerequisite_profile,123,scc:0065,scc:0223,1,"{""pretech_implicit"":1}",1366
formal_research_prerequisite_profile,124,scc:0066,scc:0067,1,"{""pretech_explicit"":1}",353
formal_research_prerequisite_profile,125,scc:0066,scc:0072,1,"{""pretech_explicit"":1}",389
formal_research_prerequisite_profile,126,scc:0067,scc:0068,1,"{""pretech_explicit"":1}",360
formal_research_prerequisite_profile,127,scc:0067,scc:0071,1,"{""pretech_explicit"":1}",382
formal_research_prerequisite_profile,128,scc:0068,scc:0069,1,"{""pretech_explicit"":1}",368
formal_research_prerequisite_profile,129,scc:0068,scc:0200,1,"{""pretech_implicit"":1}",1187
formal_research_prerequisite_profile,130,scc:0068,scc:0207,1,"{""pretech_implicit"":1}",1240
formal_research_prerequisite_profile,131,scc:0069,scc:0070,1,"{""pretech_explicit"":1}",376
formal_research_prerequisite_profile,132,scc:0069,scc:0202,1,"{""pretech_implicit"":1}",1200
formal_research_prerequisite_profile,133,scc:0069,scc:0209,1,"{""pretech_implicit"":1}",1253
formal_research_prerequisite_profile,134,scc:0071,scc:0188,1,"{""pretech_implicit"":1}",1096
formal_research_prerequisite_profile,135,scc:0071,scc:0193,1,"{""pretech_implicit"":1}",1122
formal_research_prerequisite_profile,136,scc:0071,scc:0194,1,"{""pretech_implicit"":1}",1128
formal_research_prerequisite_profile,137,scc:0071,scc:0199,1,"{""pretech_implicit"":1}",1154
formal_research_prerequisite_profile,138,scc:0072,scc:0236,1,"{""pretech_implicit"":1}",1160
formal_research_prerequisite_profile,139,scc:0073,scc:0074,1,"{""pretech_explicit"":1}",399
formal_research_prerequisite_profile,140,scc:0074,scc:0067,1,"{""pretech_implicit"":1}",354
formal_research_prerequisite_profile,141,scc:0074,scc:0072,1,"{""pretech_implicit"":1}",390
formal_research_prerequisite_profile,142,scc:0074,scc:0075,1,"{""pretech_explicit"":1}",403
formal_research_prerequisite_profile,143,scc:0074,scc:0078,1,"{""pretech_explicit"":1}",422
formal_research_prerequisite_profile,144,scc:0074,scc:0086,1,"{""pretech_implicit"":1}",462
formal_research_prerequisite_profile,145,scc:0075,scc:0076,1,"{""pretech_explicit"":1}",409
formal_research_prerequisite_profile,146,scc:0075,scc:0088,1,"{""pretech_implicit"":1}",473
formal_research_prerequisite_profile,147,scc:0075,scc:0100,1,"{""pretech_implicit"":1}",550
formal_research_prerequisite_profile,148,scc:0076,scc:0055,1,"{""pretech_implicit"":1}",276
formal_research_prerequisite_profile,149,scc:0076,scc:0077,1,"{""pretech_explicit"":1}",416
formal_research_prerequisite_profile,150,scc:0076,scc:0165,1,"{""pretech_implicit"":1}",935
formal_research_prerequisite_profile,151,scc:0078,scc:0053,1,"{""pretech_implicit"":1}",266
formal_research_prerequisite_profile,152,scc:0078,scc:0059,1,"{""pretech_implicit"":1}",301
formal_research_prerequisite_profile,153,scc:0078,scc:0061,1,"{""pretech_implicit"":1}",312
formal_research_prerequisite_profile,154,scc:0078,scc:0071,1,"{""pretech_implicit"":1}",383
formal_research_prerequisite_profile,155,scc:0078,scc:0079,1,"{""pretech_explicit"":1}",427
formal_research_prerequisite_profile,156,scc:0080,scc:0085,1,"{""pretech_explicit"":1}",456
formal_research_prerequisite_profile,157,scc:0080,scc:0091,1,"{""pretech_explicit"":1}",493
formal_research_prerequisite_profile,158,scc:0080,scc:0104,1,"{""pretech_explicit"":1}",577
formal_research_prerequisite_profile,159,scc:0080,scc:0251,1,"{""pretech_implicit"":1}",1427
formal_research_prerequisite_profile,160,scc:0080,scc:0257,1,"{""pretech_implicit"":1}",1455
formal_research_prerequisite_profile,161,scc:0081,scc:0085,1,"{""pretech_implicit"":1}",457
formal_research_prerequisite_profile,162,scc:0081,scc:0263,1,"{""pretech_implicit"":1}",1483
formal_research_prerequisite_profile,163,scc:0084,scc:0085,1,"{""pretech_explicit"":1}",455
formal_research_prerequisite_profile,164,scc:0084,scc:0104,1,"{""pretech_explicit"":1}",578
formal_research_prerequisite_profile,165,scc:0085,scc:0086,1,"{""pretech_explicit"":1}",461
formal_research_prerequisite_profile,166,scc:0085,scc:0087,1,"{""pretech_explicit"":1}",467
formal_research_prerequisite_profile,167,scc:0085,scc:0089,1,"{""pretech_explicit"":1}",478
formal_research_prerequisite_profile,168,scc:0086,scc:0088,1,"{""pretech_explicit"":1}",472
formal_research_prerequisite_profile,169,scc:0086,scc:0093,1,"{""pretech_explicit"":1}",504
formal_research_prerequisite_profile,170,scc:0088,scc:0090,1,"{""pretech_explicit"":1}",484
formal_research_prerequisite_profile,171,scc:0088,scc:0101,1,"{""pretech_explicit"":1}",555
formal_research_prerequisite_profile,172,scc:0088,scc:0284,1,"{""pretech_implicit"":1}",1595
formal_research_prerequisite_profile,173,scc:0089,scc:0103,1,"{""pretech_explicit"":1}",572
formal_research_prerequisite_profile,174,scc:0089,scc:0309,1,"{""pretech_implicit"":1}",1721
formal_research_prerequisite_profile,175,scc:0090,scc:0097,1,"{""pretech_explicit"":1}",531
formal_research_prerequisite_profile,176,scc:0091,scc:0092,1,"{""pretech_explicit"":1}",498
formal_research_prerequisite_profile,177,scc:0093,scc:0094,1,"{""pretech_explicit"":1}",509
formal_research_prerequisite_profile,178,scc:0094,scc:0095,1,"{""pretech_explicit"":1}",515
formal_research_prerequisite_profile,179,scc:0095,scc:0096,1,"{""pretech_explicit"":1}",522
formal_research_prerequisite_profile,180,scc:0098,scc:0099,1,"{""pretech_explicit"":1}",544
formal_research_prerequisite_profile,181,scc:0098,scc:0100,1,"{""pretech_explicit"":1}",549
formal_research_prerequisite_profile,182,scc:0098,scc:0269,1,"{""pretech_implicit"":1}",1511
formal_research_prerequisite_profile,183,scc:0098,scc:0274,1,"{""pretech_implicit"":1}",1539
formal_research_prerequisite_profile,184,scc:0098,scc:0279,1,"{""pretech_implicit"":1}",1567
formal_research_prerequisite_profile,185,scc:0098,scc:0289,1,"{""pretech_implicit"":1}",1621
formal_research_prerequisite_profile,186,scc:0099,scc:0101,1,"{""pretech_explicit"":1}",556
formal_research_prerequisite_profile,187,scc:0100,scc:0102,1,"{""pretech_explicit"":1}",565
formal_research_prerequisite_profile,188,scc:0101,scc:0102,1,"{""pretech_explicit"":1}",564
formal_research_prerequisite_profile,189,scc:0101,scc:0296,1,"{""pretech_implicit"":1}",1655
formal_research_prerequisite_profile,190,scc:0104,scc:0098,1,"{""pretech_explicit"":1}",538
formal_research_prerequisite_profile,191,scc:0109,scc:0110,1,"{""pretech_explicit"":1}",602
formal_research_prerequisite_profile,192,scc:0109,scc:0115,1,"{""pretech_implicit"":1}",641
formal_research_prerequisite_profile,193,scc:0109,scc:0116,1,"{""pretech_implicit"":1}",645
formal_research_prerequisite_profile,194,scc:0109,scc:0123,1,"{""pretech_implicit"":1}",688
formal_research_prerequisite_profile,195,scc:0109,scc:0124,1,"{""pretech_implicit"":1}",693
formal_research_prerequisite_profile,196,scc:0109,scc:0130,1,"{""pretech_implicit"":1}",732
formal_research_prerequisite_profile,197,scc:0109,scc:0131,1,"{""pretech_implicit"":1}",736
formal_research_prerequisite_profile,198,scc:0109,scc:0137,1,"{""pretech_implicit"":1}",770
formal_research_prerequisite_profile,199,scc:0109,scc:0143,1,"{""pretech_implicit"":1}",804
formal_research_prerequisite_profile,200,scc:0109,scc:0149,1,"{""pretech_implicit"":1}",837
formal_research_prerequisite_profile,201,scc:0109,scc:0150,1,"{""pretech_implicit"":1}",842
formal_research_prerequisite_profile,202,scc:0109,scc:0162,1,"{""pretech_implicit"":1}",918
formal_research_prerequisite_profile,203,scc:0109,scc:0168,1,"{""pretech_implicit"":1}",949
formal_research_prerequisite_profile,204,scc:0109,scc:0303,1,"{""pretech_implicit"":1}",1693
formal_research_prerequisite_profile,205,scc:0110,scc:0111,1,"{""pretech_explicit"":1}",609
formal_research_prerequisite_profile,206,scc:0110,scc:0117,1,"{""pretech_implicit"":1}",650
formal_research_prerequisite_profile,207,scc:0110,scc:0118,1,"{""pretech_implicit"":1}",655
formal_research_prerequisite_profile,208,scc:0110,scc:0125,1,"{""pretech_implicit"":1}",698
formal_research_prerequisite_profile,209,scc:0110,scc:0126,1,"{""pretech_implicit"":1}",705
formal_research_prerequisite_profile,210,scc:0110,scc:0132,1,"{""pretech_implicit"":1}",741
formal_research_prerequisite_profile,211,scc:0110,scc:0138,1,"{""pretech_implicit"":1}",776
formal_research_prerequisite_profile,212,scc:0110,scc:0144,1,"{""pretech_implicit"":1}",808
formal_research_prerequisite_profile,213,scc:0110,scc:0151,1,"{""pretech_implicit"":1}",847
formal_research_prerequisite_profile,214,scc:0110,scc:0156,1,"{""pretech_implicit"":1}",881
formal_research_prerequisite_profile,215,scc:0110,scc:0163,1,"{""pretech_implicit"":1}",923
formal_research_prerequisite_profile,216,scc:0111,scc:0112,1,"{""pretech_explicit"":1}",617
formal_research_prerequisite_profile,217,scc:0111,scc:0119,1,"{""pretech_implicit"":1}",661
formal_research_prerequisite_profile,218,scc:0111,scc:0127,1,"{""pretech_implicit"":1}",713
formal_research_prerequisite_profile,219,scc:0111,scc:0133,1,"{""pretech_implicit"":1}",746
formal_research_prerequisite_profile,220,scc:0111,scc:0139,1,"{""pretech_implicit"":1}",781
formal_research_prerequisite_profile,221,scc:0111,scc:0145,1,"{""pretech_implicit"":1}",813
formal_research_prerequisite_profile,222,scc:0111,scc:0152,1,"{""pretech_implicit"":1}",853
formal_research_prerequisite_profile,223,scc:0111,scc:0157,1,"{""pretech_implicit"":1}",887
formal_research_prerequisite_profile,224,scc:0111,scc:0164,1,"{""pretech_implicit"":1}",928
formal_research_prerequisite_profile,225,scc:0112,scc:0113,1,"{""pretech_explicit"":1}",626
formal_research_prerequisite_profile,226,scc:0112,scc:0120,1,"{""pretech_implicit"":1}",667
formal_research_prerequisite_profile,227,scc:0112,scc:0121,1,"{""pretech_implicit"":1}",674
formal_research_prerequisite_profile,228,scc:0112,scc:0134,1,"{""pretech_implicit"":1}",752
formal_research_prerequisite_profile,229,scc:0112,scc:0140,1,"{""pretech_implicit"":1}",787
formal_research_prerequisite_profile,230,scc:0112,scc:0146,1,"{""pretech_implicit"":1}",819
formal_research_prerequisite_profile,231,scc:0112,scc:0153,1,"{""pretech_implicit"":1}",860
formal_research_prerequisite_profile,232,scc:0112,scc:0159,1,"{""pretech_implicit"":1}",902
formal_research_prerequisite_profile,233,scc:0112,scc:0165,1,"{""pretech_implicit"":1}",934
formal_research_prerequisite_profile,234,scc:0113,scc:0114,1,"{""pretech_explicit"":1}",636
formal_research_prerequisite_profile,235,scc:0113,scc:0122,1,"{""pretech_implicit"":1}",681
formal_research_prerequisite_profile,236,scc:0113,scc:0128,1,"{""pretech_implicit"":1}",720
formal_research_prerequisite_profile,237,scc:0113,scc:0135,1,"{""pretech_implicit"":1}",759
formal_research_prerequisite_profile,238,scc:0113,scc:0136,1,"{""pretech_implicit"":1}",767
formal_research_prerequisite_profile,239,scc:0113,scc:0141,1,"{""pretech_implicit"":1}",793
formal_research_prerequisite_profile,240,scc:0113,scc:0142,1,"{""pretech_implicit"":1}",801
formal_research_prerequisite_profile,241,scc:0113,scc:0147,1,"{""pretech_implicit"":1}",826
formal_research_prerequisite_profile,242,scc:0113,scc:0148,1,"{""pretech_implicit"":1}",834
formal_research_prerequisite_profile,243,scc:0113,scc:0154,1,"{""pretech_implicit"":1}",868
formal_research_prerequisite_profile,244,scc:0113,scc:0160,1,"{""pretech_implicit"":1}",911
formal_research_prerequisite_profile,245,scc:0115,scc:0116,1,"{""pretech_explicit"":1}",644
formal_research_prerequisite_profile,246,scc:0116,scc:0117,1,"{""pretech_explicit"":1}",649
formal_research_prerequisite_profile,247,scc:0117,scc:0118,1,"{""pretech_explicit"":1}",654
formal_research_prerequisite_profile,248,scc:0118,scc:0119,1,"{""pretech_explicit"":1}",660
formal_research_prerequisite_profile,249,scc:0119,scc:0120,1,"{""pretech_explicit"":1}",666
formal_research_prerequisite_profile,250,scc:0120,scc:0121,1,"{""pretech_explicit"":1}",673
formal_research_prerequisite_profile,251,scc:0121,scc:0122,1,"{""pretech_explicit"":1}",680
formal_research_prerequisite_profile,252,scc:0123,scc:0124,1,"{""pretech_explicit"":1}",692
formal_research_prerequisite_profile,253,scc:0124,scc:0125,1,"{""pretech_explicit"":1}",697
formal_research_prerequisite_profile,254,scc:0125,scc:0126,1,"{""pretech_explicit"":1}",704
formal_research_prerequisite_profile,255,scc:0126,scc:0127,1,"{""pretech_explicit"":1}",712
formal_research_prerequisite_profile,256,scc:0127,scc:0128,1,"{""pretech_explicit"":1}",719
formal_research_prerequisite_profile,257,scc:0128,scc:0129,1,"{""pretech_explicit"":1}",728
formal_research_prerequisite_profile,258,scc:0130,scc:0131,1,"{""pretech_explicit"":1}",735
formal_research_prerequisite_profile,259,scc:0131,scc:0132,1,"{""pretech_explicit"":1}",740
formal_research_prerequisite_profile,260,scc:0132,scc:0133,1,"{""pretech_explicit"":1}",745
formal_research_prerequisite_profile,261,scc:0133,scc:0134,1,"{""pretech_explicit"":1}",751
formal_research_prerequisite_profile,262,scc:0134,scc:0135,1,"{""pretech_explicit"":1}",758
formal_research_prerequisite_profile,263,scc:0135,scc:0136,1,"{""pretech_explicit"":1}",766
formal_research_prerequisite_profile,264,scc:0137,scc:0138,1,"{""pretech_explicit"":1}",775
formal_research_prerequisite_profile,265,scc:0138,scc:0139,1,"{""pretech_explicit"":1}",780
formal_research_prerequisite_profile,266,scc:0139,scc:0140,1,"{""pretech_explicit"":1}",786
formal_research_prerequisite_profile,267,scc:0140,scc:0141,1,"{""pretech_explicit"":1}",792
formal_research_prerequisite_profile,268,scc:0141,scc:0142,1,"{""pretech_explicit"":1}",800
formal_research_prerequisite_profile,269,scc:0143,scc:0144,1,"{""pretech_explicit"":1}",807
formal_research_prerequisite_profile,270,scc:0144,scc:0145,1,"{""pretech_explicit"":1}",812
formal_research_prerequisite_profile,271,scc:0145,scc:0146,1,"{""pretech_explicit"":1}",818
formal_research_prerequisite_profile,272,scc:0146,scc:0147,1,"{""pretech_explicit"":1}",825
formal_research_prerequisite_profile,273,scc:0147,scc:0148,1,"{""pretech_explicit"":1}",833
formal_research_prerequisite_profile,274,scc:0149,scc:0150,1,"{""pretech_explicit"":1}",841
formal_research_prerequisite_profile,275,scc:0150,scc:0151,1,"{""pretech_explicit"":1}",846
formal_research_prerequisite_profile,276,scc:0151,scc:0152,1,"{""pretech_explicit"":1}",852
formal_research_prerequisite_profile,277,scc:0152,scc:0153,1,"{""pretech_explicit"":1}",859
formal_research_prerequisite_profile,278,scc:0153,scc:0154,1,"{""pretech_explicit"":1}",867
formal_research_prerequisite_profile,279,scc:0155,scc:0156,1,"{""pretech_explicit"":1}",880
formal_research_prerequisite_profile,280,scc:0156,scc:0157,1,"{""pretech_explicit"":1}",886
formal_research_prerequisite_profile,281,scc:0157,scc:0158,1,"{""pretech_explicit"":1}",894
formal_research_prerequisite_profile,282,scc:0158,scc:0159,1,"{""pretech_explicit"":1}",901
formal_research_prerequisite_profile,283,scc:0159,scc:0160,1,"{""pretech_explicit"":1}",910
formal_research_prerequisite_profile,284,scc:0160,scc:0161,1,"{""pretech_explicit"":1}",915
formal_research_prerequisite_profile,285,scc:0162,scc:0163,1,"{""pretech_explicit"":1}",922
formal_research_prerequisite_profile,286,scc:0163,scc:0164,1,"{""pretech_explicit"":1}",927
formal_research_prerequisite_profile,287,scc:0163,scc:0243,1,"{""pretech_implicit"":1}",1416
formal_research_prerequisite_profile,288,scc:0164,scc:0165,1,"{""pretech_explicit"":1}",933
formal_research_prerequisite_profile,289,scc:0165,scc:0166,1,"{""pretech_explicit"":1}",940
formal_research_prerequisite_profile,290,scc:0165,scc:0203,1,"{""pretech_implicit"":1}",1208
formal_research_prerequisite_profile,291,scc:0166,scc:0167,1,"{""pretech_explicit"":1}",946
formal_research_prerequisite_profile,292,scc:0168,scc:0169,1,"{""pretech_explicit"":1}",952
formal_research_prerequisite_profile,293,scc:0169,scc:0170,1,"{""pretech_explicit"":1}",956
formal_research_prerequisite_profile,294,scc:0170,scc:0171,1,"{""pretech_explicit"":1}",961
formal_research_prerequisite_profile,295,scc:0171,scc:0172,1,"{""pretech_explicit"":1}",967
formal_research_prerequisite_profile,296,scc:0172,scc:0173,1,"{""pretech_explicit"":1}",974
formal_research_prerequisite_profile,297,scc:0174,scc:0175,1,"{""pretech_explicit"":1}",982
formal_research_prerequisite_profile,298,scc:0175,scc:0176,1,"{""pretech_explicit"":1}",987
formal_research_prerequisite_profile,299,scc:0176,scc:0177,1,"{""pretech_explicit"":1}",992
formal_research_prerequisite_profile,300,scc:0177,scc:0178,1,"{""pretech_explicit"":1}",998
formal_research_prerequisite_profile,301,scc:0178,scc:0179,1,"{""pretech_explicit"":1}",1004
formal_research_prerequisite_profile,302,scc:0180,scc:0181,1,"{""pretech_explicit"":1}",1057
formal_research_prerequisite_profile,303,scc:0181,scc:0182,1,"{""pretech_explicit"":1}",1062
formal_research_prerequisite_profile,304,scc:0182,scc:0183,1,"{""pretech_explicit"":1}",1067
formal_research_prerequisite_profile,305,scc:0183,scc:0184,1,"{""pretech_explicit"":1}",1073
formal_research_prerequisite_profile,306,scc:0184,scc:0185,1,"{""pretech_explicit"":1}",1079
formal_research_prerequisite_profile,307,scc:0185,scc:0186,1,"{""pretech_explicit"":1}",1086
formal_research_prerequisite_profile,308,scc:0186,scc:0187,1,"{""pretech_explicit"":1}",1093
formal_research_prerequisite_profile,309,scc:0188,scc:0189,1,"{""pretech_explicit"":1}",1101
formal_research_prerequisite_profile,310,scc:0189,scc:0190,1,"{""pretech_explicit"":1}",1106
formal_research_prerequisite_profile,311,scc:0190,scc:0191,1,"{""pretech_explicit"":1}",1111
formal_research_prerequisite_profile,312,scc:0191,scc:0192,1,"{""pretech_explicit"":1}",1116
formal_research_prerequisite_profile,313,scc:0192,scc:0193,1,"{""pretech_explicit"":1}",1121
formal_research_prerequisite_profile,314,scc:0194,scc:0195,1,"{""pretech_explicit"":1}",1133
formal_research_prerequisite_profile,315,scc:0195,scc:0196,1,"{""pretech_explicit"":1}",1138
formal_research_prerequisite_profile,316,scc:0196,scc:0197,1,"{""pretech_explicit"":1}",1143
formal_research_prerequisite_profile,317,scc:0197,scc:0198,1,"{""pretech_explicit"":1}",1148
formal_research_prerequisite_profile,318,scc:0198,scc:0199,1,"{""pretech_explicit"":1}",1153
formal_research_prerequisite_profile,319,scc:0200,scc:0201,1,"{""pretech_explicit"":1}",1193
formal_research_prerequisite_profile,320,scc:0201,scc:0202,1,"{""pretech_explicit"":1}",1199
formal_research_prerequisite_profile,321,scc:0202,scc:0203,1,"{""pretech_explicit"":1}",1207
formal_research_prerequisite_profile,322,scc:0203,scc:0204,1,"{""pretech_explicit"":1}",1217
formal_research_prerequisite_profile,323,scc:0204,scc:0205,1,"{""pretech_explicit"":1}",1226
formal_research_prerequisite_profile,324,scc:0205,scc:0206,1,"{""pretech_explicit"":1}",1235
formal_research_prerequisite_profile,325,scc:0207,scc:0208,1,"{""pretech_explicit"":1}",1246
formal_research_prerequisite_profile,326,scc:0208,scc:0209,1,"{""pretech_explicit"":1}",1252
formal_research_prerequisite_profile,327,scc:0209,scc:0210,1,"{""pretech_explicit"":1}",1260
formal_research_prerequisite_profile,328,scc:0210,scc:0211,1,"{""pretech_explicit"":1}",1267
formal_research_prerequisite_profile,329,scc:0211,scc:0212,1,"{""pretech_explicit"":1}",1275
formal_research_prerequisite_profile,330,scc:0212,scc:0213,1,"{""pretech_explicit"":1}",1283
formal_research_prerequisite_profile,331,scc:0213,scc:0214,1,"{""pretech_explicit"":1}",1292
formal_research_prerequisite_profile,332,scc:0214,scc:0215,1,"{""pretech_explicit"":1}",1300
formal_research_prerequisite_profile,333,scc:0214,scc:0229,1,"{""pretech_implicit"":1}",1312
formal_research_prerequisite_profile,334,scc:0215,scc:0216,1,"{""pretech_explicit"":1}",1306
formal_research_prerequisite_profile,335,scc:0215,scc:0230,1,"{""pretech_implicit"":1}",1316
formal_research_prerequisite_profile,336,scc:0216,scc:0231,1,"{""pretech_implicit"":1}",1320
formal_research_prerequisite_profile,337,scc:0217,scc:0218,1,"{""pretech_explicit"":1}",1329
formal_research_prerequisite_profile,338,scc:0218,scc:0219,1,"{""pretech_explicit"":1}",1336
formal_research_prerequisite_profile,339,scc:0219,scc:0220,1,"{""pretech_explicit"":1}",1344
formal_research_prerequisite_profile,340,scc:0220,scc:0221,1,"{""pretech_explicit"":1}",1352
formal_research_prerequisite_profile,341,scc:0221,scc:0222,1,"{""pretech_explicit"":1}",1361
formal_research_prerequisite_profile,342,scc:0223,scc:0068,1,"{""pretech_implicit"":1}",362
formal_research_prerequisite_profile,343,scc:0223,scc:0224,1,"{""pretech_explicit"":1}",1370
formal_research_prerequisite_profile,344,scc:0224,scc:0225,1,"{""pretech_explicit"":1}",1374
formal_research_prerequisite_profile,345,scc:0225,scc:0226,1,"{""pretech_explicit"":1}",1379
formal_research_prerequisite_profile,346,scc:0226,scc:0227,1,"{""pretech_explicit"":1}",1385
formal_research_prerequisite_profile,347,scc:0227,scc:0228,1,"{""pretech_explicit"":1}",1391
formal_research_prerequisite_profile,348,scc:0229,scc:0230,1,"{""pretech_explicit"":1}",1315
formal_research_prerequisite_profile,349,scc:0230,scc:0231,1,"{""pretech_explicit"":1}",1319
formal_research_prerequisite_profile,350,scc:0232,scc:0233,1,"{""pretech_explicit"":1}",1401
formal_research_prerequisite_profile,351,scc:0233,scc:0234,1,"{""pretech_explicit"":1}",1404
formal_research_prerequisite_profile,352,scc:0234,scc:0235,1,"{""pretech_explicit"":1}",1407
formal_research_prerequisite_profile,353,scc:0236,scc:0237,1,"{""pretech_explicit"":1}",1164
formal_research_prerequisite_profile,354,scc:0237,scc:0238,1,"{""pretech_explicit"":1}",1169
formal_research_prerequisite_profile,355,scc:0238,scc:0239,1,"{""pretech_explicit"":1}",1174
formal_research_prerequisite_profile,356,scc:0239,scc:0240,1,"{""pretech_explicit"":1}",1180
formal_research_prerequisite_profile,357,scc:0241,scc:0242,1,"{""pretech_explicit"":1}",1412
formal_research_prerequisite_profile,358,scc:0242,scc:0243,1,"{""pretech_explicit"":1}",1415
formal_research_prerequisite_profile,359,scc:0243,scc:0244,1,"{""pretech_explicit"":1}",1421
formal_research_prerequisite_profile,360,scc:0245,scc:0246,1,"{""pretech_explicit"":1}",1017
formal_research_prerequisite_profile,361,scc:0246,scc:0247,1,"{""pretech_explicit"":1}",1024
formal_research_prerequisite_profile,362,scc:0247,scc:0248,1,"{""pretech_explicit"":1}",1031
formal_research_prerequisite_profile,363,scc:0248,scc:0249,1,"{""pretech_explicit"":1}",1038
formal_research_prerequisite_profile,364,scc:0249,scc:0250,1,"{""pretech_explicit"":1}",1045
formal_research_prerequisite_profile,365,scc:0251,scc:0252,1,"{""pretech_explicit"":1}",1430
formal_research_prerequisite_profile,366,scc:0252,scc:0253,1,"{""pretech_explicit"":1}",1434
formal_research_prerequisite_profile,367,scc:0253,scc:0254,1,"{""pretech_explicit"":1}",1439
formal_research_prerequisite_profile,368,scc:0254,scc:0255,1,"{""pretech_explicit"":1}",1445
formal_research_prerequisite_profile,369,scc:0255,scc:0256,1,"{""pretech_explicit"":1}",1452
formal_research_prerequisite_profile,370,scc:0257,scc:0258,1,"{""pretech_explicit"":1}",1458
formal_research_prerequisite_profile,371,scc:0258,scc:0259,1,"{""pretech_explicit"":1}",1462
formal_research_prerequisite_profile,372,scc:0259,scc:0260,1,"{""pretech_explicit"":1}",1467
formal_research_prerequisite_profile,373,scc:0260,scc:0261,1,"{""pretech_explicit"":1}",1473
formal_research_prerequisite_profile,374,scc:0261,scc:0262,1,"{""pretech_explicit"":1}",1480
formal_research_prerequisite_profile,375,scc:0263,scc:0264,1,"{""pretech_explicit"":1}",1486
formal_research_prerequisite_profile,376,scc:0264,scc:0265,1,"{""pretech_explicit"":1}",1490
formal_research_prerequisite_profile,377,scc:0265,scc:0266,1,"{""pretech_explicit"":1}",1495
formal_research_prerequisite_profile,378,scc:0266,scc:0267,1,"{""pretech_explicit"":1}",1501
formal_research_prerequisite_profile,379,scc:0267,scc:0268,1,"{""pretech_explicit"":1}",1508
formal_research_prerequisite_profile,380,scc:0269,scc:0270,1,"{""pretech_explicit"":1}",1515
formal_research_prerequisite_profile,381,scc:0270,scc:0271,1,"{""pretech_explicit"":1}",1520
formal_research_prerequisite_profile,382,scc:0271,scc:0272,1,"{""pretech_explicit"":1}",1527
formal_research_prerequisite_profile,383,scc:0272,scc:0273,1,"{""pretech_explicit"":1}",1535
formal_research_prerequisite_profile,384,scc:0274,scc:0275,1,"{""pretech_explicit"":1}",1543
formal_research_prerequisite_profile,385,scc:0275,scc:0276,1,"{""pretech_explicit"":1}",1548
formal_research_prerequisite_profile,386,scc:0276,scc:0277,1,"{""pretech_explicit"":1}",1555
formal_research_prerequisite_profile,387,scc:0277,scc:0278,1,"{""pretech_explicit"":1}",1563
formal_research_prerequisite_profile,388,scc:0279,scc:0280,1,"{""pretech_explicit"":1}",1571
formal_research_prerequisite_profile,389,scc:0280,scc:0281,1,"{""pretech_explicit"":1}",1576
formal_research_prerequisite_profile,390,scc:0281,scc:0282,1,"{""pretech_explicit"":1}",1583
formal_research_prerequisite_profile,391,scc:0282,scc:0283,1,"{""pretech_explicit"":1}",1591
formal_research_prerequisite_profile,392,scc:0284,scc:0285,1,"{""pretech_explicit"":1}",1600
formal_research_prerequisite_profile,393,scc:0285,scc:0286,1,"{""pretech_explicit"":1}",1605
formal_research_prerequisite_profile,394,scc:0286,scc:0287,1,"{""pretech_explicit"":1}",1611
formal_research_prerequisite_profile,395,scc:0287,scc:0288,1,"{""pretech_explicit"":1}",1618
formal_research_prerequisite_profile,396,scc:0289,scc:0290,1,"{""pretech_explicit"":1}",1625
formal_research_prerequisite_profile,397,scc:0290,scc:0291,1,"{""pretech_explicit"":1}",1630
formal_research_prerequisite_profile,398,scc:0291,scc:0292,1,"{""pretech_explicit"":1}",1636
formal_research_prerequisite_profile,399,scc:0292,scc:0293,1,"{""pretech_explicit"":1}",1642
formal_research_prerequisite_profile,400,scc:0293,scc:0294,1,"{""pretech_explicit"":1}",1649
formal_research_prerequisite_profile,401,scc:0294,scc:0295,1,"{""pretech_explicit"":1}",1652
formal_research_prerequisite_profile,402,scc:0296,scc:0297,1,"{""pretech_explicit"":1}",1661
formal_research_prerequisite_profile,403,scc:0297,scc:0298,1,"{""pretech_explicit"":1}",1667
formal_research_prerequisite_profile,404,scc:0298,scc:0299,1,"{""pretech_explicit"":1}",1673
formal_research_prerequisite_profile,405,scc:0299,scc:0300,1,"{""pretech_explicit"":1}",1680
formal_research_prerequisite_profile,406,scc:0300,scc:0301,1,"{""pretech_explicit"":1}",1687
formal_research_prerequisite_profile,407,scc:0301,scc:0302,1,"{""pretech_explicit"":1}",1690
formal_research_prerequisite_profile,408,scc:0303,scc:0304,1,"{""pretech_explicit"":1}",1696
formal_research_prerequisite_profile,409,scc:0304,scc:0305,1,"{""pretech_explicit"":1}",1700
formal_research_prerequisite_profile,410,scc:0305,scc:0306,1,"{""pretech_explicit"":1}",1705
formal_research_prerequisite_profile,411,scc:0306,scc:0307,1,"{""pretech_explicit"":1}",1711
formal_research_prerequisite_profile,412,scc:0307,scc:0308,1,"{""pretech_explicit"":1}",1718
formal_research_prerequisite_profile,413,scc:0309,scc:0310,1,"{""pretech_explicit"":1}",1725
formal_research_prerequisite_profile,414,scc:0310,scc:0311,1,"{""pretech_explicit"":1}",1729
formal_research_prerequisite_profile,415,scc:0311,scc:0312,1,"{""pretech_explicit"":1}",1734
formal_research_prerequisite_profile,416,scc:0312,scc:0313,1,"{""pretech_explicit"":1}",1740
formal_research_prerequisite_profile,417,scc:0313,scc:0314,1,"{""pretech_explicit"":1}",1747
