edge_id,from_node,to_node,edge_type,layer,source,confidence,quantity,value,notes,metadata
1,tech:1,tech:1001,pretech_explicit,formal_game_data,runtime:LDB.techs,exact,,,Direct TechProto.PreTechs prerequisite.,"{""target_pretechs_max"":false}"
2,item:1202,tech:1001,research_input,formal_game_data,runtime:LDB.techs,exact,,30,TechProto.Items paired with ItemPoints.,{}
3,tech:1001,recipe:7,unlocks_recipe,formal_game_data,runtime:LDB.techs,exact,,,,{}
4,tech:1001,recipe:8,unlocks_recipe,formal_game_data,runtime:LDB.techs,exact,,,,{}
5,tech:1001,recipe:48,unlocks_recipe,formal_game_data,runtime:LDB.techs,exact,,,,{}
6,tech:1001,item:2203,grants_item,formal_game_data,runtime:LDB.techs,exact,1,,,{}
7,tech:1001,item:2201,grants_item,formal_game_data,runtime:LDB.techs,exact,1,,,{}
8,tech:1001,item:2301,grants_item,formal_game_data,runtime:LDB.techs,exact,1,,,{}
9,tech:1001,tech:1002,pretech_explicit,formal_game_data,runtime:LDB.techs,exact,,,Direct TechProto.PreTechs prerequisite.,"{""target_pretechs_max"":false}"
10,item:1202,tech:1002,research_input,formal_game_data,runtime:LDB.techs,exact,,20,TechProto.Items paired with ItemPoints.,{}
11,item:1301,tech:1002,research_input,formal_game_data,runtime:LDB.techs,exact,,20,TechProto.Items paired with ItemPoints.,{}
12,tech:1002,recipe:9,unlocks_recipe,formal_game_data,runtime:LDB.techs,exact,,,,{}
13,tech:1002,recipe:10,unlocks_recipe,formal_game_data,runtime:LDB.techs,exact,,,,{}
14,tech:1002,item:2901,grants_item,formal_game_data,runtime:LDB.techs,exact,1,,,{}
15,tech:1001,tech:1101,pretech_explicit,formal_game_data,runtime:LDB.techs,exact,,,Direct TechProto.PreTechs prerequisite.,"{""target_pretechs_max"":false}"
16,item:6001,tech:1101,research_input,formal_game_data,runtime:LDB.techs,exact,,20,TechProto.Items paired with ItemPoints.,{}
17,tech:1101,recipe:11,unlocks_recipe,formal_game_data,runtime:LDB.techs,exact,,,,{}
18,tech:1101,recipe:12,unlocks_recipe,formal_game_data,runtime:LDB.techs,exact,,,,{}
19,tech:1101,recipe:13,unlocks_recipe,formal_game_data,runtime:LDB.techs,exact,,,,{}
20,tech:1101,item:1401,grants_item,formal_game_data,runtime:LDB.techs,exact,10,,,{}
21,tech:1120,tech:1102,pretech_explicit,formal_game_data,runtime:LDB.techs,exact,,,Direct TechProto.PreTechs prerequisite.,"{""target_pretechs_max"":false}"
22,tech:1101,tech:1102,pretech_explicit,formal_game_data,runtime:LDB.techs,exact,,,Direct TechProto.PreTechs prerequisite.,"{""target_pretechs_max"":false}"
23,item:6001,tech:1102,research_input,formal_game_data,runtime:LDB.techs,exact,,10,TechProto.Items paired with ItemPoints.,{}
24,tech:1102,recipe:14,unlocks_recipe,formal_game_data,runtime:LDB.techs,exact,,,,{}
25,tech:1102,recipe:15,unlocks_recipe,formal_game_data,runtime:LDB.techs,exact,,,,{}
26,tech:1102,recipe:16,unlocks_recipe,formal_game_data,runtime:LDB.techs,exact,,,,{}
27,tech:1121,tech:1103,pretech_explicit,formal_game_data,runtime:LDB.techs,exact,,,Direct TechProto.PreTechs prerequisite.,"{""target_pretechs_max"":false}"
28,tech:1102,tech:1103,pretech_explicit,formal_game_data,runtime:LDB.techs,exact,,,Direct TechProto.PreTechs prerequisite.,"{""target_pretechs_max"":false}"
29,item:6001,tech:1103,research_input,formal_game_data,runtime:LDB.techs,exact,,20,TechProto.Items paired with ItemPoints.,{}
30,item:6002,tech:1103,research_input,formal_game_data,runtime:LDB.techs,exact,,20,TechProto.Items paired with ItemPoints.,{}
31,tech:1103,recipe:58,unlocks_recipe,formal_game_data,runtime:LDB.techs,exact,,,,{}
32,tech:1103,tech:1104,pretech_explicit,formal_game_data,runtime:LDB.techs,exact,,,Direct TechProto.PreTechs prerequisite.,"{""target_pretechs_max"":false}"
33,item:6001,tech:1104,research_input,formal_game_data,runtime:LDB.techs,exact,,20,TechProto.Items paired with ItemPoints.,{}
34,item:6002,tech:1104,research_input,formal_game_data,runtime:LDB.techs,exact,,20,TechProto.Items paired with ItemPoints.,{}
35,tech:1104,recipe:121,unlocks_recipe,formal_game_data,runtime:LDB.techs,exact,,,,{}
36,tech:1101,tech:1105,pretech_explicit,formal_game_data,runtime:LDB.techs,exact,,,Direct TechProto.PreTechs prerequisite.,"{""target_pretechs_max"":false}"
37,item:6001,tech:1105,research_input,formal_game_data,runtime:LDB.techs,exact,,20,TechProto.Items paired with ItemPoints.,{}
38,tech:1105,recipe:161,unlocks_recipe,formal_game_data,runtime:LDB.techs,exact,,,,{}
39,tech:1105,item:2401,grants_item,formal_game_data,runtime:LDB.techs,exact,1,,,{}
40,tech:1102,tech:1111,pretech_explicit,formal_game_data,runtime:LDB.techs,exact,,,Direct TechProto.PreTechs prerequisite.,"{""target_pretechs_max"":false}"
41,item:6001,tech:1111,research_input,formal_game_data,runtime:LDB.techs,exact,,20,TechProto.Items paired with ItemPoints.,{}
42,tech:1111,recipe:18,unlocks_recipe,formal_game_data,runtime:LDB.techs,exact,,,,{}
43,tech:1111,tech:1112,pretech_explicit,formal_game_data,runtime:LDB.techs,exact,,,Direct TechProto.PreTechs prerequisite.,"{""target_pretechs_max"":false}"
44,item:6002,tech:1112,research_input,formal_game_data,runtime:LDB.techs,exact,,20,TechProto.Items paired with ItemPoints.,{}
45,tech:1112,recipe:19,unlocks_recipe,formal_game_data,runtime:LDB.techs,exact,,,,{}
46,tech:1112,tech:1113,pretech_explicit,formal_game_data,runtime:LDB.techs,exact,,,Direct TechProto.PreTechs prerequisite.,"{""target_pretechs_max"":false}"
47,item:6002,tech:1113,research_input,formal_game_data,runtime:LDB.techs,exact,,20,TechProto.Items paired with ItemPoints.,{}
48,tech:1113,recipe:20,unlocks_recipe,formal_game_data,runtime:LDB.techs,exact,,,,{}
49,tech:1113,tech:1114,pretech_explicit,formal_game_data,runtime:LDB.techs,exact,,,Direct TechProto.PreTechs prerequisite.,"{""target_pretechs_max"":false}"
50,item:6002,tech:1114,research_input,formal_game_data,runtime:LDB.techs,exact,,20,TechProto.Items paired with ItemPoints.,{}
51,tech:1114,recipe:21,unlocks_recipe,formal_game_data,runtime:LDB.techs,exact,,,,{}
52,tech:1001,tech:1120,pretech_explicit,formal_game_data,runtime:LDB.techs,exact,,,Direct TechProto.PreTechs prerequisite.,"{""target_pretechs_max"":false}"
53,item:6001,tech:1120,research_input,formal_game_data,runtime:LDB.techs,exact,,20,TechProto.Items paired with ItemPoints.,{}
54,tech:1120,recipe:114,unlocks_recipe,formal_game_data,runtime:LDB.techs,exact,,,,{}
55,tech:1120,recipe:49,unlocks_recipe,formal_game_data,runtime:LDB.techs,exact,,,,{}
56,tech:1120,item:2106,grants_item,formal_game_data,runtime:LDB.techs,exact,1,,,{}
57,tech:1120,tech:1121,pretech_explicit,formal_game_data,runtime:LDB.techs,exact,,,Direct TechProto.PreTechs prerequisite.,"{""target_pretechs_max"":false}"
58,tech:1102,tech:1121,pretech_explicit,formal_game_data,runtime:LDB.techs,exact,,,Direct TechProto.PreTechs prerequisite.,"{""target_pretechs_max"":false}"
59,item:6001,tech:1121,research_input,formal_game_data,runtime:LDB.techs,exact,,10,TechProto.Items paired with ItemPoints.,{}
60,tech:1121,recipe:22,unlocks_recipe,formal_game_data,runtime:LDB.techs,exact,,,,{}
61,tech:1121,recipe:23,unlocks_recipe,formal_game_data,runtime:LDB.techs,exact,,,,{}
62,tech:1121,recipe:24,unlocks_recipe,formal_game_data,runtime:LDB.techs,exact,,,,{}
63,tech:1121,tech:1122,pretech_explicit,formal_game_data,runtime:LDB.techs,exact,,,Direct TechProto.PreTechs prerequisite.,"{""target_pretechs_max"":false}"
64,item:6001,tech:1122,research_input,formal_game_data,runtime:LDB.techs,exact,,20,TechProto.Items paired with ItemPoints.,{}
65,item:6002,tech:1122,research_input,formal_game_data,runtime:LDB.techs,exact,,20,TechProto.Items paired with ItemPoints.,{}
66,tech:1122,recipe:25,unlocks_recipe,formal_game_data,runtime:LDB.techs,exact,,,,{}
67,tech:1122,recipe:54,unlocks_recipe,formal_game_data,runtime:LDB.techs,exact,,,,{}
68,tech:1122,tech:1123,pretech_explicit,formal_game_data,runtime:LDB.techs,exact,,,Direct TechProto.PreTechs prerequisite.,"{""target_pretechs_max"":false}"
69,item:6001,tech:1123,research_input,formal_game_data,runtime:LDB.techs,exact,,20,TechProto.Items paired with ItemPoints.,{}
70,item:6002,tech:1123,research_input,formal_game_data,runtime:LDB.techs,exact,,20,TechProto.Items paired with ItemPoints.,{}
71,tech:1123,recipe:26,unlocks_recipe,formal_game_data,runtime:LDB.techs,exact,,,,{}
72,tech:1123,tech:1124,pretech_explicit,formal_game_data,runtime:LDB.techs,exact,,,Direct TechProto.PreTechs prerequisite.,"{""target_pretechs_max"":false}"
73,item:6001,tech:1124,research_input,formal_game_data,runtime:LDB.techs,exact,,12,TechProto.Items paired with ItemPoints.,{}
74,item:6002,tech:1124,research_input,formal_game_data,runtime:LDB.techs,exact,,12,TechProto.Items paired with ItemPoints.,{}
75,tech:1124,recipe:27,unlocks_recipe,formal_game_data,runtime:LDB.techs,exact,,,,{}
76,tech:1124,tech:1125,pretech_explicit,formal_game_data,runtime:LDB.techs,exact,,,Direct TechProto.PreTechs prerequisite.,"{""target_pretechs_max"":false}"
77,item:6001,tech:1125,research_input,formal_game_data,runtime:LDB.techs,exact,,12,TechProto.Items paired with ItemPoints.,{}
78,item:6002,tech:1125,research_input,formal_game_data,runtime:LDB.techs,exact,,12,TechProto.Items paired with ItemPoints.,{}
79,item:6003,tech:1125,research_input,formal_game_data,runtime:LDB.techs,exact,,12,TechProto.Items paired with ItemPoints.,{}
80,tech:1125,recipe:28,unlocks_recipe,formal_game_data,runtime:LDB.techs,exact,,,,{}
81,tech:1125,recipe:29,unlocks_recipe,formal_game_data,runtime:LDB.techs,exact,,,,{}
82,tech:1132,tech:1126,pretech_explicit,formal_game_data,runtime:LDB.techs,exact,,,Direct TechProto.PreTechs prerequisite.,"{""target_pretechs_max"":false}"
83,item:6002,tech:1126,research_input,formal_game_data,runtime:LDB.techs,exact,,12,TechProto.Items paired with ItemPoints.,{}
84,item:6003,tech:1126,research_input,formal_game_data,runtime:LDB.techs,exact,,6,TechProto.Items paired with ItemPoints.,{}
85,tech:1126,recipe:30,unlocks_recipe,formal_game_data,runtime:LDB.techs,exact,,,,{}
86,tech:1121,tech:1131,pretech_explicit,formal_game_data,runtime:LDB.techs,exact,,,Direct TechProto.PreTechs prerequisite.,"{""target_pretechs_max"":false}"
87,item:6001,tech:1131,research_input,formal_game_data,runtime:LDB.techs,exact,,20,TechProto.Items paired with ItemPoints.,{}
88,tech:1131,recipe:31,unlocks_recipe,formal_game_data,runtime:LDB.techs,exact,,,,{}
89,tech:1131,recipe:32,unlocks_recipe,formal_game_data,runtime:LDB.techs,exact,,,,{}
90,tech:1131,tech:1132,pretech_explicit,formal_game_data,runtime:LDB.techs,exact,,,Direct TechProto.PreTechs prerequisite.,"{""target_pretechs_max"":false}"
91,item:6002,tech:1132,research_input,formal_game_data,runtime:LDB.techs,exact,,16,TechProto.Items paired with ItemPoints.,{}
92,item:6003,tech:1132,research_input,formal_game_data,runtime:LDB.techs,exact,,4,TechProto.Items paired with ItemPoints.,{}
93,tech:1132,recipe:33,unlocks_recipe,formal_game_data,runtime:LDB.techs,exact,,,,{}
94,tech:1132,recipe:35,unlocks_recipe,formal_game_data,runtime:LDB.techs,exact,,,,{}
95,tech:1132,tech:1133,pretech_explicit,formal_game_data,runtime:LDB.techs,exact,,,Direct TechProto.PreTechs prerequisite.,"{""target_pretechs_max"":false}"
96,item:6001,tech:1133,research_input,formal_game_data,runtime:LDB.techs,exact,,16,TechProto.Items paired with ItemPoints.,{}
97,item:6002,tech:1133,research_input,formal_game_data,runtime:LDB.techs,exact,,16,TechProto.Items paired with ItemPoints.,{}
98,item:6003,tech:1133,research_input,formal_game_data,runtime:LDB.techs,exact,,4,TechProto.Items paired with ItemPoints.,{}
99,tech:1133,recipe:36,unlocks_recipe,formal_game_data,runtime:LDB.techs,exact,,,,{}
100,tech:1133,recipe:62,unlocks_recipe,formal_game_data,runtime:LDB.techs,exact,,,,{}
101,tech:1412,tech:1134,pretech_explicit,formal_game_data,runtime:LDB.techs,exact,,,Direct TechProto.PreTechs prerequisite.,"{""target_pretechs_max"":false}"
102,tech:1102,tech:1134,pretech_explicit,formal_game_data,runtime:LDB.techs,exact,,,Direct TechProto.PreTechs prerequisite.,"{""target_pretechs_max"":false}"
103,item:6001,tech:1134,research_input,formal_game_data,runtime:LDB.techs,exact,,20,TechProto.Items paired with ItemPoints.,{}
104,item:6002,tech:1134,research_input,formal_game_data,runtime:LDB.techs,exact,,30,TechProto.Items paired with ItemPoints.,{}
105,tech:1134,recipe:110,unlocks_recipe,formal_game_data,runtime:LDB.techs,exact,,,,{}
106,tech:1134,recipe:115,unlocks_recipe,formal_game_data,runtime:LDB.techs,exact,,,,{}
107,tech:1126,tech:1141,pretech_explicit,formal_game_data,runtime:LDB.techs,exact,,,Direct TechProto.PreTechs prerequisite.,"{""target_pretechs_max"":false}"
108,tech:1125,tech:1141,pretech_explicit,formal_game_data,runtime:LDB.techs,exact,,,Direct TechProto.PreTechs prerequisite.,"{""target_pretechs_max"":false}"
109,item:6001,tech:1141,research_input,formal_game_data,runtime:LDB.techs,exact,,12,TechProto.Items paired with ItemPoints.,{}
110,item:6002,tech:1141,research_input,formal_game_data,runtime:LDB.techs,exact,,12,TechProto.Items paired with ItemPoints.,{}
111,item:6004,tech:1141,research_input,formal_game_data,runtime:LDB.techs,exact,,2,TechProto.Items paired with ItemPoints.,{}
112,tech:1141,recipe:38,unlocks_recipe,formal_game_data,runtime:LDB.techs,exact,,,,{}
113,tech:1124,tech:1142,pretech_explicit,formal_game_data,runtime:LDB.techs,exact,,,Direct TechProto.PreTechs prerequisite.,"{""target_pretechs_max"":false}"
114,item:6001,tech:1142,research_input,formal_game_data,runtime:LDB.techs,exact,,12,TechProto.Items paired with ItemPoints.,{}
115,item:6002,tech:1142,research_input,formal_game_data,runtime:LDB.techs,exact,,12,TechProto.Items paired with ItemPoints.,{}
116,item:6003,tech:1142,research_input,formal_game_data,runtime:LDB.techs,exact,,12,TechProto.Items paired with ItemPoints.,{}
117,tech:1142,recipe:39,unlocks_recipe,formal_game_data,runtime:LDB.techs,exact,,,,{}
118,tech:1142,recipe:40,unlocks_recipe,formal_game_data,runtime:LDB.techs,exact,,,,{}
119,tech:1142,tech:1143,pretech_explicit,formal_game_data,runtime:LDB.techs,exact,,,Direct TechProto.PreTechs prerequisite.,"{""target_pretechs_max"":false}"
120,item:6001,tech:1143,research_input,formal_game_data,runtime:LDB.techs,exact,,12,TechProto.Items paired with ItemPoints.,{}
121,item:6002,tech:1143,research_input,formal_game_data,runtime:LDB.techs,exact,,12,TechProto.Items paired with ItemPoints.,{}
122,item:6003,tech:1143,research_input,formal_game_data,runtime:LDB.techs,exact,,12,TechProto.Items paired with ItemPoints.,{}
123,tech:1143,recipe:104,unlocks_recipe,formal_game_data,runtime:LDB.techs,exact,,,,{}
124,tech:1145,tech:1144,pretech_explicit,formal_game_data,runtime:LDB.techs,exact,,,Direct TechProto.PreTechs prerequisite.,"{""target_pretechs_max"":false}"
125,item:6001,tech:1144,research_input,formal_game_data,runtime:LDB.techs,exact,,10,TechProto.Items paired with ItemPoints.,{}
126,item:6002,tech:1144,research_input,formal_game_data,runtime:LDB.techs,exact,,10,TechProto.Items paired with ItemPoints.,{}
127,item:6003,tech:1144,research_input,formal_game_data,runtime:LDB.techs,exact,,10,TechProto.Items paired with ItemPoints.,{}
128,item:6004,tech:1144,research_input,formal_game_data,runtime:LDB.techs,exact,,10,TechProto.Items paired with ItemPoints.,{}
129,item:6005,tech:1144,research_input,formal_game_data,runtime:LDB.techs,exact,,10,TechProto.Items paired with ItemPoints.,{}
130,tech:1144,recipe:43,unlocks_recipe,formal_game_data,runtime:LDB.techs,exact,,,,{}
131,tech:1506,tech:1145,pretech_explicit,formal_game_data,runtime:LDB.techs,exact,,,Direct TechProto.PreTechs prerequisite.,"{""target_pretechs_max"":false}"
132,item:6002,tech:1145,research_input,formal_game_data,runtime:LDB.techs,exact,,24,TechProto.Items paired with ItemPoints.,{}
133,item:6005,tech:1145,research_input,formal_game_data,runtime:LDB.techs,exact,,12,TechProto.Items paired with ItemPoints.,{}
134,tech:1145,recipe:42,unlocks_recipe,formal_game_data,runtime:LDB.techs,exact,,,,{}
135,tech:1145,recipe:44,unlocks_recipe,formal_game_data,runtime:LDB.techs,exact,,,,{}
136,tech:1311,tech:1151,pretech_explicit,formal_game_data,runtime:LDB.techs,exact,,,Direct TechProto.PreTechs prerequisite.,"{""target_pretechs_max"":false}"
137,tech:1101,tech:1151,pretech_explicit,formal_game_data,runtime:LDB.techs,exact,,,Direct TechProto.PreTechs prerequisite.,"{""target_pretechs_max"":false}"
138,item:6001,tech:1151,research_input,formal_game_data,runtime:LDB.techs,exact,,20,TechProto.Items paired with ItemPoints.,{}
139,tech:1151,recipe:106,unlocks_recipe,formal_game_data,runtime:LDB.techs,exact,,,,{}
140,tech:1151,recipe:109,unlocks_recipe,formal_game_data,runtime:LDB.techs,exact,,,,{}
141,tech:1302,tech:1152,pretech_explicit,formal_game_data,runtime:LDB.techs,exact,,,Direct TechProto.PreTechs prerequisite.,"{""target_pretechs_max"":false}"
142,tech:1151,tech:1152,pretech_explicit,formal_game_data,runtime:LDB.techs,exact,,,Direct TechProto.PreTechs prerequisite.,"{""target_pretechs_max"":false}"
143,item:6001,tech:1152,research_input,formal_game_data,runtime:LDB.techs,exact,,16,TechProto.Items paired with ItemPoints.,{}
144,item:6002,tech:1152,research_input,formal_game_data,runtime:LDB.techs,exact,,12,TechProto.Items paired with ItemPoints.,{}
145,tech:1152,recipe:107,unlocks_recipe,formal_game_data,runtime:LDB.techs,exact,,,,{}
146,tech:1152,tech:1153,pretech_explicit,formal_game_data,runtime:LDB.techs,exact,,,Direct TechProto.PreTechs prerequisite.,"{""target_pretechs_max"":false}"
147,tech:1132,tech:1153,pretech_explicit,formal_game_data,runtime:LDB.techs,exact,,,Direct TechProto.PreTechs prerequisite.,"{""target_pretechs_max"":false}"
148,item:6001,tech:1153,research_input,formal_game_data,runtime:LDB.techs,exact,,8,TechProto.Items paired with ItemPoints.,{}
149,item:6002,tech:1153,research_input,formal_game_data,runtime:LDB.techs,exact,,6,TechProto.Items paired with ItemPoints.,{}
150,item:6003,tech:1153,research_input,formal_game_data,runtime:LDB.techs,exact,,4,TechProto.Items paired with ItemPoints.,{}
151,tech:1153,recipe:108,unlocks_recipe,formal_game_data,runtime:LDB.techs,exact,,,,{}
152,tech:1001,tech:1201,pretech_explicit,formal_game_data,runtime:LDB.techs,exact,,,Direct TechProto.PreTechs prerequisite.,"{""target_pretechs_max"":false}"
153,item:1301,tech:1201,research_input,formal_game_data,runtime:LDB.techs,exact,,20,TechProto.Items paired with ItemPoints.,{}
154,item:1201,tech:1201,research_input,formal_game_data,runtime:LDB.techs,exact,,20,TechProto.Items paired with ItemPoints.,{}
155,tech:1201,recipe:45,unlocks_recipe,formal_game_data,runtime:LDB.techs,exact,,,,{}
156,tech:1201,item:2303,grants_item,formal_game_data,runtime:LDB.techs,exact,1,,,{}
157,tech:1201,tech:1202,pretech_explicit,formal_game_data,runtime:LDB.techs,exact,,,Direct TechProto.PreTechs prerequisite.,"{""target_pretechs_max"":false}"
158,tech:1302,tech:1202,pretech_explicit,formal_game_data,runtime:LDB.techs,exact,,,Direct TechProto.PreTechs prerequisite.,"{""target_pretechs_max"":false}"
159,item:6001,tech:1202,research_input,formal_game_data,runtime:LDB.techs,exact,,20,TechProto.Items paired with ItemPoints.,{}
160,item:6002,tech:1202,research_input,formal_game_data,runtime:LDB.techs,exact,,10,TechProto.Items paired with ItemPoints.,{}
161,tech:1202,recipe:46,unlocks_recipe,formal_game_data,runtime:LDB.techs,exact,,,,{}
162,tech:1202,function:7,unlocks_function,formal_game_data,runtime:LDB.techs,exact,,0.5,Function semantics remain an interpretation layer; ID/value are exact runtime data.,{}
163,tech:1202,tech:1203,pretech_explicit,formal_game_data,runtime:LDB.techs,exact,,,Direct TechProto.PreTechs prerequisite.,"{""target_pretechs_max"":false}"
164,tech:1303,tech:1203,pretech_explicit,formal_game_data,runtime:LDB.techs,exact,,,Direct TechProto.PreTechs prerequisite.,"{""target_pretechs_max"":false}"
165,item:6001,tech:1203,research_input,formal_game_data,runtime:LDB.techs,exact,,10,TechProto.Items paired with ItemPoints.,{}
166,item:6002,tech:1203,research_input,formal_game_data,runtime:LDB.techs,exact,,10,TechProto.Items paired with ItemPoints.,{}
167,item:6003,tech:1203,research_input,formal_game_data,runtime:LDB.techs,exact,,10,TechProto.Items paired with ItemPoints.,{}
168,item:6004,tech:1203,research_input,formal_game_data,runtime:LDB.techs,exact,,10,TechProto.Items paired with ItemPoints.,{}
169,tech:1203,recipe:47,unlocks_recipe,formal_game_data,runtime:LDB.techs,exact,,,,{}
170,tech:1203,function:7,unlocks_function,formal_game_data,runtime:LDB.techs,exact,,0.5,Function semantics remain an interpretation layer; ID/value are exact runtime data.,{}
171,tech:1311,tech:1302,pretech_explicit,formal_game_data,runtime:LDB.techs,exact,,,Direct TechProto.PreTechs prerequisite.,"{""target_pretechs_max"":false}"
172,item:6001,tech:1302,research_input,formal_game_data,runtime:LDB.techs,exact,,20,TechProto.Items paired with ItemPoints.,{}
173,tech:1302,recipe:51,unlocks_recipe,formal_game_data,runtime:LDB.techs,exact,,,,{}
174,tech:1312,tech:1303,pretech_explicit,formal_game_data,runtime:LDB.techs,exact,,,Direct TechProto.PreTechs prerequisite.,"{""target_pretechs_max"":false}"
175,tech:1141,tech:1303,pretech_explicit,formal_game_data,runtime:LDB.techs,exact,,,Direct TechProto.PreTechs prerequisite.,"{""target_pretechs_max"":false}"
176,item:6001,tech:1303,research_input,formal_game_data,runtime:LDB.techs,exact,,10,TechProto.Items paired with ItemPoints.,{}
177,item:6002,tech:1303,research_input,formal_game_data,runtime:LDB.techs,exact,,10,TechProto.Items paired with ItemPoints.,{}
178,item:6004,tech:1303,research_input,formal_game_data,runtime:LDB.techs,exact,,10,TechProto.Items paired with ItemPoints.,{}
179,tech:1303,recipe:52,unlocks_recipe,formal_game_data,runtime:LDB.techs,exact,,,,{}
180,tech:1303,tech:1304,pretech_explicit,formal_game_data,runtime:LDB.techs,exact,,,Direct TechProto.PreTechs prerequisite.,"{""target_pretechs_max"":false}"
181,item:6001,tech:1304,research_input,formal_game_data,runtime:LDB.techs,exact,,10,TechProto.Items paired with ItemPoints.,{}
182,item:6002,tech:1304,research_input,formal_game_data,runtime:LDB.techs,exact,,10,TechProto.Items paired with ItemPoints.,{}
183,item:6003,tech:1304,research_input,formal_game_data,runtime:LDB.techs,exact,,10,TechProto.Items paired with ItemPoints.,{}
184,item:6004,tech:1304,research_input,formal_game_data,runtime:LDB.techs,exact,,10,TechProto.Items paired with ItemPoints.,{}
185,item:6005,tech:1304,research_input,formal_game_data,runtime:LDB.techs,exact,,6,TechProto.Items paired with ItemPoints.,{}
186,tech:1304,recipe:119,unlocks_recipe,formal_game_data,runtime:LDB.techs,exact,,,,{}
187,tech:1303,tech:1305,pretech_explicit,formal_game_data,runtime:LDB.techs,exact,,,Direct TechProto.PreTechs prerequisite.,"{""target_pretechs_max"":false}"
188,tech:1143,tech:1305,pretech_explicit,formal_game_data,runtime:LDB.techs,exact,,,Direct TechProto.PreTechs prerequisite.,"{""target_pretechs_max"":false}"
189,item:6001,tech:1305,research_input,formal_game_data,runtime:LDB.techs,exact,,10,TechProto.Items paired with ItemPoints.,{}
190,item:6002,tech:1305,research_input,formal_game_data,runtime:LDB.techs,exact,,10,TechProto.Items paired with ItemPoints.,{}
191,item:6003,tech:1305,research_input,formal_game_data,runtime:LDB.techs,exact,,10,TechProto.Items paired with ItemPoints.,{}
192,item:6004,tech:1305,research_input,formal_game_data,runtime:LDB.techs,exact,,10,TechProto.Items paired with ItemPoints.,{}
193,tech:1305,recipe:124,unlocks_recipe,formal_game_data,runtime:LDB.techs,exact,,,,{}
194,tech:1201,tech:1311,pretech_explicit,formal_game_data,runtime:LDB.techs,exact,,,Direct TechProto.PreTechs prerequisite.,"{""target_pretechs_max"":false}"
195,item:6001,tech:1311,research_input,formal_game_data,runtime:LDB.techs,exact,,40,TechProto.Items paired with ItemPoints.,{}
196,tech:1311,recipe:53,unlocks_recipe,formal_game_data,runtime:LDB.techs,exact,,,,{}
197,tech:1302,tech:1312,pretech_explicit,formal_game_data,runtime:LDB.techs,exact,,,Direct TechProto.PreTechs prerequisite.,"{""target_pretechs_max"":false}"
198,tech:1133,tech:1312,pretech_explicit,formal_game_data,runtime:LDB.techs,exact,,,Direct TechProto.PreTechs prerequisite.,"{""target_pretechs_max"":false}"
199,item:6001,tech:1312,research_input,formal_game_data,runtime:LDB.techs,exact,,10,TechProto.Items paired with ItemPoints.,{}
200,item:6002,tech:1312,research_input,formal_game_data,runtime:LDB.techs,exact,,10,TechProto.Items paired with ItemPoints.,{}
201,tech:1312,recipe:55,unlocks_recipe,formal_game_data,runtime:LDB.techs,exact,,,,{}
202,tech:1001,tech:1401,pretech_explicit,formal_game_data,runtime:LDB.techs,exact,,,Direct TechProto.PreTechs prerequisite.,"{""target_pretechs_max"":false}"
203,item:1202,tech:1401,research_input,formal_game_data,runtime:LDB.techs,exact,,20,TechProto.Items paired with ItemPoints.,{}
204,item:1301,tech:1401,research_input,formal_game_data,runtime:LDB.techs,exact,,20,TechProto.Items paired with ItemPoints.,{}
205,tech:1401,recipe:56,unlocks_recipe,formal_game_data,runtime:LDB.techs,exact,,,,{}
206,tech:1401,recipe:57,unlocks_recipe,formal_game_data,runtime:LDB.techs,exact,,,,{}
207,tech:1401,item:2302,grants_item,formal_game_data,runtime:LDB.techs,exact,3,,,{}
208,tech:1401,tech:1402,pretech_explicit,formal_game_data,runtime:LDB.techs,exact,,,Direct TechProto.PreTechs prerequisite.,"{""target_pretechs_max"":false}"
209,item:6001,tech:1402,research_input,formal_game_data,runtime:LDB.techs,exact,,20,TechProto.Items paired with ItemPoints.,{}
210,tech:1402,recipe:34,unlocks_recipe,formal_game_data,runtime:LDB.techs,exact,,,,{}
211,tech:1402,recipe:17,unlocks_recipe,formal_game_data,runtime:LDB.techs,exact,,,,{}
212,tech:1402,recipe:59,unlocks_recipe,formal_game_data,runtime:LDB.techs,exact,,,,{}
213,tech:1402,tech:1403,pretech_explicit,formal_game_data,runtime:LDB.techs,exact,,,Direct TechProto.PreTechs prerequisite.,"{""target_pretechs_max"":false}"
214,item:6001,tech:1403,research_input,formal_game_data,runtime:LDB.techs,exact,,20,TechProto.Items paired with ItemPoints.,{}
215,item:6002,tech:1403,research_input,formal_game_data,runtime:LDB.techs,exact,,20,TechProto.Items paired with ItemPoints.,{}
216,tech:1403,recipe:60,unlocks_recipe,formal_game_data,runtime:LDB.techs,exact,,,,{}
217,tech:1403,recipe:61,unlocks_recipe,formal_game_data,runtime:LDB.techs,exact,,,,{}
218,tech:1403,recipe:37,unlocks_recipe,formal_game_data,runtime:LDB.techs,exact,,,,{}
219,tech:1401,tech:1411,pretech_explicit,formal_game_data,runtime:LDB.techs,exact,,,Direct TechProto.PreTechs prerequisite.,"{""target_pretechs_max"":false}"
220,item:6001,tech:1411,research_input,formal_game_data,runtime:LDB.techs,exact,,20,TechProto.Items paired with ItemPoints.,{}
221,tech:1411,recipe:63,unlocks_recipe,formal_game_data,runtime:LDB.techs,exact,,,,{}
222,tech:1411,function:37,unlocks_function,formal_game_data,runtime:LDB.techs,exact,,2203,Function semantics remain an interpretation layer; ID/value are exact runtime data.,{}
223,tech:1411,function:37,unlocks_function,formal_game_data,runtime:LDB.techs,exact,,2401,Function semantics remain an interpretation layer; ID/value are exact runtime data.,{}
224,tech:1201,tech:1412,pretech_explicit,formal_game_data,runtime:LDB.techs,exact,,,Direct TechProto.PreTechs prerequisite.,"{""target_pretechs_max"":false}"
225,item:6001,tech:1412,research_input,formal_game_data,runtime:LDB.techs,exact,,20,TechProto.Items paired with ItemPoints.,{}
226,tech:1412,recipe:64,unlocks_recipe,formal_game_data,runtime:LDB.techs,exact,,,,{}
227,tech:1412,item:2204,grants_item,formal_game_data,runtime:LDB.techs,exact,1,,,{}
228,tech:1411,tech:1413,pretech_explicit,formal_game_data,runtime:LDB.techs,exact,,,Direct TechProto.PreTechs prerequisite.,"{""target_pretechs_max"":false}"
229,item:6001,tech:1413,research_input,formal_game_data,runtime:LDB.techs,exact,,20,TechProto.Items paired with ItemPoints.,{}
230,item:6002,tech:1413,research_input,formal_game_data,runtime:LDB.techs,exact,,20,TechProto.Items paired with ItemPoints.,{}
231,tech:1413,recipe:65,unlocks_recipe,formal_game_data,runtime:LDB.techs,exact,,,,{}
232,tech:1413,tech:1414,pretech_explicit,formal_game_data,runtime:LDB.techs,exact,,,Direct TechProto.PreTechs prerequisite.,"{""target_pretechs_max"":false}"
233,item:6001,tech:1414,research_input,formal_game_data,runtime:LDB.techs,exact,,20,TechProto.Items paired with ItemPoints.,{}
234,item:6002,tech:1414,research_input,formal_game_data,runtime:LDB.techs,exact,,20,TechProto.Items paired with ItemPoints.,{}
235,item:6003,tech:1414,research_input,formal_game_data,runtime:LDB.techs,exact,,2,TechProto.Items paired with ItemPoints.,{}
236,tech:1414,recipe:66,unlocks_recipe,formal_game_data,runtime:LDB.techs,exact,,,,{}
237,tech:1411,tech:1415,pretech_explicit,formal_game_data,runtime:LDB.techs,exact,,,Direct TechProto.PreTechs prerequisite.,"{""target_pretechs_max"":false}"
238,item:6001,tech:1415,research_input,formal_game_data,runtime:LDB.techs,exact,,20,TechProto.Items paired with ItemPoints.,{}
239,tech:1415,recipe:112,unlocks_recipe,formal_game_data,runtime:LDB.techs,exact,,,,{}
240,tech:1134,tech:1416,pretech_explicit,formal_game_data,runtime:LDB.techs,exact,,,Direct TechProto.PreTechs prerequisite.,"{""target_pretechs_max"":false}"
241,tech:1414,tech:1416,pretech_implicit,formal_game_data,runtime:LDB.techs,exact,,,Direct TechProto.PreTechsImplicit prerequisite not represented as an ordinary displayed prerequisite.,"{""target_pretechs_max"":false}"
242,item:6001,tech:1416,research_input,formal_game_data,runtime:LDB.techs,exact,,20,TechProto.Items paired with ItemPoints.,{}
243,item:6002,tech:1416,research_input,formal_game_data,runtime:LDB.techs,exact,,10,TechProto.Items paired with ItemPoints.,{}
244,item:6003,tech:1416,research_input,formal_game_data,runtime:LDB.techs,exact,,5,TechProto.Items paired with ItemPoints.,{}
245,tech:1416,recipe:113,unlocks_recipe,formal_game_data,runtime:LDB.techs,exact,,,,{}
246,tech:1416,recipe:41,unlocks_recipe,formal_game_data,runtime:LDB.techs,exact,,,,{}
247,tech:1141,tech:1417,pretech_explicit,formal_game_data,runtime:LDB.techs,exact,,,Direct TechProto.PreTechs prerequisite.,"{""target_pretechs_max"":false}"
248,tech:1403,tech:1417,pretech_implicit,formal_game_data,runtime:LDB.techs,exact,,,Direct TechProto.PreTechsImplicit prerequisite not represented as an ordinary displayed prerequisite.,"{""target_pretechs_max"":false}"
249,item:6001,tech:1417,research_input,formal_game_data,runtime:LDB.techs,exact,,10,TechProto.Items paired with ItemPoints.,{}
250,item:6002,tech:1417,research_input,formal_game_data,runtime:LDB.techs,exact,,10,TechProto.Items paired with ItemPoints.,{}
251,item:6003,tech:1417,research_input,formal_game_data,runtime:LDB.techs,exact,,10,TechProto.Items paired with ItemPoints.,{}
252,item:6004,tech:1417,research_input,formal_game_data,runtime:LDB.techs,exact,,10,TechProto.Items paired with ItemPoints.,{}
253,tech:1417,recipe:116,unlocks_recipe,formal_game_data,runtime:LDB.techs,exact,,,,{}
254,tech:1402,tech:1501,pretech_explicit,formal_game_data,runtime:LDB.techs,exact,,,Direct TechProto.PreTechs prerequisite.,"{""target_pretechs_max"":false}"
255,tech:1002,tech:1501,pretech_explicit,formal_game_data,runtime:LDB.techs,exact,,,Direct TechProto.PreTechs prerequisite.,"{""target_pretechs_max"":false}"
256,tech:1201,tech:1501,pretech_explicit,formal_game_data,runtime:LDB.techs,exact,,,Direct TechProto.PreTechs prerequisite.,"{""target_pretechs_max"":false}"
257,item:6001,tech:1501,research_input,formal_game_data,runtime:LDB.techs,exact,,40,TechProto.Items paired with ItemPoints.,{}
258,tech:1501,recipe:67,unlocks_recipe,formal_game_data,runtime:LDB.techs,exact,,,,{}
259,tech:1501,item:2205,grants_item,formal_game_data,runtime:LDB.techs,exact,1,,,{}
260,tech:1501,tech:1502,pretech_explicit,formal_game_data,runtime:LDB.techs,exact,,,Direct TechProto.PreTechs prerequisite.,"{""target_pretechs_max"":false}"
261,item:6001,tech:1502,research_input,formal_game_data,runtime:LDB.techs,exact,,20,TechProto.Items paired with ItemPoints.,{}
262,item:6002,tech:1502,research_input,formal_game_data,runtime:LDB.techs,exact,,20,TechProto.Items paired with ItemPoints.,{}
263,tech:1502,recipe:68,unlocks_recipe,formal_game_data,runtime:LDB.techs,exact,,,,{}
264,tech:1502,recipe:69,unlocks_recipe,formal_game_data,runtime:LDB.techs,exact,,,,{}
265,tech:1502,tech:1503,pretech_explicit,formal_game_data,runtime:LDB.techs,exact,,,Direct TechProto.PreTechs prerequisite.,"{""target_pretechs_max"":false}"
266,tech:1711,tech:1503,pretech_implicit,formal_game_data,runtime:LDB.techs,exact,,,Direct TechProto.PreTechsImplicit prerequisite not represented as an ordinary displayed prerequisite.,"{""target_pretechs_max"":false}"
267,item:6001,tech:1503,research_input,formal_game_data,runtime:LDB.techs,exact,,20,TechProto.Items paired with ItemPoints.,{}
268,item:6002,tech:1503,research_input,formal_game_data,runtime:LDB.techs,exact,,20,TechProto.Items paired with ItemPoints.,{}
269,tech:1503,recipe:70,unlocks_recipe,formal_game_data,runtime:LDB.techs,exact,,,,{}
270,tech:1503,recipe:71,unlocks_recipe,formal_game_data,runtime:LDB.techs,exact,,,,{}
271,tech:1503,tech:1504,pretech_explicit,formal_game_data,runtime:LDB.techs,exact,,,Direct TechProto.PreTechs prerequisite.,"{""target_pretechs_max"":false}"
272,item:6001,tech:1504,research_input,formal_game_data,runtime:LDB.techs,exact,,20,TechProto.Items paired with ItemPoints.,{}
273,item:6002,tech:1504,research_input,formal_game_data,runtime:LDB.techs,exact,,20,TechProto.Items paired with ItemPoints.,{}
274,tech:1504,recipe:72,unlocks_recipe,formal_game_data,runtime:LDB.techs,exact,,,,{}
275,tech:1504,tech:1505,pretech_explicit,formal_game_data,runtime:LDB.techs,exact,,,Direct TechProto.PreTechs prerequisite.,"{""target_pretechs_max"":false}"
276,tech:1704,tech:1505,pretech_implicit,formal_game_data,runtime:LDB.techs,exact,,,Direct TechProto.PreTechsImplicit prerequisite not represented as an ordinary displayed prerequisite.,"{""target_pretechs_max"":false}"
277,item:6001,tech:1505,research_input,formal_game_data,runtime:LDB.techs,exact,,20,TechProto.Items paired with ItemPoints.,{}
278,item:6002,tech:1505,research_input,formal_game_data,runtime:LDB.techs,exact,,20,TechProto.Items paired with ItemPoints.,{}
279,item:6003,tech:1505,research_input,formal_game_data,runtime:LDB.techs,exact,,20,TechProto.Items paired with ItemPoints.,{}
280,item:6005,tech:1505,research_input,formal_game_data,runtime:LDB.techs,exact,,20,TechProto.Items paired with ItemPoints.,{}
281,tech:1505,function:8,unlocks_function,formal_game_data,runtime:LDB.techs,exact,,1,Function semantics remain an interpretation layer; ID/value are exact runtime data.,{}
282,tech:1505,tech:1506,pretech_explicit,formal_game_data,runtime:LDB.techs,exact,,,Direct TechProto.PreTechs prerequisite.,"{""target_pretechs_max"":false}"
283,item:6001,tech:1506,research_input,formal_game_data,runtime:LDB.techs,exact,,20,TechProto.Items paired with ItemPoints.,{}
284,item:6002,tech:1506,research_input,formal_game_data,runtime:LDB.techs,exact,,20,TechProto.Items paired with ItemPoints.,{}
285,item:6003,tech:1506,research_input,formal_game_data,runtime:LDB.techs,exact,,5,TechProto.Items paired with ItemPoints.,{}
286,item:6004,tech:1506,research_input,formal_game_data,runtime:LDB.techs,exact,,5,TechProto.Items paired with ItemPoints.,{}
287,item:6005,tech:1506,research_input,formal_game_data,runtime:LDB.techs,exact,,10,TechProto.Items paired with ItemPoints.,{}
288,tech:1506,recipe:74,unlocks_recipe,formal_game_data,runtime:LDB.techs,exact,,,,{}
289,tech:1506,tech:1507,pretech_explicit,formal_game_data,runtime:LDB.techs,exact,,,Direct TechProto.PreTechs prerequisite.,"{""target_pretechs_max"":false}"
290,item:6001,tech:1507,research_input,formal_game_data,runtime:LDB.techs,exact,,10,TechProto.Items paired with ItemPoints.,{}
291,item:6002,tech:1507,research_input,formal_game_data,runtime:LDB.techs,exact,,10,TechProto.Items paired with ItemPoints.,{}
292,item:6003,tech:1507,research_input,formal_game_data,runtime:LDB.techs,exact,,10,TechProto.Items paired with ItemPoints.,{}
293,item:6004,tech:1507,research_input,formal_game_data,runtime:LDB.techs,exact,,10,TechProto.Items paired with ItemPoints.,{}
294,item:6005,tech:1507,research_input,formal_game_data,runtime:LDB.techs,exact,,10,TechProto.Items paired with ItemPoints.,{}
295,tech:1507,recipe:75,unlocks_recipe,formal_game_data,runtime:LDB.techs,exact,,,,{}
296,tech:1507,tech:1508,pretech_explicit,formal_game_data,runtime:LDB.techs,exact,,,Direct TechProto.PreTechs prerequisite.,"{""target_pretechs_max"":false}"
297,item:6006,tech:1508,research_input,formal_game_data,runtime:LDB.techs,exact,,4,TechProto.Items paired with ItemPoints.,{}
298,tech:1508,function:99,unlocks_function,formal_game_data,runtime:LDB.techs,exact,,1,Function semantics remain an interpretation layer; ID/value are exact runtime data.,{}
299,tech:1403,tech:1511,pretech_explicit,formal_game_data,runtime:LDB.techs,exact,,,Direct TechProto.PreTechs prerequisite.,"{""target_pretechs_max"":false}"
300,tech:1501,tech:1511,pretech_explicit,formal_game_data,runtime:LDB.techs,exact,,,Direct TechProto.PreTechs prerequisite.,"{""target_pretechs_max"":false}"
301,tech:1711,tech:1511,pretech_implicit,formal_game_data,runtime:LDB.techs,exact,,,Direct TechProto.PreTechsImplicit prerequisite not represented as an ordinary displayed prerequisite.,"{""target_pretechs_max"":false}"
302,item:6001,tech:1511,research_input,formal_game_data,runtime:LDB.techs,exact,,20,TechProto.Items paired with ItemPoints.,{}
303,item:6002,tech:1511,research_input,formal_game_data,runtime:LDB.techs,exact,,20,TechProto.Items paired with ItemPoints.,{}
304,tech:1511,recipe:76,unlocks_recipe,formal_game_data,runtime:LDB.techs,exact,,,,{}
305,tech:1414,tech:1512,pretech_explicit,formal_game_data,runtime:LDB.techs,exact,,,Direct TechProto.PreTechs prerequisite.,"{""target_pretechs_max"":false}"
306,tech:1511,tech:1512,pretech_explicit,formal_game_data,runtime:LDB.techs,exact,,,Direct TechProto.PreTechs prerequisite.,"{""target_pretechs_max"":false}"
307,item:6001,tech:1512,research_input,formal_game_data,runtime:LDB.techs,exact,,20,TechProto.Items paired with ItemPoints.,{}
308,item:6002,tech:1512,research_input,formal_game_data,runtime:LDB.techs,exact,,20,TechProto.Items paired with ItemPoints.,{}
309,item:6003,tech:1512,research_input,formal_game_data,runtime:LDB.techs,exact,,2,TechProto.Items paired with ItemPoints.,{}
310,tech:1512,recipe:77,unlocks_recipe,formal_game_data,runtime:LDB.techs,exact,,,,{}
311,tech:1502,tech:1513,pretech_explicit,formal_game_data,runtime:LDB.techs,exact,,,Direct TechProto.PreTechs prerequisite.,"{""target_pretechs_max"":false}"
312,tech:1711,tech:1513,pretech_implicit,formal_game_data,runtime:LDB.techs,exact,,,Direct TechProto.PreTechsImplicit prerequisite not represented as an ordinary displayed prerequisite.,"{""target_pretechs_max"":false}"
313,item:6001,tech:1513,research_input,formal_game_data,runtime:LDB.techs,exact,,20,TechProto.Items paired with ItemPoints.,{}
314,item:6002,tech:1513,research_input,formal_game_data,runtime:LDB.techs,exact,,20,TechProto.Items paired with ItemPoints.,{}
315,tech:1513,recipe:118,unlocks_recipe,formal_game_data,runtime:LDB.techs,exact,,,,{}
316,tech:1503,tech:1521,pretech_explicit,formal_game_data,runtime:LDB.techs,exact,,,Direct TechProto.PreTechs prerequisite.,"{""target_pretechs_max"":false}"
317,tech:1132,tech:1521,pretech_implicit,formal_game_data,runtime:LDB.techs,exact,,,Direct TechProto.PreTechsImplicit prerequisite not represented as an ordinary displayed prerequisite.,"{""target_pretechs_max"":false}"
318,item:6001,tech:1521,research_input,formal_game_data,runtime:LDB.techs,exact,,12,TechProto.Items paired with ItemPoints.,{}
319,item:6003,tech:1521,research_input,formal_game_data,runtime:LDB.techs,exact,,2,TechProto.Items paired with ItemPoints.,{}
320,tech:1521,recipe:80,unlocks_recipe,formal_game_data,runtime:LDB.techs,exact,,,,{}
321,tech:1521,recipe:81,unlocks_recipe,formal_game_data,runtime:LDB.techs,exact,,,,{}
322,tech:1521,tech:1522,pretech_explicit,formal_game_data,runtime:LDB.techs,exact,,,Direct TechProto.PreTechs prerequisite.,"{""target_pretechs_max"":false}"
323,tech:1303,tech:1522,pretech_implicit,formal_game_data,runtime:LDB.techs,exact,,,Direct TechProto.PreTechsImplicit prerequisite not represented as an ordinary displayed prerequisite.,"{""target_pretechs_max"":false}"
324,item:6001,tech:1522,research_input,formal_game_data,runtime:LDB.techs,exact,,10,TechProto.Items paired with ItemPoints.,{}
325,item:6002,tech:1522,research_input,formal_game_data,runtime:LDB.techs,exact,,10,TechProto.Items paired with ItemPoints.,{}
326,item:6003,tech:1522,research_input,formal_game_data,runtime:LDB.techs,exact,,10,TechProto.Items paired with ItemPoints.,{}
327,item:6004,tech:1522,research_input,formal_game_data,runtime:LDB.techs,exact,,10,TechProto.Items paired with ItemPoints.,{}
328,tech:1522,recipe:82,unlocks_recipe,formal_game_data,runtime:LDB.techs,exact,,,,{}
329,tech:1522,recipe:83,unlocks_recipe,formal_game_data,runtime:LDB.techs,exact,,,,{}
330,tech:1522,tech:1523,pretech_explicit,formal_game_data,runtime:LDB.techs,exact,,,Direct TechProto.PreTechs prerequisite.,"{""target_pretechs_max"":false}"
331,item:6001,tech:1523,research_input,formal_game_data,runtime:LDB.techs,exact,,20,TechProto.Items paired with ItemPoints.,{}
332,item:6002,tech:1523,research_input,formal_game_data,runtime:LDB.techs,exact,,20,TechProto.Items paired with ItemPoints.,{}
333,item:6003,tech:1523,research_input,formal_game_data,runtime:LDB.techs,exact,,20,TechProto.Items paired with ItemPoints.,{}
334,item:6004,tech:1523,research_input,formal_game_data,runtime:LDB.techs,exact,,20,TechProto.Items paired with ItemPoints.,{}
335,item:6005,tech:1523,research_input,formal_game_data,runtime:LDB.techs,exact,,20,TechProto.Items paired with ItemPoints.,{}
336,tech:1523,function:26,unlocks_function,formal_game_data,runtime:LDB.techs,exact,,15,Function semantics remain an interpretation layer; ID/value are exact runtime data.,{}
337,tech:1001,tech:1601,pretech_explicit,formal_game_data,runtime:LDB.techs,exact,,,Direct TechProto.PreTechs prerequisite.,"{""target_pretechs_max"":false}"
338,item:1301,tech:1601,research_input,formal_game_data,runtime:LDB.techs,exact,,20,TechProto.Items paired with ItemPoints.,{}
339,item:1201,tech:1601,research_input,formal_game_data,runtime:LDB.techs,exact,,20,TechProto.Items paired with ItemPoints.,{}
340,tech:1601,recipe:84,unlocks_recipe,formal_game_data,runtime:LDB.techs,exact,,,,{}
341,tech:1601,recipe:85,unlocks_recipe,formal_game_data,runtime:LDB.techs,exact,,,,{}
342,tech:1601,recipe:86,unlocks_recipe,formal_game_data,runtime:LDB.techs,exact,,,,{}
343,tech:1601,item:2001,grants_item,formal_game_data,runtime:LDB.techs,exact,20,,,{}
344,tech:1601,item:2011,grants_item,formal_game_data,runtime:LDB.techs,exact,5,,,{}
345,tech:1601,tech:1602,pretech_explicit,formal_game_data,runtime:LDB.techs,exact,,,Direct TechProto.PreTechs prerequisite.,"{""target_pretechs_max"":false}"
346,item:6001,tech:1602,research_input,formal_game_data,runtime:LDB.techs,exact,,20,TechProto.Items paired with ItemPoints.,{}
347,tech:1602,recipe:87,unlocks_recipe,formal_game_data,runtime:LDB.techs,exact,,,,{}
348,tech:1602,recipe:88,unlocks_recipe,formal_game_data,runtime:LDB.techs,exact,,,,{}
349,tech:1602,recipe:117,unlocks_recipe,formal_game_data,runtime:LDB.techs,exact,,,,{}
350,tech:1602,item:2020,grants_item,formal_game_data,runtime:LDB.techs,exact,1,,,{}
351,tech:1602,item:2012,grants_item,formal_game_data,runtime:LDB.techs,exact,5,,,{}
352,tech:1602,item:2030,grants_item,formal_game_data,runtime:LDB.techs,exact,5,,,{}
353,tech:1602,tech:1603,pretech_explicit,formal_game_data,runtime:LDB.techs,exact,,,Direct TechProto.PreTechs prerequisite.,"{""target_pretechs_max"":false}"
354,tech:1702,tech:1603,pretech_implicit,formal_game_data,runtime:LDB.techs,exact,,,Direct TechProto.PreTechsImplicit prerequisite not represented as an ordinary displayed prerequisite.,"{""target_pretechs_max"":false}"
355,item:6001,tech:1603,research_input,formal_game_data,runtime:LDB.techs,exact,,20,TechProto.Items paired with ItemPoints.,{}
356,item:6002,tech:1603,research_input,formal_game_data,runtime:LDB.techs,exact,,5,TechProto.Items paired with ItemPoints.,{}
357,tech:1603,recipe:89,unlocks_recipe,formal_game_data,runtime:LDB.techs,exact,,,,{}
358,tech:1603,recipe:90,unlocks_recipe,formal_game_data,runtime:LDB.techs,exact,,,,{}
359,tech:1603,recipe:91,unlocks_recipe,formal_game_data,runtime:LDB.techs,exact,,,,{}
360,tech:1603,tech:1604,pretech_explicit,formal_game_data,runtime:LDB.techs,exact,,,Direct TechProto.PreTechs prerequisite.,"{""target_pretechs_max"":false}"
361,tech:1113,tech:1604,pretech_implicit,formal_game_data,runtime:LDB.techs,exact,,,Direct TechProto.PreTechsImplicit prerequisite not represented as an ordinary displayed prerequisite.,"{""target_pretechs_max"":false}"
362,tech:3701,tech:1604,pretech_implicit,formal_game_data,runtime:LDB.techs,exact,,,Direct TechProto.PreTechsImplicit prerequisite not represented as an ordinary displayed prerequisite.,"{""target_pretechs_max"":false}"
363,item:6001,tech:1604,research_input,formal_game_data,runtime:LDB.techs,exact,,20,TechProto.Items paired with ItemPoints.,{}
364,item:6002,tech:1604,research_input,formal_game_data,runtime:LDB.techs,exact,,10,TechProto.Items paired with ItemPoints.,{}
365,tech:1604,recipe:92,unlocks_recipe,formal_game_data,runtime:LDB.techs,exact,,,,{}
366,tech:1604,recipe:93,unlocks_recipe,formal_game_data,runtime:LDB.techs,exact,,,,{}
367,tech:1604,recipe:94,unlocks_recipe,formal_game_data,runtime:LDB.techs,exact,,,,{}
368,tech:1604,tech:1605,pretech_explicit,formal_game_data,runtime:LDB.techs,exact,,,Direct TechProto.PreTechs prerequisite.,"{""target_pretechs_max"":false}"
369,tech:1414,tech:1605,pretech_explicit,formal_game_data,runtime:LDB.techs,exact,,,Direct TechProto.PreTechs prerequisite.,"{""target_pretechs_max"":false}"
370,tech:1114,tech:1605,pretech_implicit,formal_game_data,runtime:LDB.techs,exact,,,Direct TechProto.PreTechsImplicit prerequisite not represented as an ordinary displayed prerequisite.,"{""target_pretechs_max"":false}"
371,item:6001,tech:1605,research_input,formal_game_data,runtime:LDB.techs,exact,,20,TechProto.Items paired with ItemPoints.,{}
372,item:6002,tech:1605,research_input,formal_game_data,runtime:LDB.techs,exact,,20,TechProto.Items paired with ItemPoints.,{}
373,item:6003,tech:1605,research_input,formal_game_data,runtime:LDB.techs,exact,,2,TechProto.Items paired with ItemPoints.,{}
374,tech:1605,recipe:95,unlocks_recipe,formal_game_data,runtime:LDB.techs,exact,,,,{}
375,tech:1605,recipe:96,unlocks_recipe,formal_game_data,runtime:LDB.techs,exact,,,,{}
376,tech:1605,tech:1606,pretech_explicit,formal_game_data,runtime:LDB.techs,exact,,,Direct TechProto.PreTechs prerequisite.,"{""target_pretechs_max"":false}"
377,tech:1512,tech:1606,pretech_explicit,formal_game_data,runtime:LDB.techs,exact,,,Direct TechProto.PreTechs prerequisite.,"{""target_pretechs_max"":false}"
378,item:6001,tech:1606,research_input,formal_game_data,runtime:LDB.techs,exact,,10,TechProto.Items paired with ItemPoints.,{}
379,item:6002,tech:1606,research_input,formal_game_data,runtime:LDB.techs,exact,,10,TechProto.Items paired with ItemPoints.,{}
380,item:6003,tech:1606,research_input,formal_game_data,runtime:LDB.techs,exact,,10,TechProto.Items paired with ItemPoints.,{}
381,tech:1606,recipe:111,unlocks_recipe,formal_game_data,runtime:LDB.techs,exact,,,,{}
382,tech:1603,tech:1607,pretech_explicit,formal_game_data,runtime:LDB.techs,exact,,,Direct TechProto.PreTechs prerequisite.,"{""target_pretechs_max"":false}"
383,tech:1711,tech:1607,pretech_implicit,formal_game_data,runtime:LDB.techs,exact,,,Direct TechProto.PreTechsImplicit prerequisite not represented as an ordinary displayed prerequisite.,"{""target_pretechs_max"":false}"
384,item:6001,tech:1607,research_input,formal_game_data,runtime:LDB.techs,exact,,20,TechProto.Items paired with ItemPoints.,{}
385,item:6002,tech:1607,research_input,formal_game_data,runtime:LDB.techs,exact,,10,TechProto.Items paired with ItemPoints.,{}
386,item:6003,tech:1607,research_input,formal_game_data,runtime:LDB.techs,exact,,1,TechProto.Items paired with ItemPoints.,{}
387,tech:1607,recipe:120,unlocks_recipe,formal_game_data,runtime:LDB.techs,exact,,,,{}
388,tech:1607,recipe:160,unlocks_recipe,formal_game_data,runtime:LDB.techs,exact,,,,{}
389,tech:1602,tech:1608,pretech_explicit,formal_game_data,runtime:LDB.techs,exact,,,Direct TechProto.PreTechs prerequisite.,"{""target_pretechs_max"":false}"
390,tech:1702,tech:1608,pretech_implicit,formal_game_data,runtime:LDB.techs,exact,,,Direct TechProto.PreTechsImplicit prerequisite not represented as an ordinary displayed prerequisite.,"{""target_pretechs_max"":false}"
391,item:6001,tech:1608,research_input,formal_game_data,runtime:LDB.techs,exact,,20,TechProto.Items paired with ItemPoints.,{}
392,item:6002,tech:1608,research_input,formal_game_data,runtime:LDB.techs,exact,,10,TechProto.Items paired with ItemPoints.,{}
393,tech:1608,recipe:122,unlocks_recipe,formal_game_data,runtime:LDB.techs,exact,,,,{}
394,tech:1608,recipe:123,unlocks_recipe,formal_game_data,runtime:LDB.techs,exact,,,,{}
395,tech:1608,function:32,unlocks_function,formal_game_data,runtime:LDB.techs,exact,,1,Function semantics remain an interpretation layer; ID/value are exact runtime data.,{}
396,tech:1001,tech:1701,pretech_explicit,formal_game_data,runtime:LDB.techs,exact,,,Direct TechProto.PreTechs prerequisite.,"{""target_pretechs_max"":false}"
397,item:6001,tech:1701,research_input,formal_game_data,runtime:LDB.techs,exact,,20,TechProto.Items paired with ItemPoints.,{}
398,tech:1701,recipe:97,unlocks_recipe,formal_game_data,runtime:LDB.techs,exact,,,,{}
399,tech:1701,tech:1702,pretech_explicit,formal_game_data,runtime:LDB.techs,exact,,,Direct TechProto.PreTechs prerequisite.,"{""target_pretechs_max"":false}"
400,item:6001,tech:1702,research_input,formal_game_data,runtime:LDB.techs,exact,,20,TechProto.Items paired with ItemPoints.,{}
401,item:6002,tech:1702,research_input,formal_game_data,runtime:LDB.techs,exact,,5,TechProto.Items paired with ItemPoints.,{}
402,tech:1702,recipe:98,unlocks_recipe,formal_game_data,runtime:LDB.techs,exact,,,,{}
403,tech:1702,tech:1703,pretech_explicit,formal_game_data,runtime:LDB.techs,exact,,,Direct TechProto.PreTechs prerequisite.,"{""target_pretechs_max"":false}"
404,item:6001,tech:1703,research_input,formal_game_data,runtime:LDB.techs,exact,,20,TechProto.Items paired with ItemPoints.,{}
405,item:6002,tech:1703,research_input,formal_game_data,runtime:LDB.techs,exact,,10,TechProto.Items paired with ItemPoints.,{}
406,tech:1703,recipe:99,unlocks_recipe,formal_game_data,runtime:LDB.techs,exact,,,,{}
407,tech:1703,recipe:100,unlocks_recipe,formal_game_data,runtime:LDB.techs,exact,,,,{}
408,tech:1143,tech:1704,pretech_explicit,formal_game_data,runtime:LDB.techs,exact,,,Direct TechProto.PreTechs prerequisite.,"{""target_pretechs_max"":false}"
409,tech:1703,tech:1704,pretech_explicit,formal_game_data,runtime:LDB.techs,exact,,,Direct TechProto.PreTechs prerequisite.,"{""target_pretechs_max"":false}"
410,item:6001,tech:1704,research_input,formal_game_data,runtime:LDB.techs,exact,,12,TechProto.Items paired with ItemPoints.,{}
411,item:6002,tech:1704,research_input,formal_game_data,runtime:LDB.techs,exact,,12,TechProto.Items paired with ItemPoints.,{}
412,item:6003,tech:1704,research_input,formal_game_data,runtime:LDB.techs,exact,,12,TechProto.Items paired with ItemPoints.,{}
413,tech:1704,recipe:101,unlocks_recipe,formal_game_data,runtime:LDB.techs,exact,,,,{}
414,tech:1704,recipe:78,unlocks_recipe,formal_game_data,runtime:LDB.techs,exact,,,,{}
415,tech:1303,tech:1705,pretech_explicit,formal_game_data,runtime:LDB.techs,exact,,,Direct TechProto.PreTechs prerequisite.,"{""target_pretechs_max"":false}"
416,tech:1704,tech:1705,pretech_explicit,formal_game_data,runtime:LDB.techs,exact,,,Direct TechProto.PreTechs prerequisite.,"{""target_pretechs_max"":false}"
417,item:6001,tech:1705,research_input,formal_game_data,runtime:LDB.techs,exact,,10,TechProto.Items paired with ItemPoints.,{}
418,item:6002,tech:1705,research_input,formal_game_data,runtime:LDB.techs,exact,,10,TechProto.Items paired with ItemPoints.,{}
419,item:6003,tech:1705,research_input,formal_game_data,runtime:LDB.techs,exact,,10,TechProto.Items paired with ItemPoints.,{}
420,tech:1705,recipe:102,unlocks_recipe,formal_game_data,runtime:LDB.techs,exact,,,,{}
421,tech:1705,recipe:79,unlocks_recipe,formal_game_data,runtime:LDB.techs,exact,,,,{}
422,tech:1702,tech:1711,pretech_explicit,formal_game_data,runtime:LDB.techs,exact,,,Direct TechProto.PreTechs prerequisite.,"{""target_pretechs_max"":false}"
423,item:6001,tech:1711,research_input,formal_game_data,runtime:LDB.techs,exact,,20,TechProto.Items paired with ItemPoints.,{}
424,item:6002,tech:1711,research_input,formal_game_data,runtime:LDB.techs,exact,,5,TechProto.Items paired with ItemPoints.,{}
425,tech:1711,recipe:103,unlocks_recipe,formal_game_data,runtime:LDB.techs,exact,,,,{}
426,tech:1711,function:42,unlocks_function,formal_game_data,runtime:LDB.techs,exact,,1,Function semantics remain an interpretation layer; ID/value are exact runtime data.,{}
427,tech:1711,tech:1712,pretech_explicit,formal_game_data,runtime:LDB.techs,exact,,,Direct TechProto.PreTechs prerequisite.,"{""target_pretechs_max"":false}"
428,tech:1521,tech:1712,pretech_implicit,formal_game_data,runtime:LDB.techs,exact,,,Direct TechProto.PreTechsImplicit prerequisite not represented as an ordinary displayed prerequisite.,"{""target_pretechs_max"":false}"
429,item:6001,tech:1712,research_input,formal_game_data,runtime:LDB.techs,exact,,12,TechProto.Items paired with ItemPoints.,{}
430,item:6002,tech:1712,research_input,formal_game_data,runtime:LDB.techs,exact,,12,TechProto.Items paired with ItemPoints.,{}
431,item:6003,tech:1712,research_input,formal_game_data,runtime:LDB.techs,exact,,12,TechProto.Items paired with ItemPoints.,{}
432,tech:1712,recipe:73,unlocks_recipe,formal_game_data,runtime:LDB.techs,exact,,,,{}
433,tech:1001,tech:1801,pretech_explicit,formal_game_data,runtime:LDB.techs,exact,,,Direct TechProto.PreTechs prerequisite.,"{""target_pretechs_max"":false}"
434,tech:1401,tech:1801,pretech_implicit,formal_game_data,runtime:LDB.techs,exact,,,Direct TechProto.PreTechsImplicit prerequisite not represented as an ordinary displayed prerequisite.,"{""target_pretechs_max"":false}"
435,item:6001,tech:1801,research_input,formal_game_data,runtime:LDB.techs,exact,,10,TechProto.Items paired with ItemPoints.,{}
436,tech:1801,recipe:125,unlocks_recipe,formal_game_data,runtime:LDB.techs,exact,,,,{}
437,tech:1801,recipe:136,unlocks_recipe,formal_game_data,runtime:LDB.techs,exact,,,,{}
438,tech:1801,item:1601,grants_item,formal_game_data,runtime:LDB.techs,exact,10,,,{}
439,tech:1401,tech:1802,pretech_explicit,formal_game_data,runtime:LDB.techs,exact,,,Direct TechProto.PreTechs prerequisite.,"{""target_pretechs_max"":false}"
440,item:6001,tech:1802,research_input,formal_game_data,runtime:LDB.techs,exact,,20,TechProto.Items paired with ItemPoints.,{}
441,tech:1802,recipe:133,unlocks_recipe,formal_game_data,runtime:LDB.techs,exact,,,,{}
442,tech:1123,tech:1803,pretech_explicit,formal_game_data,runtime:LDB.techs,exact,,,Direct TechProto.PreTechs prerequisite.,"{""target_pretechs_max"":false}"
443,item:6001,tech:1803,research_input,formal_game_data,runtime:LDB.techs,exact,,20,TechProto.Items paired with ItemPoints.,{}
444,item:6002,tech:1803,research_input,formal_game_data,runtime:LDB.techs,exact,,10,TechProto.Items paired with ItemPoints.,{}
445,tech:1803,recipe:134,unlocks_recipe,formal_game_data,runtime:LDB.techs,exact,,,,{}
446,tech:1125,tech:1804,pretech_explicit,formal_game_data,runtime:LDB.techs,exact,,,Direct TechProto.PreTechs prerequisite.,"{""target_pretechs_max"":false}"
447,item:6001,tech:1804,research_input,formal_game_data,runtime:LDB.techs,exact,,10,TechProto.Items paired with ItemPoints.,{}
448,item:6002,tech:1804,research_input,formal_game_data,runtime:LDB.techs,exact,,10,TechProto.Items paired with ItemPoints.,{}
449,item:6003,tech:1804,research_input,formal_game_data,runtime:LDB.techs,exact,,10,TechProto.Items paired with ItemPoints.,{}
450,item:6004,tech:1804,research_input,formal_game_data,runtime:LDB.techs,exact,,5,TechProto.Items paired with ItemPoints.,{}
451,tech:1804,recipe:135,unlocks_recipe,formal_game_data,runtime:LDB.techs,exact,,,,{}
452,tech:1001,tech:1805,pretech_explicit,formal_game_data,runtime:LDB.techs,exact,,,Direct TechProto.PreTechs prerequisite.,"{""target_pretechs_max"":false}"
453,item:6001,tech:1805,research_input,formal_game_data,runtime:LDB.techs,exact,,10,TechProto.Items paired with ItemPoints.,{}
454,tech:1805,recipe:105,unlocks_recipe,formal_game_data,runtime:LDB.techs,exact,,,,{}
455,tech:1805,tech:1806,pretech_explicit,formal_game_data,runtime:LDB.techs,exact,,,Direct TechProto.PreTechs prerequisite.,"{""target_pretechs_max"":false}"
456,tech:1801,tech:1806,pretech_explicit,formal_game_data,runtime:LDB.techs,exact,,,Direct TechProto.PreTechs prerequisite.,"{""target_pretechs_max"":false}"
457,tech:1802,tech:1806,pretech_implicit,formal_game_data,runtime:LDB.techs,exact,,,Direct TechProto.PreTechsImplicit prerequisite not represented as an ordinary displayed prerequisite.,"{""target_pretechs_max"":false}"
458,item:6001,tech:1806,research_input,formal_game_data,runtime:LDB.techs,exact,,10,TechProto.Items paired with ItemPoints.,{}
459,tech:1806,recipe:129,unlocks_recipe,formal_game_data,runtime:LDB.techs,exact,,,,{}
460,tech:1806,recipe:144,unlocks_recipe,formal_game_data,runtime:LDB.techs,exact,,,,{}
461,tech:1806,tech:1807,pretech_explicit,formal_game_data,runtime:LDB.techs,exact,,,Direct TechProto.PreTechs prerequisite.,"{""target_pretechs_max"":false}"
462,tech:1702,tech:1807,pretech_implicit,formal_game_data,runtime:LDB.techs,exact,,,Direct TechProto.PreTechsImplicit prerequisite not represented as an ordinary displayed prerequisite.,"{""target_pretechs_max"":false}"
463,item:6001,tech:1807,research_input,formal_game_data,runtime:LDB.techs,exact,,10,TechProto.Items paired with ItemPoints.,{}
464,item:6002,tech:1807,research_input,formal_game_data,runtime:LDB.techs,exact,,10,TechProto.Items paired with ItemPoints.,{}
465,tech:1807,recipe:127,unlocks_recipe,formal_game_data,runtime:LDB.techs,exact,,,,{}
466,tech:1807,recipe:139,unlocks_recipe,formal_game_data,runtime:LDB.techs,exact,,,,{}
467,tech:1806,tech:1808,pretech_explicit,formal_game_data,runtime:LDB.techs,exact,,,Direct TechProto.PreTechs prerequisite.,"{""target_pretechs_max"":false}"
468,tech:1101,tech:1808,pretech_implicit,formal_game_data,runtime:LDB.techs,exact,,,Direct TechProto.PreTechsImplicit prerequisite not represented as an ordinary displayed prerequisite.,"{""target_pretechs_max"":false}"
469,item:6001,tech:1808,research_input,formal_game_data,runtime:LDB.techs,exact,,20,TechProto.Items paired with ItemPoints.,{}
470,item:6002,tech:1808,research_input,formal_game_data,runtime:LDB.techs,exact,,20,TechProto.Items paired with ItemPoints.,{}
471,tech:1808,recipe:131,unlocks_recipe,formal_game_data,runtime:LDB.techs,exact,,,,{}
472,tech:1807,tech:1809,pretech_explicit,formal_game_data,runtime:LDB.techs,exact,,,Direct TechProto.PreTechs prerequisite.,"{""target_pretechs_max"":false}"
473,tech:1703,tech:1809,pretech_implicit,formal_game_data,runtime:LDB.techs,exact,,,Direct TechProto.PreTechsImplicit prerequisite not represented as an ordinary displayed prerequisite.,"{""target_pretechs_max"":false}"
474,item:6001,tech:1809,research_input,formal_game_data,runtime:LDB.techs,exact,,12,TechProto.Items paired with ItemPoints.,{}
475,item:6002,tech:1809,research_input,formal_game_data,runtime:LDB.techs,exact,,12,TechProto.Items paired with ItemPoints.,{}
476,tech:1809,recipe:126,unlocks_recipe,formal_game_data,runtime:LDB.techs,exact,,,,{}
477,tech:1809,recipe:132,unlocks_recipe,formal_game_data,runtime:LDB.techs,exact,,,,{}
478,tech:1806,tech:1810,pretech_explicit,formal_game_data,runtime:LDB.techs,exact,,,Direct TechProto.PreTechs prerequisite.,"{""target_pretechs_max"":false}"
479,tech:1302,tech:1810,pretech_implicit,formal_game_data,runtime:LDB.techs,exact,,,Direct TechProto.PreTechsImplicit prerequisite not represented as an ordinary displayed prerequisite.,"{""target_pretechs_max"":false}"
480,item:6001,tech:1810,research_input,formal_game_data,runtime:LDB.techs,exact,,10,TechProto.Items paired with ItemPoints.,{}
481,item:6002,tech:1810,research_input,formal_game_data,runtime:LDB.techs,exact,,20,TechProto.Items paired with ItemPoints.,{}
482,tech:1810,recipe:130,unlocks_recipe,formal_game_data,runtime:LDB.techs,exact,,,,{}
483,tech:1810,recipe:158,unlocks_recipe,formal_game_data,runtime:LDB.techs,exact,,,,{}
484,tech:1809,tech:1811,pretech_explicit,formal_game_data,runtime:LDB.techs,exact,,,Direct TechProto.PreTechs prerequisite.,"{""target_pretechs_max"":false}"
485,tech:1126,tech:1811,pretech_implicit,formal_game_data,runtime:LDB.techs,exact,,,Direct TechProto.PreTechsImplicit prerequisite not represented as an ordinary displayed prerequisite.,"{""target_pretechs_max"":false}"
486,item:6001,tech:1811,research_input,formal_game_data,runtime:LDB.techs,exact,,12,TechProto.Items paired with ItemPoints.,{}
487,item:6002,tech:1811,research_input,formal_game_data,runtime:LDB.techs,exact,,12,TechProto.Items paired with ItemPoints.,{}
488,item:6003,tech:1811,research_input,formal_game_data,runtime:LDB.techs,exact,,12,TechProto.Items paired with ItemPoints.,{}
489,item:6004,tech:1811,research_input,formal_game_data,runtime:LDB.techs,exact,,6,TechProto.Items paired with ItemPoints.,{}
490,tech:1811,recipe:128,unlocks_recipe,formal_game_data,runtime:LDB.techs,exact,,,,{}
491,tech:1811,recipe:142,unlocks_recipe,formal_game_data,runtime:LDB.techs,exact,,,,{}
492,tech:1811,recipe:157,unlocks_recipe,formal_game_data,runtime:LDB.techs,exact,,,,{}
493,tech:1801,tech:1812,pretech_explicit,formal_game_data,runtime:LDB.techs,exact,,,Direct TechProto.PreTechs prerequisite.,"{""target_pretechs_max"":false}"
494,tech:1413,tech:1812,pretech_implicit,formal_game_data,runtime:LDB.techs,exact,,,Direct TechProto.PreTechsImplicit prerequisite not represented as an ordinary displayed prerequisite.,"{""target_pretechs_max"":false}"
495,item:6001,tech:1812,research_input,formal_game_data,runtime:LDB.techs,exact,,12,TechProto.Items paired with ItemPoints.,{}
496,item:6002,tech:1812,research_input,formal_game_data,runtime:LDB.techs,exact,,12,TechProto.Items paired with ItemPoints.,{}
497,tech:1812,recipe:137,unlocks_recipe,formal_game_data,runtime:LDB.techs,exact,,,,{}
498,tech:1812,tech:1813,pretech_explicit,formal_game_data,runtime:LDB.techs,exact,,,Direct TechProto.PreTechs prerequisite.,"{""target_pretechs_max"":false}"
499,tech:1414,tech:1813,pretech_implicit,formal_game_data,runtime:LDB.techs,exact,,,Direct TechProto.PreTechsImplicit prerequisite not represented as an ordinary displayed prerequisite.,"{""target_pretechs_max"":false}"
500,item:6001,tech:1813,research_input,formal_game_data,runtime:LDB.techs,exact,,10,TechProto.Items paired with ItemPoints.,{}
501,item:6002,tech:1813,research_input,formal_game_data,runtime:LDB.techs,exact,,10,TechProto.Items paired with ItemPoints.,{}
502,item:6003,tech:1813,research_input,formal_game_data,runtime:LDB.techs,exact,,5,TechProto.Items paired with ItemPoints.,{}
503,tech:1813,recipe:138,unlocks_recipe,formal_game_data,runtime:LDB.techs,exact,,,,{}
504,tech:1807,tech:1814,pretech_explicit,formal_game_data,runtime:LDB.techs,exact,,,Direct TechProto.PreTechs prerequisite.,"{""target_pretechs_max"":false}"
505,tech:1413,tech:1814,pretech_implicit,formal_game_data,runtime:LDB.techs,exact,,,Direct TechProto.PreTechsImplicit prerequisite not represented as an ordinary displayed prerequisite.,"{""target_pretechs_max"":false}"
506,item:6001,tech:1814,research_input,formal_game_data,runtime:LDB.techs,exact,,10,TechProto.Items paired with ItemPoints.,{}
507,item:6002,tech:1814,research_input,formal_game_data,runtime:LDB.techs,exact,,10,TechProto.Items paired with ItemPoints.,{}
508,tech:1814,recipe:140,unlocks_recipe,formal_game_data,runtime:LDB.techs,exact,,,,{}
509,tech:1814,tech:1815,pretech_explicit,formal_game_data,runtime:LDB.techs,exact,,,Direct TechProto.PreTechs prerequisite.,"{""target_pretechs_max"":false}"
510,tech:1113,tech:1815,pretech_implicit,formal_game_data,runtime:LDB.techs,exact,,,Direct TechProto.PreTechsImplicit prerequisite not represented as an ordinary displayed prerequisite.,"{""target_pretechs_max"":false}"
511,item:6001,tech:1815,research_input,formal_game_data,runtime:LDB.techs,exact,,12,TechProto.Items paired with ItemPoints.,{}
512,item:6002,tech:1815,research_input,formal_game_data,runtime:LDB.techs,exact,,12,TechProto.Items paired with ItemPoints.,{}
513,item:6003,tech:1815,research_input,formal_game_data,runtime:LDB.techs,exact,,3,TechProto.Items paired with ItemPoints.,{}
514,tech:1815,recipe:145,unlocks_recipe,formal_game_data,runtime:LDB.techs,exact,,,,{}
515,tech:1815,tech:1816,pretech_explicit,formal_game_data,runtime:LDB.techs,exact,,,Direct TechProto.PreTechs prerequisite.,"{""target_pretechs_max"":false}"
516,tech:1414,tech:1816,pretech_implicit,formal_game_data,runtime:LDB.techs,exact,,,Direct TechProto.PreTechsImplicit prerequisite not represented as an ordinary displayed prerequisite.,"{""target_pretechs_max"":false}"
517,item:6001,tech:1816,research_input,formal_game_data,runtime:LDB.techs,exact,,10,TechProto.Items paired with ItemPoints.,{}
518,item:6002,tech:1816,research_input,formal_game_data,runtime:LDB.techs,exact,,10,TechProto.Items paired with ItemPoints.,{}
519,item:6003,tech:1816,research_input,formal_game_data,runtime:LDB.techs,exact,,10,TechProto.Items paired with ItemPoints.,{}
520,item:6004,tech:1816,research_input,formal_game_data,runtime:LDB.techs,exact,,10,TechProto.Items paired with ItemPoints.,{}
521,tech:1816,recipe:141,unlocks_recipe,formal_game_data,runtime:LDB.techs,exact,,,,{}
522,tech:1816,tech:1817,pretech_explicit,formal_game_data,runtime:LDB.techs,exact,,,Direct TechProto.PreTechs prerequisite.,"{""target_pretechs_max"":false}"
523,tech:1143,tech:1817,pretech_implicit,formal_game_data,runtime:LDB.techs,exact,,,Direct TechProto.PreTechsImplicit prerequisite not represented as an ordinary displayed prerequisite.,"{""target_pretechs_max"":false}"
524,item:6001,tech:1817,research_input,formal_game_data,runtime:LDB.techs,exact,,10,TechProto.Items paired with ItemPoints.,{}
525,item:6002,tech:1817,research_input,formal_game_data,runtime:LDB.techs,exact,,10,TechProto.Items paired with ItemPoints.,{}
526,item:6003,tech:1817,research_input,formal_game_data,runtime:LDB.techs,exact,,10,TechProto.Items paired with ItemPoints.,{}
527,item:6004,tech:1817,research_input,formal_game_data,runtime:LDB.techs,exact,,10,TechProto.Items paired with ItemPoints.,{}
528,item:6005,tech:1817,research_input,formal_game_data,runtime:LDB.techs,exact,,10,TechProto.Items paired with ItemPoints.,{}
529,tech:1817,recipe:146,unlocks_recipe,formal_game_data,runtime:LDB.techs,exact,,,,{}
530,tech:1145,tech:1818,pretech_explicit,formal_game_data,runtime:LDB.techs,exact,,,Direct TechProto.PreTechs prerequisite.,"{""target_pretechs_max"":false}"
531,tech:1811,tech:1818,pretech_explicit,formal_game_data,runtime:LDB.techs,exact,,,Direct TechProto.PreTechs prerequisite.,"{""target_pretechs_max"":false}"
532,item:6001,tech:1818,research_input,formal_game_data,runtime:LDB.techs,exact,,20,TechProto.Items paired with ItemPoints.,{}
533,item:6002,tech:1818,research_input,formal_game_data,runtime:LDB.techs,exact,,20,TechProto.Items paired with ItemPoints.,{}
534,item:6003,tech:1818,research_input,formal_game_data,runtime:LDB.techs,exact,,20,TechProto.Items paired with ItemPoints.,{}
535,item:6004,tech:1818,research_input,formal_game_data,runtime:LDB.techs,exact,,20,TechProto.Items paired with ItemPoints.,{}
536,item:6005,tech:1818,research_input,formal_game_data,runtime:LDB.techs,exact,,20,TechProto.Items paired with ItemPoints.,{}
537,tech:1818,recipe:143,unlocks_recipe,formal_game_data,runtime:LDB.techs,exact,,,,{}
538,tech:1826,tech:1819,pretech_explicit,formal_game_data,runtime:LDB.techs,exact,,,Direct TechProto.PreTechs prerequisite.,"{""target_pretechs_max"":false}"
539,tech:1101,tech:1819,pretech_implicit,formal_game_data,runtime:LDB.techs,exact,,,Direct TechProto.PreTechsImplicit prerequisite not represented as an ordinary displayed prerequisite.,"{""target_pretechs_max"":false}"
540,item:6001,tech:1819,research_input,formal_game_data,runtime:LDB.techs,exact,,10,TechProto.Items paired with ItemPoints.,{}
541,tech:1819,recipe:147,unlocks_recipe,formal_game_data,runtime:LDB.techs,exact,,,,{}
542,tech:1819,function:77,unlocks_function,formal_game_data,runtime:LDB.techs,exact,,1,Function semantics remain an interpretation layer; ID/value are exact runtime data.,{}
543,tech:1819,function:78,unlocks_function,formal_game_data,runtime:LDB.techs,exact,,4,Function semantics remain an interpretation layer; ID/value are exact runtime data.,{}
544,tech:1819,tech:1820,pretech_explicit,formal_game_data,runtime:LDB.techs,exact,,,Direct TechProto.PreTechs prerequisite.,"{""target_pretechs_max"":false}"
545,tech:1502,tech:1820,pretech_implicit,formal_game_data,runtime:LDB.techs,exact,,,Direct TechProto.PreTechsImplicit prerequisite not represented as an ordinary displayed prerequisite.,"{""target_pretechs_max"":false}"
546,item:6001,tech:1820,research_input,formal_game_data,runtime:LDB.techs,exact,,10,TechProto.Items paired with ItemPoints.,{}
547,item:6002,tech:1820,research_input,formal_game_data,runtime:LDB.techs,exact,,10,TechProto.Items paired with ItemPoints.,{}
548,tech:1820,recipe:148,unlocks_recipe,formal_game_data,runtime:LDB.techs,exact,,,,{}
549,tech:1819,tech:1821,pretech_explicit,formal_game_data,runtime:LDB.techs,exact,,,Direct TechProto.PreTechs prerequisite.,"{""target_pretechs_max"":false}"
550,tech:1703,tech:1821,pretech_implicit,formal_game_data,runtime:LDB.techs,exact,,,Direct TechProto.PreTechsImplicit prerequisite not represented as an ordinary displayed prerequisite.,"{""target_pretechs_max"":false}"
551,item:6001,tech:1821,research_input,formal_game_data,runtime:LDB.techs,exact,,10,TechProto.Items paired with ItemPoints.,{}
552,item:6002,tech:1821,research_input,formal_game_data,runtime:LDB.techs,exact,,10,TechProto.Items paired with ItemPoints.,{}
553,item:6003,tech:1821,research_input,formal_game_data,runtime:LDB.techs,exact,,10,TechProto.Items paired with ItemPoints.,{}
554,tech:1821,recipe:149,unlocks_recipe,formal_game_data,runtime:LDB.techs,exact,,,,{}
555,tech:1809,tech:1822,pretech_explicit,formal_game_data,runtime:LDB.techs,exact,,,Direct TechProto.PreTechs prerequisite.,"{""target_pretechs_max"":false}"
556,tech:1820,tech:1822,pretech_explicit,formal_game_data,runtime:LDB.techs,exact,,,Direct TechProto.PreTechs prerequisite.,"{""target_pretechs_max"":false}"
557,item:6001,tech:1822,research_input,formal_game_data,runtime:LDB.techs,exact,,10,TechProto.Items paired with ItemPoints.,{}
558,item:6002,tech:1822,research_input,formal_game_data,runtime:LDB.techs,exact,,10,TechProto.Items paired with ItemPoints.,{}
559,item:6003,tech:1822,research_input,formal_game_data,runtime:LDB.techs,exact,,10,TechProto.Items paired with ItemPoints.,{}
560,item:6004,tech:1822,research_input,formal_game_data,runtime:LDB.techs,exact,,10,TechProto.Items paired with ItemPoints.,{}
561,tech:1822,recipe:150,unlocks_recipe,formal_game_data,runtime:LDB.techs,exact,,,,{}
562,tech:1822,function:79,unlocks_function,formal_game_data,runtime:LDB.techs,exact,,1,Function semantics remain an interpretation layer; ID/value are exact runtime data.,{}
563,tech:1822,function:80,unlocks_function,formal_game_data,runtime:LDB.techs,exact,,4,Function semantics remain an interpretation layer; ID/value are exact runtime data.,{}
564,tech:1822,tech:1823,pretech_explicit,formal_game_data,runtime:LDB.techs,exact,,,Direct TechProto.PreTechs prerequisite.,"{""target_pretechs_max"":false}"
565,tech:1821,tech:1823,pretech_explicit,formal_game_data,runtime:LDB.techs,exact,,,Direct TechProto.PreTechs prerequisite.,"{""target_pretechs_max"":false}"
566,item:6001,tech:1823,research_input,formal_game_data,runtime:LDB.techs,exact,,10,TechProto.Items paired with ItemPoints.,{}
567,item:6002,tech:1823,research_input,formal_game_data,runtime:LDB.techs,exact,,10,TechProto.Items paired with ItemPoints.,{}
568,item:6003,tech:1823,research_input,formal_game_data,runtime:LDB.techs,exact,,10,TechProto.Items paired with ItemPoints.,{}
569,item:6004,tech:1823,research_input,formal_game_data,runtime:LDB.techs,exact,,10,TechProto.Items paired with ItemPoints.,{}
570,item:6005,tech:1823,research_input,formal_game_data,runtime:LDB.techs,exact,,10,TechProto.Items paired with ItemPoints.,{}
571,tech:1823,recipe:151,unlocks_recipe,formal_game_data,runtime:LDB.techs,exact,,,,{}
572,tech:1810,tech:1824,pretech_explicit,formal_game_data,runtime:LDB.techs,exact,,,Direct TechProto.PreTechs prerequisite.,"{""target_pretechs_max"":false}"
573,item:6001,tech:1824,research_input,formal_game_data,runtime:LDB.techs,exact,,10,TechProto.Items paired with ItemPoints.,{}
574,item:6002,tech:1824,research_input,formal_game_data,runtime:LDB.techs,exact,,10,TechProto.Items paired with ItemPoints.,{}
575,item:6003,tech:1824,research_input,formal_game_data,runtime:LDB.techs,exact,,10,TechProto.Items paired with ItemPoints.,{}
576,tech:1824,recipe:159,unlocks_recipe,formal_game_data,runtime:LDB.techs,exact,,,,{}
577,tech:1801,tech:1826,pretech_explicit,formal_game_data,runtime:LDB.techs,exact,,,Direct TechProto.PreTechs prerequisite.,"{""target_pretechs_max"":false}"
578,tech:1805,tech:1826,pretech_explicit,formal_game_data,runtime:LDB.techs,exact,,,Direct TechProto.PreTechs prerequisite.,"{""target_pretechs_max"":false}"
579,item:6001,tech:1826,research_input,formal_game_data,runtime:LDB.techs,exact,,10,TechProto.Items paired with ItemPoints.,{}
580,tech:1826,recipe:152,unlocks_recipe,formal_game_data,runtime:LDB.techs,exact,,,,{}
581,tech:1312,tech:1901,pretech_explicit,formal_game_data,runtime:LDB.techs,exact,,,Direct TechProto.PreTechs prerequisite.,"{""target_pretechs_max"":false}"
582,item:5202,tech:1901,preitem_gate,formal_game_data,runtime:LDB.techs,exact,,,TechProto.PreItem gate; especially important for hidden/event-dependent technologies.,{}
583,item:5201,tech:1901,research_input,formal_game_data,runtime:LDB.techs,exact,,120,TechProto.Items paired with ItemPoints.,{}
584,tech:1901,recipe:153,unlocks_recipe,formal_game_data,runtime:LDB.techs,exact,,,,{}
585,tech:1203,tech:1902,pretech_explicit,formal_game_data,runtime:LDB.techs,exact,,,Direct TechProto.PreTechs prerequisite.,"{""target_pretechs_max"":false}"
586,item:5203,tech:1902,preitem_gate,formal_game_data,runtime:LDB.techs,exact,,,TechProto.PreItem gate; especially important for hidden/event-dependent technologies.,{}
587,item:5201,tech:1902,research_input,formal_game_data,runtime:LDB.techs,exact,,120,TechProto.Items paired with ItemPoints.,{}
588,tech:1902,recipe:154,unlocks_recipe,formal_game_data,runtime:LDB.techs,exact,,,,{}
589,tech:1417,tech:1903,pretech_explicit,formal_game_data,runtime:LDB.techs,exact,,,Direct TechProto.PreTechs prerequisite.,"{""target_pretechs_max"":false}"
590,item:5204,tech:1903,preitem_gate,formal_game_data,runtime:LDB.techs,exact,,,TechProto.PreItem gate; especially important for hidden/event-dependent technologies.,{}
591,item:5201,tech:1903,research_input,formal_game_data,runtime:LDB.techs,exact,,120,TechProto.Items paired with ItemPoints.,{}
592,tech:1903,recipe:155,unlocks_recipe,formal_game_data,runtime:LDB.techs,exact,,,,{}
593,tech:1145,tech:1904,pretech_explicit,formal_game_data,runtime:LDB.techs,exact,,,Direct TechProto.PreTechs prerequisite.,"{""target_pretechs_max"":false}"
594,item:5205,tech:1904,preitem_gate,formal_game_data,runtime:LDB.techs,exact,,,TechProto.PreItem gate; especially important for hidden/event-dependent technologies.,{}
595,item:5201,tech:1904,research_input,formal_game_data,runtime:LDB.techs,exact,,120,TechProto.Items paired with ItemPoints.,{}
596,tech:1904,recipe:156,unlocks_recipe,formal_game_data,runtime:LDB.techs,exact,,,,{}
597,item:1101,tech:2101,research_input,formal_game_data,runtime:LDB.techs,exact,,20,TechProto.Items paired with ItemPoints.,{}
598,item:1104,tech:2101,research_input,formal_game_data,runtime:LDB.techs,exact,,20,TechProto.Items paired with ItemPoints.,{}
599,tech:2101,function:6,unlocks_function,formal_game_data,runtime:LDB.techs,exact,,80000000,Function semantics remain an interpretation layer; ID/value are exact runtime data.,{}
600,tech:2101,function:81,unlocks_function,formal_game_data,runtime:LDB.techs,exact,,30000,Function semantics remain an interpretation layer; ID/value are exact runtime data.,{}
601,tech:2101,function:82,unlocks_function,formal_game_data,runtime:LDB.techs,exact,,1,Function semantics remain an interpretation layer; ID/value are exact runtime data.,{}
602,tech:2101,tech:2102,pretech_explicit,formal_game_data,runtime:LDB.techs,exact,,,Direct TechProto.PreTechs prerequisite.,"{""target_pretechs_max"":false}"
603,item:6001,tech:2102,research_input,formal_game_data,runtime:LDB.techs,exact,,10,TechProto.Items paired with ItemPoints.,{}
604,item:6002,tech:2102,research_input,formal_game_data,runtime:LDB.techs,exact,,10,TechProto.Items paired with ItemPoints.,{}
605,tech:2102,function:6,unlocks_function,formal_game_data,runtime:LDB.techs,exact,,200000000,Function semantics remain an interpretation layer; ID/value are exact runtime data.,{}
606,tech:2102,function:81,unlocks_function,formal_game_data,runtime:LDB.techs,exact,,30000,Function semantics remain an interpretation layer; ID/value are exact runtime data.,{}
607,tech:2102,function:82,unlocks_function,formal_game_data,runtime:LDB.techs,exact,,1,Function semantics remain an interpretation layer; ID/value are exact runtime data.,{}
608,tech:2102,function:83,unlocks_function,formal_game_data,runtime:LDB.techs,exact,,200,Function semantics remain an interpretation layer; ID/value are exact runtime data.,{}
609,tech:2102,tech:2103,pretech_explicit,formal_game_data,runtime:LDB.techs,exact,,,Direct TechProto.PreTechs prerequisite.,"{""target_pretechs_max"":false}"
610,item:6001,tech:2103,research_input,formal_game_data,runtime:LDB.techs,exact,,10,TechProto.Items paired with ItemPoints.,{}
611,item:6002,tech:2103,research_input,formal_game_data,runtime:LDB.techs,exact,,10,TechProto.Items paired with ItemPoints.,{}
612,item:6003,tech:2103,research_input,formal_game_data,runtime:LDB.techs,exact,,10,TechProto.Items paired with ItemPoints.,{}
613,tech:2103,function:6,unlocks_function,formal_game_data,runtime:LDB.techs,exact,,400000000,Function semantics remain an interpretation layer; ID/value are exact runtime data.,{}
614,tech:2103,function:81,unlocks_function,formal_game_data,runtime:LDB.techs,exact,,30000,Function semantics remain an interpretation layer; ID/value are exact runtime data.,{}
615,tech:2103,function:82,unlocks_function,formal_game_data,runtime:LDB.techs,exact,,2,Function semantics remain an interpretation layer; ID/value are exact runtime data.,{}
616,tech:2103,function:83,unlocks_function,formal_game_data,runtime:LDB.techs,exact,,200,Function semantics remain an interpretation layer; ID/value are exact runtime data.,{}
617,tech:2103,tech:2104,pretech_explicit,formal_game_data,runtime:LDB.techs,exact,,,Direct TechProto.PreTechs prerequisite.,"{""target_pretechs_max"":false}"
618,item:6001,tech:2104,research_input,formal_game_data,runtime:LDB.techs,exact,,6,TechProto.Items paired with ItemPoints.,{}
619,item:6002,tech:2104,research_input,formal_game_data,runtime:LDB.techs,exact,,6,TechProto.Items paired with ItemPoints.,{}
620,item:6003,tech:2104,research_input,formal_game_data,runtime:LDB.techs,exact,,6,TechProto.Items paired with ItemPoints.,{}
621,item:6004,tech:2104,research_input,formal_game_data,runtime:LDB.techs,exact,,6,TechProto.Items paired with ItemPoints.,{}
622,tech:2104,function:6,unlocks_function,formal_game_data,runtime:LDB.techs,exact,,800000000,Function semantics remain an interpretation layer; ID/value are exact runtime data.,{}
623,tech:2104,function:81,unlocks_function,formal_game_data,runtime:LDB.techs,exact,,30000,Function semantics remain an interpretation layer; ID/value are exact runtime data.,{}
624,tech:2104,function:82,unlocks_function,formal_game_data,runtime:LDB.techs,exact,,2,Function semantics remain an interpretation layer; ID/value are exact runtime data.,{}
625,tech:2104,function:83,unlocks_function,formal_game_data,runtime:LDB.techs,exact,,200,Function semantics remain an interpretation layer; ID/value are exact runtime data.,{}
626,tech:2104,tech:2105,pretech_explicit,formal_game_data,runtime:LDB.techs,exact,,,Direct TechProto.PreTechs prerequisite.,"{""target_pretechs_max"":false}"
627,item:6001,tech:2105,research_input,formal_game_data,runtime:LDB.techs,exact,,2,TechProto.Items paired with ItemPoints.,{}
628,item:6002,tech:2105,research_input,formal_game_data,runtime:LDB.techs,exact,,2,TechProto.Items paired with ItemPoints.,{}
629,item:6003,tech:2105,research_input,formal_game_data,runtime:LDB.techs,exact,,2,TechProto.Items paired with ItemPoints.,{}
630,item:6004,tech:2105,research_input,formal_game_data,runtime:LDB.techs,exact,,2,TechProto.Items paired with ItemPoints.,{}
631,item:6005,tech:2105,research_input,formal_game_data,runtime:LDB.techs,exact,,2,TechProto.Items paired with ItemPoints.,{}
632,tech:2105,function:6,unlocks_function,formal_game_data,runtime:LDB.techs,exact,,1600000000,Function semantics remain an interpretation layer; ID/value are exact runtime data.,{}
633,tech:2105,function:81,unlocks_function,formal_game_data,runtime:LDB.techs,exact,,30000,Function semantics remain an interpretation layer; ID/value are exact runtime data.,{}
634,tech:2105,function:82,unlocks_function,formal_game_data,runtime:LDB.techs,exact,,2,Function semantics remain an interpretation layer; ID/value are exact runtime data.,{}
635,tech:2105,function:83,unlocks_function,formal_game_data,runtime:LDB.techs,exact,,200,Function semantics remain an interpretation layer; ID/value are exact runtime data.,{}
636,tech:2105,tech:2106,pretech_explicit,formal_game_data,runtime:LDB.techs,exact,,,Direct TechProto.PreTechs prerequisite.,"{""target_pretechs_max"":false}"
637,item:6006,tech:2106,research_input,formal_game_data,runtime:LDB.techs,exact,,2,TechProto.Items paired with ItemPoints.,{}
638,tech:2106,function:6,unlocks_function,formal_game_data,runtime:LDB.techs,exact,,2400000000,Function semantics remain an interpretation layer; ID/value are exact runtime data.,{}
639,tech:2106,function:81,unlocks_function,formal_game_data,runtime:LDB.techs,exact,,20000,Function semantics remain an interpretation layer; ID/value are exact runtime data.,{}
640,tech:2106,function:83,unlocks_function,formal_game_data,runtime:LDB.techs,exact,,200,Function semantics remain an interpretation layer; ID/value are exact runtime data.,{}
641,tech:2101,tech:2201,pretech_implicit,formal_game_data,runtime:LDB.techs,exact,,,Direct TechProto.PreTechsImplicit prerequisite not represented as an ordinary displayed prerequisite.,"{""target_pretechs_max"":false}"
642,item:1203,tech:2201,research_input,formal_game_data,runtime:LDB.techs,exact,,30,TechProto.Items paired with ItemPoints.,{}
643,tech:2201,function:3,unlocks_function,formal_game_data,runtime:LDB.techs,exact,,1,Function semantics remain an interpretation layer; ID/value are exact runtime data.,{}
644,tech:2201,tech:2202,pretech_explicit,formal_game_data,runtime:LDB.techs,exact,,,Direct TechProto.PreTechs prerequisite.,"{""target_pretechs_max"":false}"
645,tech:2101,tech:2202,pretech_implicit,formal_game_data,runtime:LDB.techs,exact,,,Direct TechProto.PreTechsImplicit prerequisite not represented as an ordinary displayed prerequisite.,"{""target_pretechs_max"":false}"
646,item:6001,tech:2202,research_input,formal_game_data,runtime:LDB.techs,exact,,20,TechProto.Items paired with ItemPoints.,{}
647,item:6002,tech:2202,research_input,formal_game_data,runtime:LDB.techs,exact,,20,TechProto.Items paired with ItemPoints.,{}
648,tech:2202,function:3,unlocks_function,formal_game_data,runtime:LDB.techs,exact,,1,Function semantics remain an interpretation layer; ID/value are exact runtime data.,{}
649,tech:2202,tech:2203,pretech_explicit,formal_game_data,runtime:LDB.techs,exact,,,Direct TechProto.PreTechs prerequisite.,"{""target_pretechs_max"":false}"
650,tech:2102,tech:2203,pretech_implicit,formal_game_data,runtime:LDB.techs,exact,,,Direct TechProto.PreTechsImplicit prerequisite not represented as an ordinary displayed prerequisite.,"{""target_pretechs_max"":false}"
651,item:6001,tech:2203,research_input,formal_game_data,runtime:LDB.techs,exact,,20,TechProto.Items paired with ItemPoints.,{}
652,item:6002,tech:2203,research_input,formal_game_data,runtime:LDB.techs,exact,,20,TechProto.Items paired with ItemPoints.,{}
653,tech:2203,function:3,unlocks_function,formal_game_data,runtime:LDB.techs,exact,,1,Function semantics remain an interpretation layer; ID/value are exact runtime data.,{}
654,tech:2203,tech:2204,pretech_explicit,formal_game_data,runtime:LDB.techs,exact,,,Direct TechProto.PreTechs prerequisite.,"{""target_pretechs_max"":false}"
655,tech:2102,tech:2204,pretech_implicit,formal_game_data,runtime:LDB.techs,exact,,,Direct TechProto.PreTechsImplicit prerequisite not represented as an ordinary displayed prerequisite.,"{""target_pretechs_max"":false}"
656,item:6001,tech:2204,research_input,formal_game_data,runtime:LDB.techs,exact,,12,TechProto.Items paired with ItemPoints.,{}
657,item:6002,tech:2204,research_input,formal_game_data,runtime:LDB.techs,exact,,12,TechProto.Items paired with ItemPoints.,{}
658,item:6003,tech:2204,research_input,formal_game_data,runtime:LDB.techs,exact,,12,TechProto.Items paired with ItemPoints.,{}
659,tech:2204,function:3,unlocks_function,formal_game_data,runtime:LDB.techs,exact,,1,Function semantics remain an interpretation layer; ID/value are exact runtime data.,{}
660,tech:2204,tech:2205,pretech_explicit,formal_game_data,runtime:LDB.techs,exact,,,Direct TechProto.PreTechs prerequisite.,"{""target_pretechs_max"":false}"
661,tech:2103,tech:2205,pretech_implicit,formal_game_data,runtime:LDB.techs,exact,,,Direct TechProto.PreTechsImplicit prerequisite not represented as an ordinary displayed prerequisite.,"{""target_pretechs_max"":false}"
662,item:6001,tech:2205,research_input,formal_game_data,runtime:LDB.techs,exact,,12,TechProto.Items paired with ItemPoints.,{}
663,item:6002,tech:2205,research_input,formal_game_data,runtime:LDB.techs,exact,,12,TechProto.Items paired with ItemPoints.,{}
664,item:6003,tech:2205,research_input,formal_game_data,runtime:LDB.techs,exact,,12,TechProto.Items paired with ItemPoints.,{}
665,tech:2205,function:3,unlocks_function,formal_game_data,runtime:LDB.techs,exact,,1,Function semantics remain an interpretation layer; ID/value are exact runtime data.,{}
666,tech:2205,tech:2206,pretech_explicit,formal_game_data,runtime:LDB.techs,exact,,,Direct TechProto.PreTechs prerequisite.,"{""target_pretechs_max"":false}"
667,tech:2104,tech:2206,pretech_implicit,formal_game_data,runtime:LDB.techs,exact,,,Direct TechProto.PreTechsImplicit prerequisite not represented as an ordinary displayed prerequisite.,"{""target_pretechs_max"":false}"
668,item:6001,tech:2206,research_input,formal_game_data,runtime:LDB.techs,exact,,12,TechProto.Items paired with ItemPoints.,{}
669,item:6002,tech:2206,research_input,formal_game_data,runtime:LDB.techs,exact,,12,TechProto.Items paired with ItemPoints.,{}
670,item:6003,tech:2206,research_input,formal_game_data,runtime:LDB.techs,exact,,12,TechProto.Items paired with ItemPoints.,{}
671,item:6004,tech:2206,research_input,formal_game_data,runtime:LDB.techs,exact,,12,TechProto.Items paired with ItemPoints.,{}
672,tech:2206,function:3,unlocks_function,formal_game_data,runtime:LDB.techs,exact,,1,Function semantics remain an interpretation layer; ID/value are exact runtime data.,{}
673,tech:2206,tech:2207,pretech_explicit,formal_game_data,runtime:LDB.techs,exact,,,Direct TechProto.PreTechs prerequisite.,"{""target_pretechs_max"":false}"
674,tech:2104,tech:2207,pretech_implicit,formal_game_data,runtime:LDB.techs,exact,,,Direct TechProto.PreTechsImplicit prerequisite not represented as an ordinary displayed prerequisite.,"{""target_pretechs_max"":false}"
675,item:6001,tech:2207,research_input,formal_game_data,runtime:LDB.techs,exact,,12,TechProto.Items paired with ItemPoints.,{}
676,item:6002,tech:2207,research_input,formal_game_data,runtime:LDB.techs,exact,,12,TechProto.Items paired with ItemPoints.,{}
677,item:6003,tech:2207,research_input,formal_game_data,runtime:LDB.techs,exact,,12,TechProto.Items paired with ItemPoints.,{}
678,item:6004,tech:2207,research_input,formal_game_data,runtime:LDB.techs,exact,,12,TechProto.Items paired with ItemPoints.,{}
679,tech:2207,function:3,unlocks_function,formal_game_data,runtime:LDB.techs,exact,,2,Function semantics remain an interpretation layer; ID/value are exact runtime data.,{}
680,tech:2207,tech:2208,pretech_explicit,formal_game_data,runtime:LDB.techs,exact,,,Direct TechProto.PreTechs prerequisite.,"{""target_pretechs_max"":false}"
681,tech:2105,tech:2208,pretech_implicit,formal_game_data,runtime:LDB.techs,exact,,,Direct TechProto.PreTechsImplicit prerequisite not represented as an ordinary displayed prerequisite.,"{""target_pretechs_max"":false}"
682,item:6001,tech:2208,research_input,formal_game_data,runtime:LDB.techs,exact,,6,TechProto.Items paired with ItemPoints.,{}
683,item:6002,tech:2208,research_input,formal_game_data,runtime:LDB.techs,exact,,6,TechProto.Items paired with ItemPoints.,{}
684,item:6003,tech:2208,research_input,formal_game_data,runtime:LDB.techs,exact,,6,TechProto.Items paired with ItemPoints.,{}
685,item:6004,tech:2208,research_input,formal_game_data,runtime:LDB.techs,exact,,6,TechProto.Items paired with ItemPoints.,{}
686,item:6005,tech:2208,research_input,formal_game_data,runtime:LDB.techs,exact,,6,TechProto.Items paired with ItemPoints.,{}
687,tech:2208,function:3,unlocks_function,formal_game_data,runtime:LDB.techs,exact,,2,Function semantics remain an interpretation layer; ID/value are exact runtime data.,{}
688,tech:2101,tech:2301,pretech_implicit,formal_game_data,runtime:LDB.techs,exact,,,Direct TechProto.PreTechsImplicit prerequisite not represented as an ordinary displayed prerequisite.,"{""target_pretechs_max"":false}"
689,item:1103,tech:2301,research_input,formal_game_data,runtime:LDB.techs,exact,,60,TechProto.Items paired with ItemPoints.,{}
690,item:1301,tech:2301,research_input,formal_game_data,runtime:LDB.techs,exact,,60,TechProto.Items paired with ItemPoints.,{}
691,tech:2301,function:5,unlocks_function,formal_game_data,runtime:LDB.techs,exact,,1,Function semantics remain an interpretation layer; ID/value are exact runtime data.,{}
692,tech:2301,tech:2302,pretech_explicit,formal_game_data,runtime:LDB.techs,exact,,,Direct TechProto.PreTechs prerequisite.,"{""target_pretechs_max"":false}"
693,tech:2101,tech:2302,pretech_implicit,formal_game_data,runtime:LDB.techs,exact,,,Direct TechProto.PreTechsImplicit prerequisite not represented as an ordinary displayed prerequisite.,"{""target_pretechs_max"":false}"
694,item:6001,tech:2302,research_input,formal_game_data,runtime:LDB.techs,exact,,20,TechProto.Items paired with ItemPoints.,{}
695,item:6002,tech:2302,research_input,formal_game_data,runtime:LDB.techs,exact,,20,TechProto.Items paired with ItemPoints.,{}
696,tech:2302,function:5,unlocks_function,formal_game_data,runtime:LDB.techs,exact,,1,Function semantics remain an interpretation layer; ID/value are exact runtime data.,{}
697,tech:2302,tech:2303,pretech_explicit,formal_game_data,runtime:LDB.techs,exact,,,Direct TechProto.PreTechs prerequisite.,"{""target_pretechs_max"":false}"
698,tech:2102,tech:2303,pretech_implicit,formal_game_data,runtime:LDB.techs,exact,,,Direct TechProto.PreTechsImplicit prerequisite not represented as an ordinary displayed prerequisite.,"{""target_pretechs_max"":false}"
699,item:6001,tech:2303,research_input,formal_game_data,runtime:LDB.techs,exact,,20,TechProto.Items paired with ItemPoints.,{}
700,item:6002,tech:2303,research_input,formal_game_data,runtime:LDB.techs,exact,,20,TechProto.Items paired with ItemPoints.,{}
701,item:6003,tech:2303,research_input,formal_game_data,runtime:LDB.techs,exact,,20,TechProto.Items paired with ItemPoints.,{}
702,tech:2303,function:5,unlocks_function,formal_game_data,runtime:LDB.techs,exact,,1,Function semantics remain an interpretation layer; ID/value are exact runtime data.,{}
703,tech:2303,function:33,unlocks_function,formal_game_data,runtime:LDB.techs,exact,,2,Function semantics remain an interpretation layer; ID/value are exact runtime data.,{}
704,tech:2303,tech:2304,pretech_explicit,formal_game_data,runtime:LDB.techs,exact,,,Direct TechProto.PreTechs prerequisite.,"{""target_pretechs_max"":false}"
705,tech:2102,tech:2304,pretech_implicit,formal_game_data,runtime:LDB.techs,exact,,,Direct TechProto.PreTechsImplicit prerequisite not represented as an ordinary displayed prerequisite.,"{""target_pretechs_max"":false}"
706,item:6001,tech:2304,research_input,formal_game_data,runtime:LDB.techs,exact,,12,TechProto.Items paired with ItemPoints.,{}
707,item:6002,tech:2304,research_input,formal_game_data,runtime:LDB.techs,exact,,12,TechProto.Items paired with ItemPoints.,{}
708,item:6003,tech:2304,research_input,formal_game_data,runtime:LDB.techs,exact,,12,TechProto.Items paired with ItemPoints.,{}
709,tech:2304,function:5,unlocks_function,formal_game_data,runtime:LDB.techs,exact,,1,Function semantics remain an interpretation layer; ID/value are exact runtime data.,{}
710,tech:2304,function:32,unlocks_function,formal_game_data,runtime:LDB.techs,exact,,1,Function semantics remain an interpretation layer; ID/value are exact runtime data.,{}
711,tech:2304,function:33,unlocks_function,formal_game_data,runtime:LDB.techs,exact,,2,Function semantics remain an interpretation layer; ID/value are exact runtime data.,{}
712,tech:2304,tech:2305,pretech_explicit,formal_game_data,runtime:LDB.techs,exact,,,Direct TechProto.PreTechs prerequisite.,"{""target_pretechs_max"":false}"
713,tech:2103,tech:2305,pretech_implicit,formal_game_data,runtime:LDB.techs,exact,,,Direct TechProto.PreTechsImplicit prerequisite not represented as an ordinary displayed prerequisite.,"{""target_pretechs_max"":false}"
714,item:6001,tech:2305,research_input,formal_game_data,runtime:LDB.techs,exact,,12,TechProto.Items paired with ItemPoints.,{}
715,item:6002,tech:2305,research_input,formal_game_data,runtime:LDB.techs,exact,,12,TechProto.Items paired with ItemPoints.,{}
716,item:6003,tech:2305,research_input,formal_game_data,runtime:LDB.techs,exact,,12,TechProto.Items paired with ItemPoints.,{}
717,tech:2305,function:5,unlocks_function,formal_game_data,runtime:LDB.techs,exact,,2,Function semantics remain an interpretation layer; ID/value are exact runtime data.,{}
718,tech:2305,function:33,unlocks_function,formal_game_data,runtime:LDB.techs,exact,,2,Function semantics remain an interpretation layer; ID/value are exact runtime data.,{}
719,tech:2305,tech:2306,pretech_explicit,formal_game_data,runtime:LDB.techs,exact,,,Direct TechProto.PreTechs prerequisite.,"{""target_pretechs_max"":false}"
720,tech:2105,tech:2306,pretech_implicit,formal_game_data,runtime:LDB.techs,exact,,,Direct TechProto.PreTechsImplicit prerequisite not represented as an ordinary displayed prerequisite.,"{""target_pretechs_max"":false}"
721,item:6001,tech:2306,research_input,formal_game_data,runtime:LDB.techs,exact,,6,TechProto.Items paired with ItemPoints.,{}
722,item:6002,tech:2306,research_input,formal_game_data,runtime:LDB.techs,exact,,6,TechProto.Items paired with ItemPoints.,{}
723,item:6003,tech:2306,research_input,formal_game_data,runtime:LDB.techs,exact,,6,TechProto.Items paired with ItemPoints.,{}
724,item:6004,tech:2306,research_input,formal_game_data,runtime:LDB.techs,exact,,6,TechProto.Items paired with ItemPoints.,{}
725,item:6005,tech:2306,research_input,formal_game_data,runtime:LDB.techs,exact,,6,TechProto.Items paired with ItemPoints.,{}
726,tech:2306,function:5,unlocks_function,formal_game_data,runtime:LDB.techs,exact,,2,Function semantics remain an interpretation layer; ID/value are exact runtime data.,{}
727,tech:2306,function:33,unlocks_function,formal_game_data,runtime:LDB.techs,exact,,2,Function semantics remain an interpretation layer; ID/value are exact runtime data.,{}
728,tech:2306,tech:2307,pretech_explicit,formal_game_data,runtime:LDB.techs,exact,,,Direct TechProto.PreTechs prerequisite.,"{""target_pretechs_max"":false}"
729,item:6006,tech:2307,research_input,formal_game_data,runtime:LDB.techs,exact,,6,TechProto.Items paired with ItemPoints.,{}
730,tech:2307,function:38,unlocks_function,formal_game_data,runtime:LDB.techs,exact,,2,Function semantics remain an interpretation layer; ID/value are exact runtime data.,{}
731,tech:2307,function:32,unlocks_function,formal_game_data,runtime:LDB.techs,exact,,1,Function semantics remain an interpretation layer; ID/value are exact runtime data.,{}
732,tech:2101,tech:2401,pretech_implicit,formal_game_data,runtime:LDB.techs,exact,,,Direct TechProto.PreTechsImplicit prerequisite not represented as an ordinary displayed prerequisite.,"{""target_pretechs_max"":false}"
733,item:6001,tech:2401,research_input,formal_game_data,runtime:LDB.techs,exact,,40,TechProto.Items paired with ItemPoints.,{}
734,tech:2401,function:1,unlocks_function,formal_game_data,runtime:LDB.techs,exact,,1,Function semantics remain an interpretation layer; ID/value are exact runtime data.,{}
735,tech:2401,tech:2402,pretech_explicit,formal_game_data,runtime:LDB.techs,exact,,,Direct TechProto.PreTechs prerequisite.,"{""target_pretechs_max"":false}"
736,tech:2101,tech:2402,pretech_implicit,formal_game_data,runtime:LDB.techs,exact,,,Direct TechProto.PreTechsImplicit prerequisite not represented as an ordinary displayed prerequisite.,"{""target_pretechs_max"":false}"
737,item:6001,tech:2402,research_input,formal_game_data,runtime:LDB.techs,exact,,20,TechProto.Items paired with ItemPoints.,{}
738,item:6002,tech:2402,research_input,formal_game_data,runtime:LDB.techs,exact,,20,TechProto.Items paired with ItemPoints.,{}
739,tech:2402,function:1,unlocks_function,formal_game_data,runtime:LDB.techs,exact,,2,Function semantics remain an interpretation layer; ID/value are exact runtime data.,{}
740,tech:2402,tech:2403,pretech_explicit,formal_game_data,runtime:LDB.techs,exact,,,Direct TechProto.PreTechs prerequisite.,"{""target_pretechs_max"":false}"
741,tech:2102,tech:2403,pretech_implicit,formal_game_data,runtime:LDB.techs,exact,,,Direct TechProto.PreTechsImplicit prerequisite not represented as an ordinary displayed prerequisite.,"{""target_pretechs_max"":false}"
742,item:6001,tech:2403,research_input,formal_game_data,runtime:LDB.techs,exact,,20,TechProto.Items paired with ItemPoints.,{}
743,item:6002,tech:2403,research_input,formal_game_data,runtime:LDB.techs,exact,,20,TechProto.Items paired with ItemPoints.,{}
744,tech:2403,function:9,unlocks_function,formal_game_data,runtime:LDB.techs,exact,,1,Function semantics remain an interpretation layer; ID/value are exact runtime data.,{}
745,tech:2403,tech:2404,pretech_explicit,formal_game_data,runtime:LDB.techs,exact,,,Direct TechProto.PreTechs prerequisite.,"{""target_pretechs_max"":false}"
746,tech:2103,tech:2404,pretech_implicit,formal_game_data,runtime:LDB.techs,exact,,,Direct TechProto.PreTechsImplicit prerequisite not represented as an ordinary displayed prerequisite.,"{""target_pretechs_max"":false}"
747,item:6001,tech:2404,research_input,formal_game_data,runtime:LDB.techs,exact,,12,TechProto.Items paired with ItemPoints.,{}
748,item:6002,tech:2404,research_input,formal_game_data,runtime:LDB.techs,exact,,12,TechProto.Items paired with ItemPoints.,{}
749,item:6003,tech:2404,research_input,formal_game_data,runtime:LDB.techs,exact,,12,TechProto.Items paired with ItemPoints.,{}
750,tech:2404,function:1,unlocks_function,formal_game_data,runtime:LDB.techs,exact,,3,Function semantics remain an interpretation layer; ID/value are exact runtime data.,{}
751,tech:2404,tech:2405,pretech_explicit,formal_game_data,runtime:LDB.techs,exact,,,Direct TechProto.PreTechs prerequisite.,"{""target_pretechs_max"":false}"
752,tech:2104,tech:2405,pretech_implicit,formal_game_data,runtime:LDB.techs,exact,,,Direct TechProto.PreTechsImplicit prerequisite not represented as an ordinary displayed prerequisite.,"{""target_pretechs_max"":false}"
753,item:6001,tech:2405,research_input,formal_game_data,runtime:LDB.techs,exact,,12,TechProto.Items paired with ItemPoints.,{}
754,item:6002,tech:2405,research_input,formal_game_data,runtime:LDB.techs,exact,,12,TechProto.Items paired with ItemPoints.,{}
755,item:6003,tech:2405,research_input,formal_game_data,runtime:LDB.techs,exact,,12,TechProto.Items paired with ItemPoints.,{}
756,item:6004,tech:2405,research_input,formal_game_data,runtime:LDB.techs,exact,,12,TechProto.Items paired with ItemPoints.,{}
757,tech:2405,function:1,unlocks_function,formal_game_data,runtime:LDB.techs,exact,,3,Function semantics remain an interpretation layer; ID/value are exact runtime data.,{}
758,tech:2405,tech:2406,pretech_explicit,formal_game_data,runtime:LDB.techs,exact,,,Direct TechProto.PreTechs prerequisite.,"{""target_pretechs_max"":false}"
759,tech:2105,tech:2406,pretech_implicit,formal_game_data,runtime:LDB.techs,exact,,,Direct TechProto.PreTechsImplicit prerequisite not represented as an ordinary displayed prerequisite.,"{""target_pretechs_max"":false}"
760,item:6001,tech:2406,research_input,formal_game_data,runtime:LDB.techs,exact,,4,TechProto.Items paired with ItemPoints.,{}
761,item:6002,tech:2406,research_input,formal_game_data,runtime:LDB.techs,exact,,4,TechProto.Items paired with ItemPoints.,{}
762,item:6003,tech:2406,research_input,formal_game_data,runtime:LDB.techs,exact,,4,TechProto.Items paired with ItemPoints.,{}
763,item:6004,tech:2406,research_input,formal_game_data,runtime:LDB.techs,exact,,4,TechProto.Items paired with ItemPoints.,{}
764,item:6005,tech:2406,research_input,formal_game_data,runtime:LDB.techs,exact,,4,TechProto.Items paired with ItemPoints.,{}
765,tech:2406,function:9,unlocks_function,formal_game_data,runtime:LDB.techs,exact,,2,Function semantics remain an interpretation layer; ID/value are exact runtime data.,{}
766,tech:2406,tech:2407,pretech_explicit,formal_game_data,runtime:LDB.techs,exact,,,Direct TechProto.PreTechs prerequisite.,"{""target_pretechs_max"":false}"
767,tech:2105,tech:2407,pretech_implicit,formal_game_data,runtime:LDB.techs,exact,,,Direct TechProto.PreTechsImplicit prerequisite not represented as an ordinary displayed prerequisite.,"{""target_pretechs_max"":false}"
768,item:6006,tech:2407,research_input,formal_game_data,runtime:LDB.techs,exact,,4,TechProto.Items paired with ItemPoints.,{}
769,tech:2407,function:1,unlocks_function,formal_game_data,runtime:LDB.techs,exact,,3,Function semantics remain an interpretation layer; ID/value are exact runtime data.,{}
770,tech:2101,tech:2501,pretech_implicit,formal_game_data,runtime:LDB.techs,exact,,,Direct TechProto.PreTechsImplicit prerequisite not represented as an ordinary displayed prerequisite.,"{""target_pretechs_max"":false}"
771,item:1030,tech:2501,research_input,formal_game_data,runtime:LDB.techs,exact,,30,TechProto.Items paired with ItemPoints.,{}
772,item:1006,tech:2501,research_input,formal_game_data,runtime:LDB.techs,exact,,30,TechProto.Items paired with ItemPoints.,{}
773,item:1109,tech:2501,research_input,formal_game_data,runtime:LDB.techs,exact,,30,TechProto.Items paired with ItemPoints.,{}
774,tech:2501,function:2,unlocks_function,formal_game_data,runtime:LDB.techs,exact,,200000,Function semantics remain an interpretation layer; ID/value are exact runtime data.,{}
775,tech:2501,tech:2502,pretech_explicit,formal_game_data,runtime:LDB.techs,exact,,,Direct TechProto.PreTechs prerequisite.,"{""target_pretechs_max"":false}"
776,tech:2102,tech:2502,pretech_implicit,formal_game_data,runtime:LDB.techs,exact,,,Direct TechProto.PreTechsImplicit prerequisite not represented as an ordinary displayed prerequisite.,"{""target_pretechs_max"":false}"
777,item:6001,tech:2502,research_input,formal_game_data,runtime:LDB.techs,exact,,20,TechProto.Items paired with ItemPoints.,{}
778,item:6002,tech:2502,research_input,formal_game_data,runtime:LDB.techs,exact,,20,TechProto.Items paired with ItemPoints.,{}
779,tech:2502,function:2,unlocks_function,formal_game_data,runtime:LDB.techs,exact,,200000,Function semantics remain an interpretation layer; ID/value are exact runtime data.,{}
780,tech:2502,tech:2503,pretech_explicit,formal_game_data,runtime:LDB.techs,exact,,,Direct TechProto.PreTechs prerequisite.,"{""target_pretechs_max"":false}"
781,tech:2103,tech:2503,pretech_implicit,formal_game_data,runtime:LDB.techs,exact,,,Direct TechProto.PreTechsImplicit prerequisite not represented as an ordinary displayed prerequisite.,"{""target_pretechs_max"":false}"
782,item:6001,tech:2503,research_input,formal_game_data,runtime:LDB.techs,exact,,20,TechProto.Items paired with ItemPoints.,{}
783,item:6002,tech:2503,research_input,formal_game_data,runtime:LDB.techs,exact,,20,TechProto.Items paired with ItemPoints.,{}
784,item:6003,tech:2503,research_input,formal_game_data,runtime:LDB.techs,exact,,20,TechProto.Items paired with ItemPoints.,{}
785,tech:2503,function:2,unlocks_function,formal_game_data,runtime:LDB.techs,exact,,200000,Function semantics remain an interpretation layer; ID/value are exact runtime data.,{}
786,tech:2503,tech:2504,pretech_explicit,formal_game_data,runtime:LDB.techs,exact,,,Direct TechProto.PreTechs prerequisite.,"{""target_pretechs_max"":false}"
787,tech:2104,tech:2504,pretech_implicit,formal_game_data,runtime:LDB.techs,exact,,,Direct TechProto.PreTechsImplicit prerequisite not represented as an ordinary displayed prerequisite.,"{""target_pretechs_max"":false}"
788,item:6001,tech:2504,research_input,formal_game_data,runtime:LDB.techs,exact,,12,TechProto.Items paired with ItemPoints.,{}
789,item:6002,tech:2504,research_input,formal_game_data,runtime:LDB.techs,exact,,12,TechProto.Items paired with ItemPoints.,{}
790,item:6003,tech:2504,research_input,formal_game_data,runtime:LDB.techs,exact,,12,TechProto.Items paired with ItemPoints.,{}
791,tech:2504,function:2,unlocks_function,formal_game_data,runtime:LDB.techs,exact,,200000,Function semantics remain an interpretation layer; ID/value are exact runtime data.,{}
792,tech:2504,tech:2505,pretech_explicit,formal_game_data,runtime:LDB.techs,exact,,,Direct TechProto.PreTechs prerequisite.,"{""target_pretechs_max"":false}"
793,tech:2105,tech:2505,pretech_implicit,formal_game_data,runtime:LDB.techs,exact,,,Direct TechProto.PreTechsImplicit prerequisite not represented as an ordinary displayed prerequisite.,"{""target_pretechs_max"":false}"
794,item:6001,tech:2505,research_input,formal_game_data,runtime:LDB.techs,exact,,4,TechProto.Items paired with ItemPoints.,{}
795,item:6002,tech:2505,research_input,formal_game_data,runtime:LDB.techs,exact,,4,TechProto.Items paired with ItemPoints.,{}
796,item:6003,tech:2505,research_input,formal_game_data,runtime:LDB.techs,exact,,4,TechProto.Items paired with ItemPoints.,{}
797,item:6004,tech:2505,research_input,formal_game_data,runtime:LDB.techs,exact,,4,TechProto.Items paired with ItemPoints.,{}
798,item:6005,tech:2505,research_input,formal_game_data,runtime:LDB.techs,exact,,4,TechProto.Items paired with ItemPoints.,{}
799,tech:2505,function:2,unlocks_function,formal_game_data,runtime:LDB.techs,exact,,800000,Function semantics remain an interpretation layer; ID/value are exact runtime data.,{}
800,tech:2505,tech:2506,pretech_explicit,formal_game_data,runtime:LDB.techs,exact,,,Direct TechProto.PreTechs prerequisite.,"{""target_pretechs_max"":false}"
801,tech:2105,tech:2506,pretech_implicit,formal_game_data,runtime:LDB.techs,exact,,,Direct TechProto.PreTechsImplicit prerequisite not represented as an ordinary displayed prerequisite.,"{""target_pretechs_max"":false}"
802,item:6006,tech:2506,research_input,formal_game_data,runtime:LDB.techs,exact,,4,TechProto.Items paired with ItemPoints.,{}
803,tech:2506,function:2,unlocks_function,formal_game_data,runtime:LDB.techs,exact,,1000000,Function semantics remain an interpretation layer; ID/value are exact runtime data.,{}
804,tech:2101,tech:2601,pretech_implicit,formal_game_data,runtime:LDB.techs,exact,,,Direct TechProto.PreTechsImplicit prerequisite not represented as an ordinary displayed prerequisite.,"{""target_pretechs_max"":false}"
805,item:6001,tech:2601,research_input,formal_game_data,runtime:LDB.techs,exact,,40,TechProto.Items paired with ItemPoints.,{}
806,tech:2601,function:10,unlocks_function,formal_game_data,runtime:LDB.techs,exact,,2,Function semantics remain an interpretation layer; ID/value are exact runtime data.,{}
807,tech:2601,tech:2602,pretech_explicit,formal_game_data,runtime:LDB.techs,exact,,,Direct TechProto.PreTechs prerequisite.,"{""target_pretechs_max"":false}"
808,tech:2102,tech:2602,pretech_implicit,formal_game_data,runtime:LDB.techs,exact,,,Direct TechProto.PreTechsImplicit prerequisite not represented as an ordinary displayed prerequisite.,"{""target_pretechs_max"":false}"
809,item:6001,tech:2602,research_input,formal_game_data,runtime:LDB.techs,exact,,20,TechProto.Items paired with ItemPoints.,{}
810,item:6002,tech:2602,research_input,formal_game_data,runtime:LDB.techs,exact,,20,TechProto.Items paired with ItemPoints.,{}
811,tech:2602,function:10,unlocks_function,formal_game_data,runtime:LDB.techs,exact,,2,Function semantics remain an interpretation layer; ID/value are exact runtime data.,{}
812,tech:2602,tech:2603,pretech_explicit,formal_game_data,runtime:LDB.techs,exact,,,Direct TechProto.PreTechs prerequisite.,"{""target_pretechs_max"":false}"
813,tech:2103,tech:2603,pretech_implicit,formal_game_data,runtime:LDB.techs,exact,,,Direct TechProto.PreTechsImplicit prerequisite not represented as an ordinary displayed prerequisite.,"{""target_pretechs_max"":false}"
814,item:6001,tech:2603,research_input,formal_game_data,runtime:LDB.techs,exact,,20,TechProto.Items paired with ItemPoints.,{}
815,item:6002,tech:2603,research_input,formal_game_data,runtime:LDB.techs,exact,,20,TechProto.Items paired with ItemPoints.,{}
816,item:6003,tech:2603,research_input,formal_game_data,runtime:LDB.techs,exact,,20,TechProto.Items paired with ItemPoints.,{}
817,tech:2603,function:10,unlocks_function,formal_game_data,runtime:LDB.techs,exact,,2,Function semantics remain an interpretation layer; ID/value are exact runtime data.,{}
818,tech:2603,tech:2604,pretech_explicit,formal_game_data,runtime:LDB.techs,exact,,,Direct TechProto.PreTechs prerequisite.,"{""target_pretechs_max"":false}"
819,tech:2104,tech:2604,pretech_implicit,formal_game_data,runtime:LDB.techs,exact,,,Direct TechProto.PreTechsImplicit prerequisite not represented as an ordinary displayed prerequisite.,"{""target_pretechs_max"":false}"
820,item:6001,tech:2604,research_input,formal_game_data,runtime:LDB.techs,exact,,12,TechProto.Items paired with ItemPoints.,{}
821,item:6002,tech:2604,research_input,formal_game_data,runtime:LDB.techs,exact,,12,TechProto.Items paired with ItemPoints.,{}
822,item:6003,tech:2604,research_input,formal_game_data,runtime:LDB.techs,exact,,12,TechProto.Items paired with ItemPoints.,{}
823,item:6004,tech:2604,research_input,formal_game_data,runtime:LDB.techs,exact,,12,TechProto.Items paired with ItemPoints.,{}
824,tech:2604,function:10,unlocks_function,formal_game_data,runtime:LDB.techs,exact,,3,Function semantics remain an interpretation layer; ID/value are exact runtime data.,{}
825,tech:2604,tech:2605,pretech_explicit,formal_game_data,runtime:LDB.techs,exact,,,Direct TechProto.PreTechs prerequisite.,"{""target_pretechs_max"":false}"
826,tech:2105,tech:2605,pretech_implicit,formal_game_data,runtime:LDB.techs,exact,,,Direct TechProto.PreTechsImplicit prerequisite not represented as an ordinary displayed prerequisite.,"{""target_pretechs_max"":false}"
827,item:6001,tech:2605,research_input,formal_game_data,runtime:LDB.techs,exact,,4,TechProto.Items paired with ItemPoints.,{}
828,item:6002,tech:2605,research_input,formal_game_data,runtime:LDB.techs,exact,,4,TechProto.Items paired with ItemPoints.,{}
829,item:6003,tech:2605,research_input,formal_game_data,runtime:LDB.techs,exact,,4,TechProto.Items paired with ItemPoints.,{}
830,item:6004,tech:2605,research_input,formal_game_data,runtime:LDB.techs,exact,,4,TechProto.Items paired with ItemPoints.,{}
831,item:6005,tech:2605,research_input,formal_game_data,runtime:LDB.techs,exact,,4,TechProto.Items paired with ItemPoints.,{}
832,tech:2605,function:10,unlocks_function,formal_game_data,runtime:LDB.techs,exact,,3,Function semantics remain an interpretation layer; ID/value are exact runtime data.,{}
833,tech:2605,tech:2606,pretech_explicit,formal_game_data,runtime:LDB.techs,exact,,,Direct TechProto.PreTechs prerequisite.,"{""target_pretechs_max"":false}"
834,tech:2105,tech:2606,pretech_implicit,formal_game_data,runtime:LDB.techs,exact,,,Direct TechProto.PreTechsImplicit prerequisite not represented as an ordinary displayed prerequisite.,"{""target_pretechs_max"":false}"
835,item:6006,tech:2606,research_input,formal_game_data,runtime:LDB.techs,exact,,4,TechProto.Items paired with ItemPoints.,{}
836,tech:2606,function:10,unlocks_function,formal_game_data,runtime:LDB.techs,exact,,3,Function semantics remain an interpretation layer; ID/value are exact runtime data.,{}
837,tech:2101,tech:2701,pretech_implicit,formal_game_data,runtime:LDB.techs,exact,,,Direct TechProto.PreTechsImplicit prerequisite not represented as an ordinary displayed prerequisite.,"{""target_pretechs_max"":false}"
838,item:1301,tech:2701,research_input,formal_game_data,runtime:LDB.techs,exact,,30,TechProto.Items paired with ItemPoints.,{}
839,tech:2701,function:28,unlocks_function,formal_game_data,runtime:LDB.techs,exact,,150,Function semantics remain an interpretation layer; ID/value are exact runtime data.,{}
840,tech:2701,function:44,unlocks_function,formal_game_data,runtime:LDB.techs,exact,,1200,Function semantics remain an interpretation layer; ID/value are exact runtime data.,{}
841,tech:2701,tech:2702,pretech_explicit,formal_game_data,runtime:LDB.techs,exact,,,Direct TechProto.PreTechs prerequisite.,"{""target_pretechs_max"":false}"
842,tech:2101,tech:2702,pretech_implicit,formal_game_data,runtime:LDB.techs,exact,,,Direct TechProto.PreTechsImplicit prerequisite not represented as an ordinary displayed prerequisite.,"{""target_pretechs_max"":false}"
843,item:6001,tech:2702,research_input,formal_game_data,runtime:LDB.techs,exact,,30,TechProto.Items paired with ItemPoints.,{}
844,tech:2702,function:28,unlocks_function,formal_game_data,runtime:LDB.techs,exact,,300,Function semantics remain an interpretation layer; ID/value are exact runtime data.,{}
845,tech:2702,function:44,unlocks_function,formal_game_data,runtime:LDB.techs,exact,,2400,Function semantics remain an interpretation layer; ID/value are exact runtime data.,{}
846,tech:2702,tech:2703,pretech_explicit,formal_game_data,runtime:LDB.techs,exact,,,Direct TechProto.PreTechs prerequisite.,"{""target_pretechs_max"":false}"
847,tech:2102,tech:2703,pretech_implicit,formal_game_data,runtime:LDB.techs,exact,,,Direct TechProto.PreTechsImplicit prerequisite not represented as an ordinary displayed prerequisite.,"{""target_pretechs_max"":false}"
848,item:6001,tech:2703,research_input,formal_game_data,runtime:LDB.techs,exact,,30,TechProto.Items paired with ItemPoints.,{}
849,item:6002,tech:2703,research_input,formal_game_data,runtime:LDB.techs,exact,,30,TechProto.Items paired with ItemPoints.,{}
850,tech:2703,function:28,unlocks_function,formal_game_data,runtime:LDB.techs,exact,,900,Function semantics remain an interpretation layer; ID/value are exact runtime data.,{}
851,tech:2703,function:44,unlocks_function,formal_game_data,runtime:LDB.techs,exact,,7200,Function semantics remain an interpretation layer; ID/value are exact runtime data.,{}
852,tech:2703,tech:2704,pretech_explicit,formal_game_data,runtime:LDB.techs,exact,,,Direct TechProto.PreTechs prerequisite.,"{""target_pretechs_max"":false}"
853,tech:2103,tech:2704,pretech_implicit,formal_game_data,runtime:LDB.techs,exact,,,Direct TechProto.PreTechsImplicit prerequisite not represented as an ordinary displayed prerequisite.,"{""target_pretechs_max"":false}"
854,item:6001,tech:2704,research_input,formal_game_data,runtime:LDB.techs,exact,,15,TechProto.Items paired with ItemPoints.,{}
855,item:6002,tech:2704,research_input,formal_game_data,runtime:LDB.techs,exact,,15,TechProto.Items paired with ItemPoints.,{}
856,item:6003,tech:2704,research_input,formal_game_data,runtime:LDB.techs,exact,,15,TechProto.Items paired with ItemPoints.,{}
857,tech:2704,function:28,unlocks_function,formal_game_data,runtime:LDB.techs,exact,,3600,Function semantics remain an interpretation layer; ID/value are exact runtime data.,{}
858,tech:2704,function:44,unlocks_function,formal_game_data,runtime:LDB.techs,exact,,28800,Function semantics remain an interpretation layer; ID/value are exact runtime data.,{}
859,tech:2704,tech:2705,pretech_explicit,formal_game_data,runtime:LDB.techs,exact,,,Direct TechProto.PreTechs prerequisite.,"{""target_pretechs_max"":false}"
860,tech:2104,tech:2705,pretech_implicit,formal_game_data,runtime:LDB.techs,exact,,,Direct TechProto.PreTechsImplicit prerequisite not represented as an ordinary displayed prerequisite.,"{""target_pretechs_max"":false}"
861,item:6001,tech:2705,research_input,formal_game_data,runtime:LDB.techs,exact,,15,TechProto.Items paired with ItemPoints.,{}
862,item:6002,tech:2705,research_input,formal_game_data,runtime:LDB.techs,exact,,15,TechProto.Items paired with ItemPoints.,{}
863,item:6003,tech:2705,research_input,formal_game_data,runtime:LDB.techs,exact,,15,TechProto.Items paired with ItemPoints.,{}
864,item:6004,tech:2705,research_input,formal_game_data,runtime:LDB.techs,exact,,15,TechProto.Items paired with ItemPoints.,{}
865,tech:2705,function:28,unlocks_function,formal_game_data,runtime:LDB.techs,exact,,1048576,Function semantics remain an interpretation layer; ID/value are exact runtime data.,{}
866,tech:2705,function:44,unlocks_function,formal_game_data,runtime:LDB.techs,exact,,45000,Function semantics remain an interpretation layer; ID/value are exact runtime data.,{}
867,tech:2705,tech:2706,pretech_explicit,formal_game_data,runtime:LDB.techs,exact,,,Direct TechProto.PreTechs prerequisite.,"{""target_pretechs_max"":false}"
868,tech:2105,tech:2706,pretech_implicit,formal_game_data,runtime:LDB.techs,exact,,,Direct TechProto.PreTechsImplicit prerequisite not represented as an ordinary displayed prerequisite.,"{""target_pretechs_max"":false}"
869,item:6001,tech:2706,research_input,formal_game_data,runtime:LDB.techs,exact,,15,TechProto.Items paired with ItemPoints.,{}
870,item:6002,tech:2706,research_input,formal_game_data,runtime:LDB.techs,exact,,15,TechProto.Items paired with ItemPoints.,{}
871,item:6003,tech:2706,research_input,formal_game_data,runtime:LDB.techs,exact,,15,TechProto.Items paired with ItemPoints.,{}
872,item:6004,tech:2706,research_input,formal_game_data,runtime:LDB.techs,exact,,15,TechProto.Items paired with ItemPoints.,{}
873,item:6005,tech:2706,research_input,formal_game_data,runtime:LDB.techs,exact,,15,TechProto.Items paired with ItemPoints.,{}
874,tech:2706,function:44,unlocks_function,formal_game_data,runtime:LDB.techs,exact,,1048576,Function semantics remain an interpretation layer; ID/value are exact runtime data.,{}
875,tech:1001,tech:2801,pretech_implicit,formal_game_data,runtime:LDB.techs,exact,,,Direct TechProto.PreTechsImplicit prerequisite not represented as an ordinary displayed prerequisite.,"{""target_pretechs_max"":false}"
876,item:6001,tech:2801,research_input,formal_game_data,runtime:LDB.techs,exact,,40,TechProto.Items paired with ItemPoints.,{}
877,tech:2801,function:75,unlocks_function,formal_game_data,runtime:LDB.techs,exact,,1,Function semantics remain an interpretation layer; ID/value are exact runtime data.,{}
878,tech:2801,function:65,unlocks_function,formal_game_data,runtime:LDB.techs,exact,,2,Function semantics remain an interpretation layer; ID/value are exact runtime data.,{}
879,tech:2801,function:66,unlocks_function,formal_game_data,runtime:LDB.techs,exact,,100000000,Function semantics remain an interpretation layer; ID/value are exact runtime data.,{}
880,tech:2801,tech:2802,pretech_explicit,formal_game_data,runtime:LDB.techs,exact,,,Direct TechProto.PreTechs prerequisite.,"{""target_pretechs_max"":false}"
881,tech:2102,tech:2802,pretech_implicit,formal_game_data,runtime:LDB.techs,exact,,,Direct TechProto.PreTechsImplicit prerequisite not represented as an ordinary displayed prerequisite.,"{""target_pretechs_max"":false}"
882,item:6001,tech:2802,research_input,formal_game_data,runtime:LDB.techs,exact,,10,TechProto.Items paired with ItemPoints.,{}
883,item:6002,tech:2802,research_input,formal_game_data,runtime:LDB.techs,exact,,10,TechProto.Items paired with ItemPoints.,{}
884,tech:2802,function:65,unlocks_function,formal_game_data,runtime:LDB.techs,exact,,0.5,Function semantics remain an interpretation layer; ID/value are exact runtime data.,{}
885,tech:2802,function:66,unlocks_function,formal_game_data,runtime:LDB.techs,exact,,200000000,Function semantics remain an interpretation layer; ID/value are exact runtime data.,{}
886,tech:2802,tech:2803,pretech_explicit,formal_game_data,runtime:LDB.techs,exact,,,Direct TechProto.PreTechs prerequisite.,"{""target_pretechs_max"":false}"
887,tech:2103,tech:2803,pretech_implicit,formal_game_data,runtime:LDB.techs,exact,,,Direct TechProto.PreTechsImplicit prerequisite not represented as an ordinary displayed prerequisite.,"{""target_pretechs_max"":false}"
888,item:6001,tech:2803,research_input,formal_game_data,runtime:LDB.techs,exact,,5,TechProto.Items paired with ItemPoints.,{}
889,item:6002,tech:2803,research_input,formal_game_data,runtime:LDB.techs,exact,,5,TechProto.Items paired with ItemPoints.,{}
890,item:6003,tech:2803,research_input,formal_game_data,runtime:LDB.techs,exact,,5,TechProto.Items paired with ItemPoints.,{}
891,tech:2803,function:65,unlocks_function,formal_game_data,runtime:LDB.techs,exact,,0.5,Function semantics remain an interpretation layer; ID/value are exact runtime data.,{}
892,tech:2803,function:66,unlocks_function,formal_game_data,runtime:LDB.techs,exact,,200000000,Function semantics remain an interpretation layer; ID/value are exact runtime data.,{}
893,tech:2803,function:86,unlocks_function,formal_game_data,runtime:LDB.techs,exact,,1,Function semantics remain an interpretation layer; ID/value are exact runtime data.,{}
894,tech:2803,tech:2804,pretech_explicit,formal_game_data,runtime:LDB.techs,exact,,,Direct TechProto.PreTechs prerequisite.,"{""target_pretechs_max"":false}"
895,item:6001,tech:2804,research_input,formal_game_data,runtime:LDB.techs,exact,,6,TechProto.Items paired with ItemPoints.,{}
896,item:6002,tech:2804,research_input,formal_game_data,runtime:LDB.techs,exact,,6,TechProto.Items paired with ItemPoints.,{}
897,item:6003,tech:2804,research_input,formal_game_data,runtime:LDB.techs,exact,,6,TechProto.Items paired with ItemPoints.,{}
898,item:6004,tech:2804,research_input,formal_game_data,runtime:LDB.techs,exact,,6,TechProto.Items paired with ItemPoints.,{}
899,tech:2804,function:65,unlocks_function,formal_game_data,runtime:LDB.techs,exact,,1,Function semantics remain an interpretation layer; ID/value are exact runtime data.,{}
900,tech:2804,function:66,unlocks_function,formal_game_data,runtime:LDB.techs,exact,,200000000,Function semantics remain an interpretation layer; ID/value are exact runtime data.,{}
901,tech:2804,tech:2805,pretech_explicit,formal_game_data,runtime:LDB.techs,exact,,,Direct TechProto.PreTechs prerequisite.,"{""target_pretechs_max"":false}"
902,tech:2104,tech:2805,pretech_implicit,formal_game_data,runtime:LDB.techs,exact,,,Direct TechProto.PreTechsImplicit prerequisite not represented as an ordinary displayed prerequisite.,"{""target_pretechs_max"":false}"
903,item:6001,tech:2805,research_input,formal_game_data,runtime:LDB.techs,exact,,5,TechProto.Items paired with ItemPoints.,{}
904,item:6002,tech:2805,research_input,formal_game_data,runtime:LDB.techs,exact,,5,TechProto.Items paired with ItemPoints.,{}
905,item:6003,tech:2805,research_input,formal_game_data,runtime:LDB.techs,exact,,5,TechProto.Items paired with ItemPoints.,{}
906,item:6004,tech:2805,research_input,formal_game_data,runtime:LDB.techs,exact,,5,TechProto.Items paired with ItemPoints.,{}
907,item:6005,tech:2805,research_input,formal_game_data,runtime:LDB.techs,exact,,5,TechProto.Items paired with ItemPoints.,{}
908,tech:2805,function:65,unlocks_function,formal_game_data,runtime:LDB.techs,exact,,1,Function semantics remain an interpretation layer; ID/value are exact runtime data.,{}
909,tech:2805,function:66,unlocks_function,formal_game_data,runtime:LDB.techs,exact,,300000000,Function semantics remain an interpretation layer; ID/value are exact runtime data.,{}
910,tech:2805,tech:2806,pretech_explicit,formal_game_data,runtime:LDB.techs,exact,,,Direct TechProto.PreTechs prerequisite.,"{""target_pretechs_max"":false}"
911,tech:2105,tech:2806,pretech_implicit,formal_game_data,runtime:LDB.techs,exact,,,Direct TechProto.PreTechsImplicit prerequisite not represented as an ordinary displayed prerequisite.,"{""target_pretechs_max"":false}"
912,item:6006,tech:2806,research_input,formal_game_data,runtime:LDB.techs,exact,,4,TechProto.Items paired with ItemPoints.,{}
913,tech:2806,function:65,unlocks_function,formal_game_data,runtime:LDB.techs,exact,,1,Function semantics remain an interpretation layer; ID/value are exact runtime data.,{}
914,tech:2806,function:66,unlocks_function,formal_game_data,runtime:LDB.techs,exact,,500000000,Function semantics remain an interpretation layer; ID/value are exact runtime data.,{}
915,tech:2806,tech:2807,pretech_explicit,formal_game_data,runtime:LDB.techs,exact,,,Direct TechProto.PreTechs prerequisite.,"{""target_pretechs_max"":true}"
916,item:6006,tech:2807,research_input,formal_game_data,runtime:LDB.techs,exact,,4,TechProto.Items paired with ItemPoints.,{}
917,tech:2807,function:66,unlocks_function,formal_game_data,runtime:LDB.techs,exact,,500000000,Function semantics remain an interpretation layer; ID/value are exact runtime data.,{}
918,tech:2101,tech:2901,pretech_implicit,formal_game_data,runtime:LDB.techs,exact,,,Direct TechProto.PreTechsImplicit prerequisite not represented as an ordinary displayed prerequisite.,"{""target_pretechs_max"":false}"
919,item:1006,tech:2901,research_input,formal_game_data,runtime:LDB.techs,exact,,30,TechProto.Items paired with ItemPoints.,{}
920,item:1407,tech:2901,research_input,formal_game_data,runtime:LDB.techs,exact,,10,TechProto.Items paired with ItemPoints.,{}
921,tech:2901,function:4,unlocks_function,formal_game_data,runtime:LDB.techs,exact,,1,Function semantics remain an interpretation layer; ID/value are exact runtime data.,{}
922,tech:2901,tech:2902,pretech_explicit,formal_game_data,runtime:LDB.techs,exact,,,Direct TechProto.PreTechs prerequisite.,"{""target_pretechs_max"":false}"
923,tech:2102,tech:2902,pretech_implicit,formal_game_data,runtime:LDB.techs,exact,,,Direct TechProto.PreTechsImplicit prerequisite not represented as an ordinary displayed prerequisite.,"{""target_pretechs_max"":false}"
924,item:6001,tech:2902,research_input,formal_game_data,runtime:LDB.techs,exact,,20,TechProto.Items paired with ItemPoints.,{}
925,item:6002,tech:2902,research_input,formal_game_data,runtime:LDB.techs,exact,,20,TechProto.Items paired with ItemPoints.,{}
926,tech:2902,function:4,unlocks_function,formal_game_data,runtime:LDB.techs,exact,,2,Function semantics remain an interpretation layer; ID/value are exact runtime data.,{}
927,tech:2902,tech:2903,pretech_explicit,formal_game_data,runtime:LDB.techs,exact,,,Direct TechProto.PreTechs prerequisite.,"{""target_pretechs_max"":false}"
928,tech:2103,tech:2903,pretech_implicit,formal_game_data,runtime:LDB.techs,exact,,,Direct TechProto.PreTechsImplicit prerequisite not represented as an ordinary displayed prerequisite.,"{""target_pretechs_max"":false}"
929,item:6001,tech:2903,research_input,formal_game_data,runtime:LDB.techs,exact,,20,TechProto.Items paired with ItemPoints.,{}
930,item:6002,tech:2903,research_input,formal_game_data,runtime:LDB.techs,exact,,20,TechProto.Items paired with ItemPoints.,{}
931,item:6003,tech:2903,research_input,formal_game_data,runtime:LDB.techs,exact,,20,TechProto.Items paired with ItemPoints.,{}
932,tech:2903,function:11,unlocks_function,formal_game_data,runtime:LDB.techs,exact,,1000,Function semantics remain an interpretation layer; ID/value are exact runtime data.,{}
933,tech:2903,tech:2904,pretech_explicit,formal_game_data,runtime:LDB.techs,exact,,,Direct TechProto.PreTechs prerequisite.,"{""target_pretechs_max"":false}"
934,tech:2104,tech:2904,pretech_implicit,formal_game_data,runtime:LDB.techs,exact,,,Direct TechProto.PreTechsImplicit prerequisite not represented as an ordinary displayed prerequisite.,"{""target_pretechs_max"":false}"
935,tech:1704,tech:2904,pretech_implicit,formal_game_data,runtime:LDB.techs,exact,,,Direct TechProto.PreTechsImplicit prerequisite not represented as an ordinary displayed prerequisite.,"{""target_pretechs_max"":false}"
936,item:6001,tech:2904,research_input,formal_game_data,runtime:LDB.techs,exact,,10,TechProto.Items paired with ItemPoints.,{}
937,item:6002,tech:2904,research_input,formal_game_data,runtime:LDB.techs,exact,,10,TechProto.Items paired with ItemPoints.,{}
938,item:6003,tech:2904,research_input,formal_game_data,runtime:LDB.techs,exact,,10,TechProto.Items paired with ItemPoints.,{}
939,tech:2904,function:4,unlocks_function,formal_game_data,runtime:LDB.techs,exact,,3,Function semantics remain an interpretation layer; ID/value are exact runtime data.,{}
940,tech:2904,tech:2905,pretech_explicit,formal_game_data,runtime:LDB.techs,exact,,,Direct TechProto.PreTechs prerequisite.,"{""target_pretechs_max"":false}"
941,item:6001,tech:2905,research_input,formal_game_data,runtime:LDB.techs,exact,,10,TechProto.Items paired with ItemPoints.,{}
942,item:6002,tech:2905,research_input,formal_game_data,runtime:LDB.techs,exact,,10,TechProto.Items paired with ItemPoints.,{}
943,item:6003,tech:2905,research_input,formal_game_data,runtime:LDB.techs,exact,,10,TechProto.Items paired with ItemPoints.,{}
944,item:6005,tech:2905,research_input,formal_game_data,runtime:LDB.techs,exact,,10,TechProto.Items paired with ItemPoints.,{}
945,tech:2905,function:27,unlocks_function,formal_game_data,runtime:LDB.techs,exact,,3,Function semantics remain an interpretation layer; ID/value are exact runtime data.,{}
946,tech:2905,tech:2906,pretech_explicit,formal_game_data,runtime:LDB.techs,exact,,,Direct TechProto.PreTechs prerequisite.,"{""target_pretechs_max"":false}"
947,item:6006,tech:2906,research_input,formal_game_data,runtime:LDB.techs,exact,,10,TechProto.Items paired with ItemPoints.,{}
948,tech:2906,function:27,unlocks_function,formal_game_data,runtime:LDB.techs,exact,,3,Function semantics remain an interpretation layer; ID/value are exact runtime data.,{}
949,tech:2101,tech:2951,pretech_implicit,formal_game_data,runtime:LDB.techs,exact,,,Direct TechProto.PreTechsImplicit prerequisite not represented as an ordinary displayed prerequisite.,"{""target_pretechs_max"":false}"
950,item:6001,tech:2951,research_input,formal_game_data,runtime:LDB.techs,exact,,40,TechProto.Items paired with ItemPoints.,{}
951,tech:2951,function:76,unlocks_function,formal_game_data,runtime:LDB.techs,exact,,1,Function semantics remain an interpretation layer; ID/value are exact runtime data.,{}
952,tech:2951,tech:2952,pretech_explicit,formal_game_data,runtime:LDB.techs,exact,,,Direct TechProto.PreTechs prerequisite.,"{""target_pretechs_max"":false}"
953,item:6001,tech:2952,research_input,formal_game_data,runtime:LDB.techs,exact,,20,TechProto.Items paired with ItemPoints.,{}
954,item:6002,tech:2952,research_input,formal_game_data,runtime:LDB.techs,exact,,20,TechProto.Items paired with ItemPoints.,{}
955,tech:2952,function:76,unlocks_function,formal_game_data,runtime:LDB.techs,exact,,3,Function semantics remain an interpretation layer; ID/value are exact runtime data.,{}
956,tech:2952,tech:2953,pretech_explicit,formal_game_data,runtime:LDB.techs,exact,,,Direct TechProto.PreTechs prerequisite.,"{""target_pretechs_max"":false}"
957,item:6001,tech:2953,research_input,formal_game_data,runtime:LDB.techs,exact,,20,TechProto.Items paired with ItemPoints.,{}
958,item:6002,tech:2953,research_input,formal_game_data,runtime:LDB.techs,exact,,20,TechProto.Items paired with ItemPoints.,{}
959,item:6003,tech:2953,research_input,formal_game_data,runtime:LDB.techs,exact,,20,TechProto.Items paired with ItemPoints.,{}
960,tech:2953,function:76,unlocks_function,formal_game_data,runtime:LDB.techs,exact,,6,Function semantics remain an interpretation layer; ID/value are exact runtime data.,{}
961,tech:2953,tech:2954,pretech_explicit,formal_game_data,runtime:LDB.techs,exact,,,Direct TechProto.PreTechs prerequisite.,"{""target_pretechs_max"":false}"
962,item:6001,tech:2954,research_input,formal_game_data,runtime:LDB.techs,exact,,12,TechProto.Items paired with ItemPoints.,{}
963,item:6002,tech:2954,research_input,formal_game_data,runtime:LDB.techs,exact,,12,TechProto.Items paired with ItemPoints.,{}
964,item:6003,tech:2954,research_input,formal_game_data,runtime:LDB.techs,exact,,12,TechProto.Items paired with ItemPoints.,{}
965,item:6004,tech:2954,research_input,formal_game_data,runtime:LDB.techs,exact,,12,TechProto.Items paired with ItemPoints.,{}
966,tech:2954,function:76,unlocks_function,formal_game_data,runtime:LDB.techs,exact,,15,Function semantics remain an interpretation layer; ID/value are exact runtime data.,{}
967,tech:2954,tech:2955,pretech_explicit,formal_game_data,runtime:LDB.techs,exact,,,Direct TechProto.PreTechs prerequisite.,"{""target_pretechs_max"":false}"
968,item:6001,tech:2955,research_input,formal_game_data,runtime:LDB.techs,exact,,8,TechProto.Items paired with ItemPoints.,{}
969,item:6002,tech:2955,research_input,formal_game_data,runtime:LDB.techs,exact,,8,TechProto.Items paired with ItemPoints.,{}
970,item:6003,tech:2955,research_input,formal_game_data,runtime:LDB.techs,exact,,8,TechProto.Items paired with ItemPoints.,{}
971,item:6004,tech:2955,research_input,formal_game_data,runtime:LDB.techs,exact,,8,TechProto.Items paired with ItemPoints.,{}
972,item:6005,tech:2955,research_input,formal_game_data,runtime:LDB.techs,exact,,8,TechProto.Items paired with ItemPoints.,{}
973,tech:2955,function:76,unlocks_function,formal_game_data,runtime:LDB.techs,exact,,30,Function semantics remain an interpretation layer; ID/value are exact runtime data.,{}
974,tech:2955,tech:2956,pretech_explicit,formal_game_data,runtime:LDB.techs,exact,,,Direct TechProto.PreTechs prerequisite.,"{""target_pretechs_max"":false}"
975,item:6006,tech:2956,research_input,formal_game_data,runtime:LDB.techs,exact,,8,TechProto.Items paired with ItemPoints.,{}
976,tech:2956,function:76,unlocks_function,formal_game_data,runtime:LDB.techs,exact,,9999,Function semantics remain an interpretation layer; ID/value are exact runtime data.,{}
977,tech:1503,tech:3101,pretech_implicit,formal_game_data,runtime:LDB.techs,exact,,,Direct TechProto.PreTechsImplicit prerequisite not represented as an ordinary displayed prerequisite.,"{""target_pretechs_max"":false}"
978,item:6001,tech:3101,research_input,formal_game_data,runtime:LDB.techs,exact,,40,TechProto.Items paired with ItemPoints.,{}
979,item:6002,tech:3101,research_input,formal_game_data,runtime:LDB.techs,exact,,40,TechProto.Items paired with ItemPoints.,{}
980,item:6003,tech:3101,research_input,formal_game_data,runtime:LDB.techs,exact,,40,TechProto.Items paired with ItemPoints.,{}
981,tech:3101,function:12,unlocks_function,formal_game_data,runtime:LDB.techs,exact,,300,Function semantics remain an interpretation layer; ID/value are exact runtime data.,{}
982,tech:3101,tech:3102,pretech_explicit,formal_game_data,runtime:LDB.techs,exact,,,Direct TechProto.PreTechs prerequisite.,"{""target_pretechs_max"":false}"
983,item:6001,tech:3102,research_input,formal_game_data,runtime:LDB.techs,exact,,20,TechProto.Items paired with ItemPoints.,{}
984,item:6002,tech:3102,research_input,formal_game_data,runtime:LDB.techs,exact,,20,TechProto.Items paired with ItemPoints.,{}
985,item:6003,tech:3102,research_input,formal_game_data,runtime:LDB.techs,exact,,20,TechProto.Items paired with ItemPoints.,{}
986,tech:3102,function:12,unlocks_function,formal_game_data,runtime:LDB.techs,exact,,300,Function semantics remain an interpretation layer; ID/value are exact runtime data.,{}
987,tech:3102,tech:3103,pretech_explicit,formal_game_data,runtime:LDB.techs,exact,,,Direct TechProto.PreTechs prerequisite.,"{""target_pretechs_max"":false}"
988,item:6001,tech:3103,research_input,formal_game_data,runtime:LDB.techs,exact,,20,TechProto.Items paired with ItemPoints.,{}
989,item:6002,tech:3103,research_input,formal_game_data,runtime:LDB.techs,exact,,20,TechProto.Items paired with ItemPoints.,{}
990,item:6003,tech:3103,research_input,formal_game_data,runtime:LDB.techs,exact,,20,TechProto.Items paired with ItemPoints.,{}
991,tech:3103,function:12,unlocks_function,formal_game_data,runtime:LDB.techs,exact,,600,Function semantics remain an interpretation layer; ID/value are exact runtime data.,{}
992,tech:3103,tech:3104,pretech_explicit,formal_game_data,runtime:LDB.techs,exact,,,Direct TechProto.PreTechs prerequisite.,"{""target_pretechs_max"":false}"
993,item:6001,tech:3104,research_input,formal_game_data,runtime:LDB.techs,exact,,12,TechProto.Items paired with ItemPoints.,{}
994,item:6002,tech:3104,research_input,formal_game_data,runtime:LDB.techs,exact,,12,TechProto.Items paired with ItemPoints.,{}
995,item:6003,tech:3104,research_input,formal_game_data,runtime:LDB.techs,exact,,12,TechProto.Items paired with ItemPoints.,{}
996,item:6004,tech:3104,research_input,formal_game_data,runtime:LDB.techs,exact,,12,TechProto.Items paired with ItemPoints.,{}
997,tech:3104,function:12,unlocks_function,formal_game_data,runtime:LDB.techs,exact,,600,Function semantics remain an interpretation layer; ID/value are exact runtime data.,{}
998,tech:3104,tech:3105,pretech_explicit,formal_game_data,runtime:LDB.techs,exact,,,Direct TechProto.PreTechs prerequisite.,"{""target_pretechs_max"":false}"
999,item:6001,tech:3105,research_input,formal_game_data,runtime:LDB.techs,exact,,12,TechProto.Items paired with ItemPoints.,{}
1000,item:6002,tech:3105,research_input,formal_game_data,runtime:LDB.techs,exact,,12,TechProto.Items paired with ItemPoints.,{}
1001,item:6003,tech:3105,research_input,formal_game_data,runtime:LDB.techs,exact,,12,TechProto.Items paired with ItemPoints.,{}
1002,item:6004,tech:3105,research_input,formal_game_data,runtime:LDB.techs,exact,,12,TechProto.Items paired with ItemPoints.,{}
1003,tech:3105,function:12,unlocks_function,formal_game_data,runtime:LDB.techs,exact,,900,Function semantics remain an interpretation layer; ID/value are exact runtime data.,{}
1004,tech:3105,tech:3106,pretech_explicit,formal_game_data,runtime:LDB.techs,exact,,,Direct TechProto.PreTechs prerequisite.,"{""target_pretechs_max"":false}"
1005,item:6001,tech:3106,research_input,formal_game_data,runtime:LDB.techs,exact,,6,TechProto.Items paired with ItemPoints.,{}
1006,item:6002,tech:3106,research_input,formal_game_data,runtime:LDB.techs,exact,,6,TechProto.Items paired with ItemPoints.,{}
1007,item:6003,tech:3106,research_input,formal_game_data,runtime:LDB.techs,exact,,6,TechProto.Items paired with ItemPoints.,{}
1008,item:6004,tech:3106,research_input,formal_game_data,runtime:LDB.techs,exact,,6,TechProto.Items paired with ItemPoints.,{}
1009,tech:3106,function:12,unlocks_function,formal_game_data,runtime:LDB.techs,exact,,900,Function semantics remain an interpretation layer; ID/value are exact runtime data.,{}
1010,tech:1522,tech:4201,pretech_implicit,formal_game_data,runtime:LDB.techs,exact,,,Direct TechProto.PreTechsImplicit prerequisite not represented as an ordinary displayed prerequisite.,"{""target_pretechs_max"":false}"
1011,item:6001,tech:4201,research_input,formal_game_data,runtime:LDB.techs,exact,,20,TechProto.Items paired with ItemPoints.,{}
1012,item:6002,tech:4201,research_input,formal_game_data,runtime:LDB.techs,exact,,20,TechProto.Items paired with ItemPoints.,{}
1013,item:6003,tech:4201,research_input,formal_game_data,runtime:LDB.techs,exact,,20,TechProto.Items paired with ItemPoints.,{}
1014,item:6004,tech:4201,research_input,formal_game_data,runtime:LDB.techs,exact,,20,TechProto.Items paired with ItemPoints.,{}
1015,item:6005,tech:4201,research_input,formal_game_data,runtime:LDB.techs,exact,,20,TechProto.Items paired with ItemPoints.,{}
1016,tech:4201,function:43,unlocks_function,formal_game_data,runtime:LDB.techs,exact,,240,Function semantics remain an interpretation layer; ID/value are exact runtime data.,{}
1017,tech:4201,tech:4202,pretech_explicit,formal_game_data,runtime:LDB.techs,exact,,,Direct TechProto.PreTechs prerequisite.,"{""target_pretechs_max"":false}"
1018,item:6001,tech:4202,research_input,formal_game_data,runtime:LDB.techs,exact,,20,TechProto.Items paired with ItemPoints.,{}
1019,item:6002,tech:4202,research_input,formal_game_data,runtime:LDB.techs,exact,,20,TechProto.Items paired with ItemPoints.,{}
1020,item:6003,tech:4202,research_input,formal_game_data,runtime:LDB.techs,exact,,20,TechProto.Items paired with ItemPoints.,{}
1021,item:6004,tech:4202,research_input,formal_game_data,runtime:LDB.techs,exact,,20,TechProto.Items paired with ItemPoints.,{}
1022,item:6005,tech:4202,research_input,formal_game_data,runtime:LDB.techs,exact,,20,TechProto.Items paired with ItemPoints.,{}
1023,tech:4202,function:43,unlocks_function,formal_game_data,runtime:LDB.techs,exact,,120,Function semantics remain an interpretation layer; ID/value are exact runtime data.,{}
1024,tech:4202,tech:4203,pretech_explicit,formal_game_data,runtime:LDB.techs,exact,,,Direct TechProto.PreTechs prerequisite.,"{""target_pretechs_max"":false}"
1025,item:6001,tech:4203,research_input,formal_game_data,runtime:LDB.techs,exact,,30,TechProto.Items paired with ItemPoints.,{}
1026,item:6002,tech:4203,research_input,formal_game_data,runtime:LDB.techs,exact,,30,TechProto.Items paired with ItemPoints.,{}
1027,item:6003,tech:4203,research_input,formal_game_data,runtime:LDB.techs,exact,,30,TechProto.Items paired with ItemPoints.,{}
1028,item:6004,tech:4203,research_input,formal_game_data,runtime:LDB.techs,exact,,30,TechProto.Items paired with ItemPoints.,{}
1029,item:6005,tech:4203,research_input,formal_game_data,runtime:LDB.techs,exact,,30,TechProto.Items paired with ItemPoints.,{}
1030,tech:4203,function:43,unlocks_function,formal_game_data,runtime:LDB.techs,exact,,60,Function semantics remain an interpretation layer; ID/value are exact runtime data.,{}
1031,tech:4203,tech:4204,pretech_explicit,formal_game_data,runtime:LDB.techs,exact,,,Direct TechProto.PreTechs prerequisite.,"{""target_pretechs_max"":false}"
1032,item:6001,tech:4204,research_input,formal_game_data,runtime:LDB.techs,exact,,20,TechProto.Items paired with ItemPoints.,{}
1033,item:6002,tech:4204,research_input,formal_game_data,runtime:LDB.techs,exact,,20,TechProto.Items paired with ItemPoints.,{}
1034,item:6003,tech:4204,research_input,formal_game_data,runtime:LDB.techs,exact,,20,TechProto.Items paired with ItemPoints.,{}
1035,item:6004,tech:4204,research_input,formal_game_data,runtime:LDB.techs,exact,,20,TechProto.Items paired with ItemPoints.,{}
1036,item:6005,tech:4204,research_input,formal_game_data,runtime:LDB.techs,exact,,20,TechProto.Items paired with ItemPoints.,{}
1037,tech:4204,function:43,unlocks_function,formal_game_data,runtime:LDB.techs,exact,,30,Function semantics remain an interpretation layer; ID/value are exact runtime data.,{}
1038,tech:4204,tech:4205,pretech_explicit,formal_game_data,runtime:LDB.techs,exact,,,Direct TechProto.PreTechs prerequisite.,"{""target_pretechs_max"":false}"
1039,item:6001,tech:4205,research_input,formal_game_data,runtime:LDB.techs,exact,,20,TechProto.Items paired with ItemPoints.,{}
1040,item:6002,tech:4205,research_input,formal_game_data,runtime:LDB.techs,exact,,20,TechProto.Items paired with ItemPoints.,{}
1041,item:6003,tech:4205,research_input,formal_game_data,runtime:LDB.techs,exact,,20,TechProto.Items paired with ItemPoints.,{}
1042,item:6004,tech:4205,research_input,formal_game_data,runtime:LDB.techs,exact,,20,TechProto.Items paired with ItemPoints.,{}
1043,item:6005,tech:4205,research_input,formal_game_data,runtime:LDB.techs,exact,,20,TechProto.Items paired with ItemPoints.,{}
1044,tech:4205,function:43,unlocks_function,formal_game_data,runtime:LDB.techs,exact,,15,Function semantics remain an interpretation layer; ID/value are exact runtime data.,{}
1045,tech:4205,tech:4206,pretech_explicit,formal_game_data,runtime:LDB.techs,exact,,,Direct TechProto.PreTechs prerequisite.,"{""target_pretechs_max"":false}"
1046,item:6001,tech:4206,research_input,formal_game_data,runtime:LDB.techs,exact,,20,TechProto.Items paired with ItemPoints.,{}
1047,item:6002,tech:4206,research_input,formal_game_data,runtime:LDB.techs,exact,,20,TechProto.Items paired with ItemPoints.,{}
1048,item:6003,tech:4206,research_input,formal_game_data,runtime:LDB.techs,exact,,20,TechProto.Items paired with ItemPoints.,{}
1049,item:6004,tech:4206,research_input,formal_game_data,runtime:LDB.techs,exact,,20,TechProto.Items paired with ItemPoints.,{}
1050,item:6005,tech:4206,research_input,formal_game_data,runtime:LDB.techs,exact,,20,TechProto.Items paired with ItemPoints.,{}
1051,tech:4206,function:43,unlocks_function,formal_game_data,runtime:LDB.techs,exact,,10,Function semantics remain an interpretation layer; ID/value are exact runtime data.,{}
1052,tech:1504,tech:3201,pretech_implicit,formal_game_data,runtime:LDB.techs,exact,,,Direct TechProto.PreTechsImplicit prerequisite not represented as an ordinary displayed prerequisite.,"{""target_pretechs_max"":false}"
1053,item:6001,tech:3201,research_input,formal_game_data,runtime:LDB.techs,exact,,40,TechProto.Items paired with ItemPoints.,{}
1054,item:6002,tech:3201,research_input,formal_game_data,runtime:LDB.techs,exact,,40,TechProto.Items paired with ItemPoints.,{}
1055,item:6003,tech:3201,research_input,formal_game_data,runtime:LDB.techs,exact,,40,TechProto.Items paired with ItemPoints.,{}
1056,tech:3201,function:13,unlocks_function,formal_game_data,runtime:LDB.techs,exact,,0.9,Function semantics remain an interpretation layer; ID/value are exact runtime data.,{}
1057,tech:3201,tech:3202,pretech_explicit,formal_game_data,runtime:LDB.techs,exact,,,Direct TechProto.PreTechs prerequisite.,"{""target_pretechs_max"":false}"
1058,item:6001,tech:3202,research_input,formal_game_data,runtime:LDB.techs,exact,,20,TechProto.Items paired with ItemPoints.,{}
1059,item:6002,tech:3202,research_input,formal_game_data,runtime:LDB.techs,exact,,20,TechProto.Items paired with ItemPoints.,{}
1060,item:6003,tech:3202,research_input,formal_game_data,runtime:LDB.techs,exact,,20,TechProto.Items paired with ItemPoints.,{}
1061,tech:3202,function:13,unlocks_function,formal_game_data,runtime:LDB.techs,exact,,0.9,Function semantics remain an interpretation layer; ID/value are exact runtime data.,{}
1062,tech:3202,tech:3203,pretech_explicit,formal_game_data,runtime:LDB.techs,exact,,,Direct TechProto.PreTechs prerequisite.,"{""target_pretechs_max"":false}"
1063,item:6001,tech:3203,research_input,formal_game_data,runtime:LDB.techs,exact,,20,TechProto.Items paired with ItemPoints.,{}
1064,item:6002,tech:3203,research_input,formal_game_data,runtime:LDB.techs,exact,,20,TechProto.Items paired with ItemPoints.,{}
1065,item:6003,tech:3203,research_input,formal_game_data,runtime:LDB.techs,exact,,20,TechProto.Items paired with ItemPoints.,{}
1066,tech:3203,function:13,unlocks_function,formal_game_data,runtime:LDB.techs,exact,,0.9,Function semantics remain an interpretation layer; ID/value are exact runtime data.,{}
1067,tech:3203,tech:3204,pretech_explicit,formal_game_data,runtime:LDB.techs,exact,,,Direct TechProto.PreTechs prerequisite.,"{""target_pretechs_max"":false}"
1068,item:6001,tech:3204,research_input,formal_game_data,runtime:LDB.techs,exact,,12,TechProto.Items paired with ItemPoints.,{}
1069,item:6002,tech:3204,research_input,formal_game_data,runtime:LDB.techs,exact,,12,TechProto.Items paired with ItemPoints.,{}
1070,item:6003,tech:3204,research_input,formal_game_data,runtime:LDB.techs,exact,,12,TechProto.Items paired with ItemPoints.,{}
1071,item:6004,tech:3204,research_input,formal_game_data,runtime:LDB.techs,exact,,12,TechProto.Items paired with ItemPoints.,{}
1072,tech:3204,function:13,unlocks_function,formal_game_data,runtime:LDB.techs,exact,,0.9,Function semantics remain an interpretation layer; ID/value are exact runtime data.,{}
1073,tech:3204,tech:3205,pretech_explicit,formal_game_data,runtime:LDB.techs,exact,,,Direct TechProto.PreTechs prerequisite.,"{""target_pretechs_max"":false}"
1074,item:6001,tech:3205,research_input,formal_game_data,runtime:LDB.techs,exact,,12,TechProto.Items paired with ItemPoints.,{}
1075,item:6002,tech:3205,research_input,formal_game_data,runtime:LDB.techs,exact,,12,TechProto.Items paired with ItemPoints.,{}
1076,item:6003,tech:3205,research_input,formal_game_data,runtime:LDB.techs,exact,,12,TechProto.Items paired with ItemPoints.,{}
1077,item:6004,tech:3205,research_input,formal_game_data,runtime:LDB.techs,exact,,12,TechProto.Items paired with ItemPoints.,{}
1078,tech:3205,function:13,unlocks_function,formal_game_data,runtime:LDB.techs,exact,,0.9,Function semantics remain an interpretation layer; ID/value are exact runtime data.,{}
1079,tech:3205,tech:3206,pretech_explicit,formal_game_data,runtime:LDB.techs,exact,,,Direct TechProto.PreTechs prerequisite.,"{""target_pretechs_max"":false}"
1080,item:6001,tech:3206,research_input,formal_game_data,runtime:LDB.techs,exact,,12,TechProto.Items paired with ItemPoints.,{}
1081,item:6002,tech:3206,research_input,formal_game_data,runtime:LDB.techs,exact,,12,TechProto.Items paired with ItemPoints.,{}
1082,item:6003,tech:3206,research_input,formal_game_data,runtime:LDB.techs,exact,,12,TechProto.Items paired with ItemPoints.,{}
1083,item:6004,tech:3206,research_input,formal_game_data,runtime:LDB.techs,exact,,12,TechProto.Items paired with ItemPoints.,{}
1084,item:6005,tech:3206,research_input,formal_game_data,runtime:LDB.techs,exact,,12,TechProto.Items paired with ItemPoints.,{}
1085,tech:3206,function:13,unlocks_function,formal_game_data,runtime:LDB.techs,exact,,0.9,Function semantics remain an interpretation layer; ID/value are exact runtime data.,{}
1086,tech:3206,tech:3207,pretech_explicit,formal_game_data,runtime:LDB.techs,exact,,,Direct TechProto.PreTechs prerequisite.,"{""target_pretechs_max"":false}"
1087,item:6001,tech:3207,research_input,formal_game_data,runtime:LDB.techs,exact,,4,TechProto.Items paired with ItemPoints.,{}
1088,item:6002,tech:3207,research_input,formal_game_data,runtime:LDB.techs,exact,,4,TechProto.Items paired with ItemPoints.,{}
1089,item:6003,tech:3207,research_input,formal_game_data,runtime:LDB.techs,exact,,4,TechProto.Items paired with ItemPoints.,{}
1090,item:6004,tech:3207,research_input,formal_game_data,runtime:LDB.techs,exact,,4,TechProto.Items paired with ItemPoints.,{}
1091,item:6005,tech:3207,research_input,formal_game_data,runtime:LDB.techs,exact,,4,TechProto.Items paired with ItemPoints.,{}
1092,tech:3207,function:13,unlocks_function,formal_game_data,runtime:LDB.techs,exact,,0.85,Function semantics remain an interpretation layer; ID/value are exact runtime data.,{}
1093,tech:3207,tech:3208,pretech_explicit,formal_game_data,runtime:LDB.techs,exact,,,Direct TechProto.PreTechs prerequisite.,"{""target_pretechs_max"":false}"
1094,item:6006,tech:3208,research_input,formal_game_data,runtime:LDB.techs,exact,,4,TechProto.Items paired with ItemPoints.,{}
1095,tech:3208,function:13,unlocks_function,formal_game_data,runtime:LDB.techs,exact,,0.85,Function semantics remain an interpretation layer; ID/value are exact runtime data.,{}
1096,tech:1607,tech:3301,pretech_implicit,formal_game_data,runtime:LDB.techs,exact,,,Direct TechProto.PreTechsImplicit prerequisite not represented as an ordinary displayed prerequisite.,"{""target_pretechs_max"":false}"
1097,item:6001,tech:3301,research_input,formal_game_data,runtime:LDB.techs,exact,,40,TechProto.Items paired with ItemPoints.,{}
1098,item:6002,tech:3301,research_input,formal_game_data,runtime:LDB.techs,exact,,40,TechProto.Items paired with ItemPoints.,{}
1099,item:6003,tech:3301,research_input,formal_game_data,runtime:LDB.techs,exact,,40,TechProto.Items paired with ItemPoints.,{}
1100,tech:3301,function:14,unlocks_function,formal_game_data,runtime:LDB.techs,exact,,4,Function semantics remain an interpretation layer; ID/value are exact runtime data.,{}
1101,tech:3301,tech:3302,pretech_explicit,formal_game_data,runtime:LDB.techs,exact,,,Direct TechProto.PreTechs prerequisite.,"{""target_pretechs_max"":false}"
1102,item:6001,tech:3302,research_input,formal_game_data,runtime:LDB.techs,exact,,20,TechProto.Items paired with ItemPoints.,{}
1103,item:6002,tech:3302,research_input,formal_game_data,runtime:LDB.techs,exact,,20,TechProto.Items paired with ItemPoints.,{}
1104,item:6003,tech:3302,research_input,formal_game_data,runtime:LDB.techs,exact,,20,TechProto.Items paired with ItemPoints.,{}
1105,tech:3302,function:14,unlocks_function,formal_game_data,runtime:LDB.techs,exact,,5,Function semantics remain an interpretation layer; ID/value are exact runtime data.,{}
1106,tech:3302,tech:3303,pretech_explicit,formal_game_data,runtime:LDB.techs,exact,,,Direct TechProto.PreTechs prerequisite.,"{""target_pretechs_max"":false}"
1107,item:6001,tech:3303,research_input,formal_game_data,runtime:LDB.techs,exact,,20,TechProto.Items paired with ItemPoints.,{}
1108,item:6002,tech:3303,research_input,formal_game_data,runtime:LDB.techs,exact,,20,TechProto.Items paired with ItemPoints.,{}
1109,item:6003,tech:3303,research_input,formal_game_data,runtime:LDB.techs,exact,,20,TechProto.Items paired with ItemPoints.,{}
1110,tech:3303,function:14,unlocks_function,formal_game_data,runtime:LDB.techs,exact,,6,Function semantics remain an interpretation layer; ID/value are exact runtime data.,{}
1111,tech:3303,tech:3304,pretech_explicit,formal_game_data,runtime:LDB.techs,exact,,,Direct TechProto.PreTechs prerequisite.,"{""target_pretechs_max"":false}"
1112,item:6001,tech:3304,research_input,formal_game_data,runtime:LDB.techs,exact,,12,TechProto.Items paired with ItemPoints.,{}
1113,item:6002,tech:3304,research_input,formal_game_data,runtime:LDB.techs,exact,,12,TechProto.Items paired with ItemPoints.,{}
1114,item:6003,tech:3304,research_input,formal_game_data,runtime:LDB.techs,exact,,12,TechProto.Items paired with ItemPoints.,{}
1115,tech:3304,function:14,unlocks_function,formal_game_data,runtime:LDB.techs,exact,,7,Function semantics remain an interpretation layer; ID/value are exact runtime data.,{}
1116,tech:3304,tech:3305,pretech_explicit,formal_game_data,runtime:LDB.techs,exact,,,Direct TechProto.PreTechs prerequisite.,"{""target_pretechs_max"":false}"
1117,item:6001,tech:3305,research_input,formal_game_data,runtime:LDB.techs,exact,,6,TechProto.Items paired with ItemPoints.,{}
1118,item:6002,tech:3305,research_input,formal_game_data,runtime:LDB.techs,exact,,6,TechProto.Items paired with ItemPoints.,{}
1119,item:6003,tech:3305,research_input,formal_game_data,runtime:LDB.techs,exact,,6,TechProto.Items paired with ItemPoints.,{}
1120,tech:3305,function:14,unlocks_function,formal_game_data,runtime:LDB.techs,exact,,8,Function semantics remain an interpretation layer; ID/value are exact runtime data.,{}
1121,tech:3305,tech:3306,pretech_explicit,formal_game_data,runtime:LDB.techs,exact,,,Direct TechProto.PreTechs prerequisite.,"{""target_pretechs_max"":false}"
1122,tech:1607,tech:3306,pretech_implicit,formal_game_data,runtime:LDB.techs,exact,,,Direct TechProto.PreTechsImplicit prerequisite not represented as an ordinary displayed prerequisite.,"{""target_pretechs_max"":false}"
1123,item:6001,tech:3306,research_input,formal_game_data,runtime:LDB.techs,exact,,6,TechProto.Items paired with ItemPoints.,{}
1124,item:6002,tech:3306,research_input,formal_game_data,runtime:LDB.techs,exact,,6,TechProto.Items paired with ItemPoints.,{}
1125,item:6003,tech:3306,research_input,formal_game_data,runtime:LDB.techs,exact,,6,TechProto.Items paired with ItemPoints.,{}
1126,tech:3306,function:39,unlocks_function,formal_game_data,runtime:LDB.techs,exact,,1,Function semantics remain an interpretation layer; ID/value are exact runtime data.,{}
1127,tech:3306,function:40,unlocks_function,formal_game_data,runtime:LDB.techs,exact,,1,Function semantics remain an interpretation layer; ID/value are exact runtime data.,{}
1128,tech:1607,tech:3311,pretech_implicit,formal_game_data,runtime:LDB.techs,exact,,,Direct TechProto.PreTechsImplicit prerequisite not represented as an ordinary displayed prerequisite.,"{""target_pretechs_max"":false}"
1129,item:6001,tech:3311,research_input,formal_game_data,runtime:LDB.techs,exact,,30,TechProto.Items paired with ItemPoints.,{}
1130,item:6002,tech:3311,research_input,formal_game_data,runtime:LDB.techs,exact,,30,TechProto.Items paired with ItemPoints.,{}
1131,item:6003,tech:3311,research_input,formal_game_data,runtime:LDB.techs,exact,,30,TechProto.Items paired with ItemPoints.,{}
1132,tech:3311,function:39,unlocks_function,formal_game_data,runtime:LDB.techs,exact,,2,Function semantics remain an interpretation layer; ID/value are exact runtime data.,{}
1133,tech:3311,tech:3312,pretech_explicit,formal_game_data,runtime:LDB.techs,exact,,,Direct TechProto.PreTechs prerequisite.,"{""target_pretechs_max"":false}"
1134,item:6001,tech:3312,research_input,formal_game_data,runtime:LDB.techs,exact,,30,TechProto.Items paired with ItemPoints.,{}
1135,item:6002,tech:3312,research_input,formal_game_data,runtime:LDB.techs,exact,,30,TechProto.Items paired with ItemPoints.,{}
1136,item:6003,tech:3312,research_input,formal_game_data,runtime:LDB.techs,exact,,30,TechProto.Items paired with ItemPoints.,{}
1137,tech:3312,function:41,unlocks_function,formal_game_data,runtime:LDB.techs,exact,,3,Function semantics remain an interpretation layer; ID/value are exact runtime data.,{}
1138,tech:3312,tech:3313,pretech_explicit,formal_game_data,runtime:LDB.techs,exact,,,Direct TechProto.PreTechs prerequisite.,"{""target_pretechs_max"":false}"
1139,item:6001,tech:3313,research_input,formal_game_data,runtime:LDB.techs,exact,,30,TechProto.Items paired with ItemPoints.,{}
1140,item:6002,tech:3313,research_input,formal_game_data,runtime:LDB.techs,exact,,30,TechProto.Items paired with ItemPoints.,{}
1141,item:6003,tech:3313,research_input,formal_game_data,runtime:LDB.techs,exact,,30,TechProto.Items paired with ItemPoints.,{}
1142,tech:3313,function:39,unlocks_function,formal_game_data,runtime:LDB.techs,exact,,3,Function semantics remain an interpretation layer; ID/value are exact runtime data.,{}
1143,tech:3313,tech:3314,pretech_explicit,formal_game_data,runtime:LDB.techs,exact,,,Direct TechProto.PreTechs prerequisite.,"{""target_pretechs_max"":false}"
1144,item:6001,tech:3314,research_input,formal_game_data,runtime:LDB.techs,exact,,15,TechProto.Items paired with ItemPoints.,{}
1145,item:6002,tech:3314,research_input,formal_game_data,runtime:LDB.techs,exact,,15,TechProto.Items paired with ItemPoints.,{}
1146,item:6003,tech:3314,research_input,formal_game_data,runtime:LDB.techs,exact,,15,TechProto.Items paired with ItemPoints.,{}
1147,tech:3314,function:41,unlocks_function,formal_game_data,runtime:LDB.techs,exact,,4,Function semantics remain an interpretation layer; ID/value are exact runtime data.,{}
1148,tech:3314,tech:3315,pretech_explicit,formal_game_data,runtime:LDB.techs,exact,,,Direct TechProto.PreTechs prerequisite.,"{""target_pretechs_max"":false}"
1149,item:6001,tech:3315,research_input,formal_game_data,runtime:LDB.techs,exact,,15,TechProto.Items paired with ItemPoints.,{}
1150,item:6002,tech:3315,research_input,formal_game_data,runtime:LDB.techs,exact,,15,TechProto.Items paired with ItemPoints.,{}
1151,item:6003,tech:3315,research_input,formal_game_data,runtime:LDB.techs,exact,,15,TechProto.Items paired with ItemPoints.,{}
1152,tech:3315,function:39,unlocks_function,formal_game_data,runtime:LDB.techs,exact,,4,Function semantics remain an interpretation layer; ID/value are exact runtime data.,{}
1153,tech:3315,tech:3316,pretech_explicit,formal_game_data,runtime:LDB.techs,exact,,,Direct TechProto.PreTechs prerequisite.,"{""target_pretechs_max"":false}"
1154,tech:1607,tech:3316,pretech_implicit,formal_game_data,runtime:LDB.techs,exact,,,Direct TechProto.PreTechsImplicit prerequisite not represented as an ordinary displayed prerequisite.,"{""target_pretechs_max"":false}"
1155,item:6001,tech:3316,research_input,formal_game_data,runtime:LDB.techs,exact,,6,TechProto.Items paired with ItemPoints.,{}
1156,item:6002,tech:3316,research_input,formal_game_data,runtime:LDB.techs,exact,,6,TechProto.Items paired with ItemPoints.,{}
1157,item:6003,tech:3316,research_input,formal_game_data,runtime:LDB.techs,exact,,6,TechProto.Items paired with ItemPoints.,{}
1158,item:6005,tech:3316,research_input,formal_game_data,runtime:LDB.techs,exact,,6,TechProto.Items paired with ItemPoints.,{}
1159,tech:3316,function:40,unlocks_function,formal_game_data,runtime:LDB.techs,exact,,1,Function semantics remain an interpretation layer; ID/value are exact runtime data.,{}
1160,tech:1608,tech:4001,pretech_implicit,formal_game_data,runtime:LDB.techs,exact,,,Direct TechProto.PreTechsImplicit prerequisite not represented as an ordinary displayed prerequisite.,"{""target_pretechs_max"":false}"
1161,item:6001,tech:4001,research_input,formal_game_data,runtime:LDB.techs,exact,,40,TechProto.Items paired with ItemPoints.,{}
1162,item:6002,tech:4001,research_input,formal_game_data,runtime:LDB.techs,exact,,40,TechProto.Items paired with ItemPoints.,{}
1163,tech:4001,function:36,unlocks_function,formal_game_data,runtime:LDB.techs,exact,,20,Function semantics remain an interpretation layer; ID/value are exact runtime data.,{}
1164,tech:4001,tech:4002,pretech_explicit,formal_game_data,runtime:LDB.techs,exact,,,Direct TechProto.PreTechs prerequisite.,"{""target_pretechs_max"":false}"
1165,item:6001,tech:4002,research_input,formal_game_data,runtime:LDB.techs,exact,,20,TechProto.Items paired with ItemPoints.,{}
1166,item:6002,tech:4002,research_input,formal_game_data,runtime:LDB.techs,exact,,20,TechProto.Items paired with ItemPoints.,{}
1167,item:6003,tech:4002,research_input,formal_game_data,runtime:LDB.techs,exact,,20,TechProto.Items paired with ItemPoints.,{}
1168,tech:4002,function:36,unlocks_function,formal_game_data,runtime:LDB.techs,exact,,20,Function semantics remain an interpretation layer; ID/value are exact runtime data.,{}
1169,tech:4002,tech:4003,pretech_explicit,formal_game_data,runtime:LDB.techs,exact,,,Direct TechProto.PreTechs prerequisite.,"{""target_pretechs_max"":false}"
1170,item:6001,tech:4003,research_input,formal_game_data,runtime:LDB.techs,exact,,20,TechProto.Items paired with ItemPoints.,{}
1171,item:6002,tech:4003,research_input,formal_game_data,runtime:LDB.techs,exact,,20,TechProto.Items paired with ItemPoints.,{}
1172,item:6003,tech:4003,research_input,formal_game_data,runtime:LDB.techs,exact,,20,TechProto.Items paired with ItemPoints.,{}
1173,tech:4003,function:36,unlocks_function,formal_game_data,runtime:LDB.techs,exact,,30,Function semantics remain an interpretation layer; ID/value are exact runtime data.,{}
1174,tech:4003,tech:4004,pretech_explicit,formal_game_data,runtime:LDB.techs,exact,,,Direct TechProto.PreTechs prerequisite.,"{""target_pretechs_max"":false}"
1175,item:6001,tech:4004,research_input,formal_game_data,runtime:LDB.techs,exact,,20,TechProto.Items paired with ItemPoints.,{}
1176,item:6002,tech:4004,research_input,formal_game_data,runtime:LDB.techs,exact,,20,TechProto.Items paired with ItemPoints.,{}
1177,item:6003,tech:4004,research_input,formal_game_data,runtime:LDB.techs,exact,,20,TechProto.Items paired with ItemPoints.,{}
1178,item:6004,tech:4004,research_input,formal_game_data,runtime:LDB.techs,exact,,20,TechProto.Items paired with ItemPoints.,{}
1179,tech:4004,function:36,unlocks_function,formal_game_data,runtime:LDB.techs,exact,,30,Function semantics remain an interpretation layer; ID/value are exact runtime data.,{}
1180,tech:4004,tech:4005,pretech_explicit,formal_game_data,runtime:LDB.techs,exact,,,Direct TechProto.PreTechs prerequisite.,"{""target_pretechs_max"":false}"
1181,item:6001,tech:4005,research_input,formal_game_data,runtime:LDB.techs,exact,,12,TechProto.Items paired with ItemPoints.,{}
1182,item:6002,tech:4005,research_input,formal_game_data,runtime:LDB.techs,exact,,12,TechProto.Items paired with ItemPoints.,{}
1183,item:6003,tech:4005,research_input,formal_game_data,runtime:LDB.techs,exact,,12,TechProto.Items paired with ItemPoints.,{}
1184,item:6004,tech:4005,research_input,formal_game_data,runtime:LDB.techs,exact,,12,TechProto.Items paired with ItemPoints.,{}
1185,item:6005,tech:4005,research_input,formal_game_data,runtime:LDB.techs,exact,,12,TechProto.Items paired with ItemPoints.,{}
1186,tech:4005,function:36,unlocks_function,formal_game_data,runtime:LDB.techs,exact,,40,Function semantics remain an interpretation layer; ID/value are exact runtime data.,{}
1187,tech:1604,tech:3401,pretech_implicit,formal_game_data,runtime:LDB.techs,exact,,,Direct TechProto.PreTechsImplicit prerequisite not represented as an ordinary displayed prerequisite.,"{""target_pretechs_max"":false}"
1188,item:6001,tech:3401,research_input,formal_game_data,runtime:LDB.techs,exact,,40,TechProto.Items paired with ItemPoints.,{}
1189,item:6002,tech:3401,research_input,formal_game_data,runtime:LDB.techs,exact,,40,TechProto.Items paired with ItemPoints.,{}
1190,item:6003,tech:3401,research_input,formal_game_data,runtime:LDB.techs,exact,,40,TechProto.Items paired with ItemPoints.,{}
1191,tech:3401,function:15,unlocks_function,formal_game_data,runtime:LDB.techs,exact,,0.2,Function semantics remain an interpretation layer; ID/value are exact runtime data.,{}
1192,tech:3401,function:34,unlocks_function,formal_game_data,runtime:LDB.techs,exact,,0.1,Function semantics remain an interpretation layer; ID/value are exact runtime data.,{}
1193,tech:3401,tech:3402,pretech_explicit,formal_game_data,runtime:LDB.techs,exact,,,Direct TechProto.PreTechs prerequisite.,"{""target_pretechs_max"":false}"
1194,item:6001,tech:3402,research_input,formal_game_data,runtime:LDB.techs,exact,,20,TechProto.Items paired with ItemPoints.,{}
1195,item:6002,tech:3402,research_input,formal_game_data,runtime:LDB.techs,exact,,20,TechProto.Items paired with ItemPoints.,{}
1196,item:6003,tech:3402,research_input,formal_game_data,runtime:LDB.techs,exact,,20,TechProto.Items paired with ItemPoints.,{}
1197,tech:3402,function:15,unlocks_function,formal_game_data,runtime:LDB.techs,exact,,0.2,Function semantics remain an interpretation layer; ID/value are exact runtime data.,{}
1198,tech:3402,function:34,unlocks_function,formal_game_data,runtime:LDB.techs,exact,,0.1,Function semantics remain an interpretation layer; ID/value are exact runtime data.,{}
1199,tech:3402,tech:3403,pretech_explicit,formal_game_data,runtime:LDB.techs,exact,,,Direct TechProto.PreTechs prerequisite.,"{""target_pretechs_max"":false}"
1200,tech:1605,tech:3403,pretech_implicit,formal_game_data,runtime:LDB.techs,exact,,,Direct TechProto.PreTechsImplicit prerequisite not represented as an ordinary displayed prerequisite.,"{""target_pretechs_max"":false}"
1201,item:6001,tech:3403,research_input,formal_game_data,runtime:LDB.techs,exact,,20,TechProto.Items paired with ItemPoints.,{}
1202,item:6002,tech:3403,research_input,formal_game_data,runtime:LDB.techs,exact,,20,TechProto.Items paired with ItemPoints.,{}
1203,item:6003,tech:3403,research_input,formal_game_data,runtime:LDB.techs,exact,,20,TechProto.Items paired with ItemPoints.,{}
1204,tech:3403,function:15,unlocks_function,formal_game_data,runtime:LDB.techs,exact,,0.3,Function semantics remain an interpretation layer; ID/value are exact runtime data.,{}
1205,tech:3403,function:34,unlocks_function,formal_game_data,runtime:LDB.techs,exact,,0.15,Function semantics remain an interpretation layer; ID/value are exact runtime data.,{}
1206,tech:3403,function:16,unlocks_function,formal_game_data,runtime:LDB.techs,exact,,0.5,Function semantics remain an interpretation layer; ID/value are exact runtime data.,{}
1207,tech:3403,tech:3404,pretech_explicit,formal_game_data,runtime:LDB.techs,exact,,,Direct TechProto.PreTechs prerequisite.,"{""target_pretechs_max"":false}"
1208,tech:2904,tech:3404,pretech_implicit,formal_game_data,runtime:LDB.techs,exact,,,Direct TechProto.PreTechsImplicit prerequisite not represented as an ordinary displayed prerequisite.,"{""target_pretechs_max"":false}"
1209,item:6001,tech:3404,research_input,formal_game_data,runtime:LDB.techs,exact,,12,TechProto.Items paired with ItemPoints.,{}
1210,item:6002,tech:3404,research_input,formal_game_data,runtime:LDB.techs,exact,,12,TechProto.Items paired with ItemPoints.,{}
1211,item:6003,tech:3404,research_input,formal_game_data,runtime:LDB.techs,exact,,12,TechProto.Items paired with ItemPoints.,{}
1212,item:6004,tech:3404,research_input,formal_game_data,runtime:LDB.techs,exact,,12,TechProto.Items paired with ItemPoints.,{}
1213,tech:3404,function:15,unlocks_function,formal_game_data,runtime:LDB.techs,exact,,0.3,Function semantics remain an interpretation layer; ID/value are exact runtime data.,{}
1214,tech:3404,function:34,unlocks_function,formal_game_data,runtime:LDB.techs,exact,,0.15,Function semantics remain an interpretation layer; ID/value are exact runtime data.,{}
1215,tech:3404,function:16,unlocks_function,formal_game_data,runtime:LDB.techs,exact,,0.5,Function semantics remain an interpretation layer; ID/value are exact runtime data.,{}
1216,tech:3404,function:17,unlocks_function,formal_game_data,runtime:LDB.techs,exact,,1,Function semantics remain an interpretation layer; ID/value are exact runtime data.,{}
1217,tech:3404,tech:3405,pretech_explicit,formal_game_data,runtime:LDB.techs,exact,,,Direct TechProto.PreTechs prerequisite.,"{""target_pretechs_max"":false}"
1218,item:6001,tech:3405,research_input,formal_game_data,runtime:LDB.techs,exact,,12,TechProto.Items paired with ItemPoints.,{}
1219,item:6002,tech:3405,research_input,formal_game_data,runtime:LDB.techs,exact,,12,TechProto.Items paired with ItemPoints.,{}
1220,item:6003,tech:3405,research_input,formal_game_data,runtime:LDB.techs,exact,,12,TechProto.Items paired with ItemPoints.,{}
1221,item:6004,tech:3405,research_input,formal_game_data,runtime:LDB.techs,exact,,12,TechProto.Items paired with ItemPoints.,{}
1222,item:6005,tech:3405,research_input,formal_game_data,runtime:LDB.techs,exact,,12,TechProto.Items paired with ItemPoints.,{}
1223,tech:3405,function:15,unlocks_function,formal_game_data,runtime:LDB.techs,exact,,0.4,Function semantics remain an interpretation layer; ID/value are exact runtime data.,{}
1224,tech:3405,function:34,unlocks_function,formal_game_data,runtime:LDB.techs,exact,,0.15,Function semantics remain an interpretation layer; ID/value are exact runtime data.,{}
1225,tech:3405,function:16,unlocks_function,formal_game_data,runtime:LDB.techs,exact,,0.5,Function semantics remain an interpretation layer; ID/value are exact runtime data.,{}
1226,tech:3405,tech:3406,pretech_explicit,formal_game_data,runtime:LDB.techs,exact,,,Direct TechProto.PreTechs prerequisite.,"{""target_pretechs_max"":false}"
1227,item:6001,tech:3406,research_input,formal_game_data,runtime:LDB.techs,exact,,4,TechProto.Items paired with ItemPoints.,{}
1228,item:6002,tech:3406,research_input,formal_game_data,runtime:LDB.techs,exact,,4,TechProto.Items paired with ItemPoints.,{}
1229,item:6003,tech:3406,research_input,formal_game_data,runtime:LDB.techs,exact,,4,TechProto.Items paired with ItemPoints.,{}
1230,item:6004,tech:3406,research_input,formal_game_data,runtime:LDB.techs,exact,,4,TechProto.Items paired with ItemPoints.,{}
1231,item:6005,tech:3406,research_input,formal_game_data,runtime:LDB.techs,exact,,4,TechProto.Items paired with ItemPoints.,{}
1232,tech:3406,function:15,unlocks_function,formal_game_data,runtime:LDB.techs,exact,,0.4,Function semantics remain an interpretation layer; ID/value are exact runtime data.,{}
1233,tech:3406,function:34,unlocks_function,formal_game_data,runtime:LDB.techs,exact,,0.15,Function semantics remain an interpretation layer; ID/value are exact runtime data.,{}
1234,tech:3406,function:16,unlocks_function,formal_game_data,runtime:LDB.techs,exact,,0.5,Function semantics remain an interpretation layer; ID/value are exact runtime data.,{}
1235,tech:3406,tech:3407,pretech_explicit,formal_game_data,runtime:LDB.techs,exact,,,Direct TechProto.PreTechs prerequisite.,"{""target_pretechs_max"":false}"
1236,item:6006,tech:3407,research_input,formal_game_data,runtime:LDB.techs,exact,,4,TechProto.Items paired with ItemPoints.,{}
1237,tech:3407,function:15,unlocks_function,formal_game_data,runtime:LDB.techs,exact,,0.5,Function semantics remain an interpretation layer; ID/value are exact runtime data.,{}
1238,tech:3407,function:34,unlocks_function,formal_game_data,runtime:LDB.techs,exact,,0.2,Function semantics remain an interpretation layer; ID/value are exact runtime data.,{}
1239,tech:3407,function:16,unlocks_function,formal_game_data,runtime:LDB.techs,exact,,0.5,Function semantics remain an interpretation layer; ID/value are exact runtime data.,{}
1240,tech:1604,tech:3501,pretech_implicit,formal_game_data,runtime:LDB.techs,exact,,,Direct TechProto.PreTechsImplicit prerequisite not represented as an ordinary displayed prerequisite.,"{""target_pretechs_max"":false}"
1241,item:6001,tech:3501,research_input,formal_game_data,runtime:LDB.techs,exact,,40,TechProto.Items paired with ItemPoints.,{}
1242,item:6002,tech:3501,research_input,formal_game_data,runtime:LDB.techs,exact,,40,TechProto.Items paired with ItemPoints.,{}
1243,item:6003,tech:3501,research_input,formal_game_data,runtime:LDB.techs,exact,,40,TechProto.Items paired with ItemPoints.,{}
1244,tech:3501,function:35,unlocks_function,formal_game_data,runtime:LDB.techs,exact,,1,Function semantics remain an interpretation layer; ID/value are exact runtime data.,{}
1245,tech:3501,function:18,unlocks_function,formal_game_data,runtime:LDB.techs,exact,,5,Function semantics remain an interpretation layer; ID/value are exact runtime data.,{}
1246,tech:3501,tech:3502,pretech_explicit,formal_game_data,runtime:LDB.techs,exact,,,Direct TechProto.PreTechs prerequisite.,"{""target_pretechs_max"":false}"
1247,item:6001,tech:3502,research_input,formal_game_data,runtime:LDB.techs,exact,,20,TechProto.Items paired with ItemPoints.,{}
1248,item:6002,tech:3502,research_input,formal_game_data,runtime:LDB.techs,exact,,20,TechProto.Items paired with ItemPoints.,{}
1249,item:6003,tech:3502,research_input,formal_game_data,runtime:LDB.techs,exact,,20,TechProto.Items paired with ItemPoints.,{}
1250,tech:3502,function:35,unlocks_function,formal_game_data,runtime:LDB.techs,exact,,1,Function semantics remain an interpretation layer; ID/value are exact runtime data.,{}
1251,tech:3502,function:18,unlocks_function,formal_game_data,runtime:LDB.techs,exact,,5,Function semantics remain an interpretation layer; ID/value are exact runtime data.,{}
1252,tech:3502,tech:3503,pretech_explicit,formal_game_data,runtime:LDB.techs,exact,,,Direct TechProto.PreTechs prerequisite.,"{""target_pretechs_max"":false}"
1253,tech:1605,tech:3503,pretech_implicit,formal_game_data,runtime:LDB.techs,exact,,,Direct TechProto.PreTechsImplicit prerequisite not represented as an ordinary displayed prerequisite.,"{""target_pretechs_max"":false}"
1254,item:6001,tech:3503,research_input,formal_game_data,runtime:LDB.techs,exact,,20,TechProto.Items paired with ItemPoints.,{}
1255,item:6002,tech:3503,research_input,formal_game_data,runtime:LDB.techs,exact,,20,TechProto.Items paired with ItemPoints.,{}
1256,item:6003,tech:3503,research_input,formal_game_data,runtime:LDB.techs,exact,,20,TechProto.Items paired with ItemPoints.,{}
1257,tech:3503,function:35,unlocks_function,formal_game_data,runtime:LDB.techs,exact,,2,Function semantics remain an interpretation layer; ID/value are exact runtime data.,{}
1258,tech:3503,function:18,unlocks_function,formal_game_data,runtime:LDB.techs,exact,,5,Function semantics remain an interpretation layer; ID/value are exact runtime data.,{}
1259,tech:3503,function:19,unlocks_function,formal_game_data,runtime:LDB.techs,exact,,100,Function semantics remain an interpretation layer; ID/value are exact runtime data.,{}
1260,tech:3503,tech:3504,pretech_explicit,formal_game_data,runtime:LDB.techs,exact,,,Direct TechProto.PreTechs prerequisite.,"{""target_pretechs_max"":false}"
1261,item:6001,tech:3504,research_input,formal_game_data,runtime:LDB.techs,exact,,12,TechProto.Items paired with ItemPoints.,{}
1262,item:6002,tech:3504,research_input,formal_game_data,runtime:LDB.techs,exact,,12,TechProto.Items paired with ItemPoints.,{}
1263,item:6003,tech:3504,research_input,formal_game_data,runtime:LDB.techs,exact,,12,TechProto.Items paired with ItemPoints.,{}
1264,tech:3504,function:35,unlocks_function,formal_game_data,runtime:LDB.techs,exact,,2,Function semantics remain an interpretation layer; ID/value are exact runtime data.,{}
1265,tech:3504,function:18,unlocks_function,formal_game_data,runtime:LDB.techs,exact,,10,Function semantics remain an interpretation layer; ID/value are exact runtime data.,{}
1266,tech:3504,function:19,unlocks_function,formal_game_data,runtime:LDB.techs,exact,,100,Function semantics remain an interpretation layer; ID/value are exact runtime data.,{}
1267,tech:3504,tech:3505,pretech_explicit,formal_game_data,runtime:LDB.techs,exact,,,Direct TechProto.PreTechs prerequisite.,"{""target_pretechs_max"":false}"
1268,item:6001,tech:3505,research_input,formal_game_data,runtime:LDB.techs,exact,,6,TechProto.Items paired with ItemPoints.,{}
1269,item:6002,tech:3505,research_input,formal_game_data,runtime:LDB.techs,exact,,6,TechProto.Items paired with ItemPoints.,{}
1270,item:6003,tech:3505,research_input,formal_game_data,runtime:LDB.techs,exact,,6,TechProto.Items paired with ItemPoints.,{}
1271,item:6004,tech:3505,research_input,formal_game_data,runtime:LDB.techs,exact,,6,TechProto.Items paired with ItemPoints.,{}
1272,tech:3505,function:35,unlocks_function,formal_game_data,runtime:LDB.techs,exact,,2,Function semantics remain an interpretation layer; ID/value are exact runtime data.,{}
1273,tech:3505,function:18,unlocks_function,formal_game_data,runtime:LDB.techs,exact,,10,Function semantics remain an interpretation layer; ID/value are exact runtime data.,{}
1274,tech:3505,function:19,unlocks_function,formal_game_data,runtime:LDB.techs,exact,,100,Function semantics remain an interpretation layer; ID/value are exact runtime data.,{}
1275,tech:3505,tech:3506,pretech_explicit,formal_game_data,runtime:LDB.techs,exact,,,Direct TechProto.PreTechs prerequisite.,"{""target_pretechs_max"":false}"
1276,item:6001,tech:3506,research_input,formal_game_data,runtime:LDB.techs,exact,,6,TechProto.Items paired with ItemPoints.,{}
1277,item:6002,tech:3506,research_input,formal_game_data,runtime:LDB.techs,exact,,6,TechProto.Items paired with ItemPoints.,{}
1278,item:6003,tech:3506,research_input,formal_game_data,runtime:LDB.techs,exact,,6,TechProto.Items paired with ItemPoints.,{}
1279,item:6004,tech:3506,research_input,formal_game_data,runtime:LDB.techs,exact,,6,TechProto.Items paired with ItemPoints.,{}
1280,tech:3506,function:35,unlocks_function,formal_game_data,runtime:LDB.techs,exact,,2,Function semantics remain an interpretation layer; ID/value are exact runtime data.,{}
1281,tech:3506,function:18,unlocks_function,formal_game_data,runtime:LDB.techs,exact,,10,Function semantics remain an interpretation layer; ID/value are exact runtime data.,{}
1282,tech:3506,function:19,unlocks_function,formal_game_data,runtime:LDB.techs,exact,,100,Function semantics remain an interpretation layer; ID/value are exact runtime data.,{}
1283,tech:3506,tech:3507,pretech_explicit,formal_game_data,runtime:LDB.techs,exact,,,Direct TechProto.PreTechs prerequisite.,"{""target_pretechs_max"":false}"
1284,item:6001,tech:3507,research_input,formal_game_data,runtime:LDB.techs,exact,,3,TechProto.Items paired with ItemPoints.,{}
1285,item:6002,tech:3507,research_input,formal_game_data,runtime:LDB.techs,exact,,3,TechProto.Items paired with ItemPoints.,{}
1286,item:6003,tech:3507,research_input,formal_game_data,runtime:LDB.techs,exact,,3,TechProto.Items paired with ItemPoints.,{}
1287,item:6004,tech:3507,research_input,formal_game_data,runtime:LDB.techs,exact,,3,TechProto.Items paired with ItemPoints.,{}
1288,item:6005,tech:3507,research_input,formal_game_data,runtime:LDB.techs,exact,,3,TechProto.Items paired with ItemPoints.,{}
1289,tech:3507,function:35,unlocks_function,formal_game_data,runtime:LDB.techs,exact,,2,Function semantics remain an interpretation layer; ID/value are exact runtime data.,{}
1290,tech:3507,function:18,unlocks_function,formal_game_data,runtime:LDB.techs,exact,,10,Function semantics remain an interpretation layer; ID/value are exact runtime data.,{}
1291,tech:3507,function:19,unlocks_function,formal_game_data,runtime:LDB.techs,exact,,200,Function semantics remain an interpretation layer; ID/value are exact runtime data.,{}
1292,tech:3507,tech:3508,pretech_explicit,formal_game_data,runtime:LDB.techs,exact,,,Direct TechProto.PreTechs prerequisite.,"{""target_pretechs_max"":false}"
1293,item:6001,tech:3508,research_input,formal_game_data,runtime:LDB.techs,exact,,3,TechProto.Items paired with ItemPoints.,{}
1294,item:6002,tech:3508,research_input,formal_game_data,runtime:LDB.techs,exact,,3,TechProto.Items paired with ItemPoints.,{}
1295,item:6003,tech:3508,research_input,formal_game_data,runtime:LDB.techs,exact,,3,TechProto.Items paired with ItemPoints.,{}
1296,item:6004,tech:3508,research_input,formal_game_data,runtime:LDB.techs,exact,,3,TechProto.Items paired with ItemPoints.,{}
1297,item:6005,tech:3508,research_input,formal_game_data,runtime:LDB.techs,exact,,3,TechProto.Items paired with ItemPoints.,{}
1298,tech:3508,function:18,unlocks_function,formal_game_data,runtime:LDB.techs,exact,,20,Function semantics remain an interpretation layer; ID/value are exact runtime data.,{}
1299,tech:3508,function:19,unlocks_function,formal_game_data,runtime:LDB.techs,exact,,200,Function semantics remain an interpretation layer; ID/value are exact runtime data.,{}
1300,tech:3508,tech:3509,pretech_explicit,formal_game_data,runtime:LDB.techs,exact,,,Direct TechProto.PreTechs prerequisite.,"{""target_pretechs_max"":false}"
1301,item:6006,tech:3509,research_input,formal_game_data,runtime:LDB.techs,exact,,3,TechProto.Items paired with ItemPoints.,{}
1302,tech:3509,function:18,unlocks_function,formal_game_data,runtime:LDB.techs,exact,,20,Function semantics remain an interpretation layer; ID/value are exact runtime data.,{}
1303,tech:3509,function:19,unlocks_function,formal_game_data,runtime:LDB.techs,exact,,200,Function semantics remain an interpretation layer; ID/value are exact runtime data.,{}
1304,tech:3509,function:30,unlocks_function,formal_game_data,runtime:LDB.techs,exact,,1000,Function semantics remain an interpretation layer; ID/value are exact runtime data.,{}
1305,tech:3509,function:31,unlocks_function,formal_game_data,runtime:LDB.techs,exact,,2000,Function semantics remain an interpretation layer; ID/value are exact runtime data.,{}
1306,tech:3509,tech:3510,pretech_explicit,formal_game_data,runtime:LDB.techs,exact,,,Direct TechProto.PreTechs prerequisite.,"{""target_pretechs_max"":true}"
1307,item:6006,tech:3510,research_input,formal_game_data,runtime:LDB.techs,exact,,3,TechProto.Items paired with ItemPoints.,{}
1308,tech:3510,function:18,unlocks_function,formal_game_data,runtime:LDB.techs,exact,,20,Function semantics remain an interpretation layer; ID/value are exact runtime data.,{}
1309,tech:3510,function:19,unlocks_function,formal_game_data,runtime:LDB.techs,exact,,200,Function semantics remain an interpretation layer; ID/value are exact runtime data.,{}
1310,tech:3510,function:30,unlocks_function,formal_game_data,runtime:LDB.techs,exact,,1000,Function semantics remain an interpretation layer; ID/value are exact runtime data.,{}
1311,tech:3510,function:31,unlocks_function,formal_game_data,runtime:LDB.techs,exact,,2000,Function semantics remain an interpretation layer; ID/value are exact runtime data.,{}
1312,tech:3508,tech:3801,pretech_implicit,formal_game_data,runtime:LDB.techs,exact,,,Direct TechProto.PreTechsImplicit prerequisite not represented as an ordinary displayed prerequisite.,"{""target_pretechs_max"":false}"
1313,item:6006,tech:3801,research_input,formal_game_data,runtime:LDB.techs,exact,,3,TechProto.Items paired with ItemPoints.,{}
1314,tech:3801,function:29,unlocks_function,formal_game_data,runtime:LDB.techs,exact,,1,Function semantics remain an interpretation layer; ID/value are exact runtime data.,{}
1315,tech:3801,tech:3802,pretech_explicit,formal_game_data,runtime:LDB.techs,exact,,,Direct TechProto.PreTechs prerequisite.,"{""target_pretechs_max"":true}"
1316,tech:3509,tech:3802,pretech_implicit,formal_game_data,runtime:LDB.techs,exact,,,Direct TechProto.PreTechsImplicit prerequisite not represented as an ordinary displayed prerequisite.,"{""target_pretechs_max"":true}"
1317,item:6006,tech:3802,research_input,formal_game_data,runtime:LDB.techs,exact,,2,TechProto.Items paired with ItemPoints.,{}
1318,tech:3802,function:29,unlocks_function,formal_game_data,runtime:LDB.techs,exact,,1,Function semantics remain an interpretation layer; ID/value are exact runtime data.,{}
1319,tech:3802,tech:3803,pretech_explicit,formal_game_data,runtime:LDB.techs,exact,,,Direct TechProto.PreTechs prerequisite.,"{""target_pretechs_max"":true}"
1320,tech:3510,tech:3803,pretech_implicit,formal_game_data,runtime:LDB.techs,exact,,,Direct TechProto.PreTechsImplicit prerequisite not represented as an ordinary displayed prerequisite.,"{""target_pretechs_max"":true}"
1321,item:6006,tech:3803,research_input,formal_game_data,runtime:LDB.techs,exact,,2,TechProto.Items paired with ItemPoints.,{}
1322,tech:3803,function:29,unlocks_function,formal_game_data,runtime:LDB.techs,exact,,1,Function semantics remain an interpretation layer; ID/value are exact runtime data.,{}
1323,tech:1001,tech:3601,pretech_implicit,formal_game_data,runtime:LDB.techs,exact,,,Direct TechProto.PreTechsImplicit prerequisite not represented as an ordinary displayed prerequisite.,"{""target_pretechs_max"":false}"
1324,item:6001,tech:3601,research_input,formal_game_data,runtime:LDB.techs,exact,,40,TechProto.Items paired with ItemPoints.,{}
1325,item:6002,tech:3601,research_input,formal_game_data,runtime:LDB.techs,exact,,40,TechProto.Items paired with ItemPoints.,{}
1326,tech:3601,function:20,unlocks_function,formal_game_data,runtime:LDB.techs,exact,,0.94,Function semantics remain an interpretation layer; ID/value are exact runtime data.,{}
1327,tech:3601,function:21,unlocks_function,formal_game_data,runtime:LDB.techs,exact,,0.1,Function semantics remain an interpretation layer; ID/value are exact runtime data.,{}
1328,tech:3601,function:85,unlocks_function,formal_game_data,runtime:LDB.techs,exact,,0.04,Function semantics remain an interpretation layer; ID/value are exact runtime data.,{}
1329,tech:3601,tech:3602,pretech_explicit,formal_game_data,runtime:LDB.techs,exact,,,Direct TechProto.PreTechs prerequisite.,"{""target_pretechs_max"":false}"
1330,item:6001,tech:3602,research_input,formal_game_data,runtime:LDB.techs,exact,,20,TechProto.Items paired with ItemPoints.,{}
1331,item:6002,tech:3602,research_input,formal_game_data,runtime:LDB.techs,exact,,20,TechProto.Items paired with ItemPoints.,{}
1332,item:6003,tech:3602,research_input,formal_game_data,runtime:LDB.techs,exact,,20,TechProto.Items paired with ItemPoints.,{}
1333,tech:3602,function:20,unlocks_function,formal_game_data,runtime:LDB.techs,exact,,0.94,Function semantics remain an interpretation layer; ID/value are exact runtime data.,{}
1334,tech:3602,function:21,unlocks_function,formal_game_data,runtime:LDB.techs,exact,,0.1,Function semantics remain an interpretation layer; ID/value are exact runtime data.,{}
1335,tech:3602,function:85,unlocks_function,formal_game_data,runtime:LDB.techs,exact,,0.04,Function semantics remain an interpretation layer; ID/value are exact runtime data.,{}
1336,tech:3602,tech:3603,pretech_explicit,formal_game_data,runtime:LDB.techs,exact,,,Direct TechProto.PreTechs prerequisite.,"{""target_pretechs_max"":false}"
1337,item:6001,tech:3603,research_input,formal_game_data,runtime:LDB.techs,exact,,20,TechProto.Items paired with ItemPoints.,{}
1338,item:6002,tech:3603,research_input,formal_game_data,runtime:LDB.techs,exact,,20,TechProto.Items paired with ItemPoints.,{}
1339,item:6003,tech:3603,research_input,formal_game_data,runtime:LDB.techs,exact,,20,TechProto.Items paired with ItemPoints.,{}
1340,item:6004,tech:3603,research_input,formal_game_data,runtime:LDB.techs,exact,,20,TechProto.Items paired with ItemPoints.,{}
1341,tech:3603,function:20,unlocks_function,formal_game_data,runtime:LDB.techs,exact,,0.94,Function semantics remain an interpretation layer; ID/value are exact runtime data.,{}
1342,tech:3603,function:21,unlocks_function,formal_game_data,runtime:LDB.techs,exact,,0.1,Function semantics remain an interpretation layer; ID/value are exact runtime data.,{}
1343,tech:3603,function:85,unlocks_function,formal_game_data,runtime:LDB.techs,exact,,0.04,Function semantics remain an interpretation layer; ID/value are exact runtime data.,{}
1344,tech:3603,tech:3604,pretech_explicit,formal_game_data,runtime:LDB.techs,exact,,,Direct TechProto.PreTechs prerequisite.,"{""target_pretechs_max"":false}"
1345,item:6001,tech:3604,research_input,formal_game_data,runtime:LDB.techs,exact,,12,TechProto.Items paired with ItemPoints.,{}
1346,item:6002,tech:3604,research_input,formal_game_data,runtime:LDB.techs,exact,,12,TechProto.Items paired with ItemPoints.,{}
1347,item:6003,tech:3604,research_input,formal_game_data,runtime:LDB.techs,exact,,12,TechProto.Items paired with ItemPoints.,{}
1348,item:6004,tech:3604,research_input,formal_game_data,runtime:LDB.techs,exact,,12,TechProto.Items paired with ItemPoints.,{}
1349,tech:3604,function:20,unlocks_function,formal_game_data,runtime:LDB.techs,exact,,0.94,Function semantics remain an interpretation layer; ID/value are exact runtime data.,{}
1350,tech:3604,function:21,unlocks_function,formal_game_data,runtime:LDB.techs,exact,,0.1,Function semantics remain an interpretation layer; ID/value are exact runtime data.,{}
1351,tech:3604,function:85,unlocks_function,formal_game_data,runtime:LDB.techs,exact,,0.04,Function semantics remain an interpretation layer; ID/value are exact runtime data.,{}
1352,tech:3604,tech:3605,pretech_explicit,formal_game_data,runtime:LDB.techs,exact,,,Direct TechProto.PreTechs prerequisite.,"{""target_pretechs_max"":false}"
1353,item:6001,tech:3605,research_input,formal_game_data,runtime:LDB.techs,exact,,4,TechProto.Items paired with ItemPoints.,{}
1354,item:6002,tech:3605,research_input,formal_game_data,runtime:LDB.techs,exact,,4,TechProto.Items paired with ItemPoints.,{}
1355,item:6003,tech:3605,research_input,formal_game_data,runtime:LDB.techs,exact,,4,TechProto.Items paired with ItemPoints.,{}
1356,item:6004,tech:3605,research_input,formal_game_data,runtime:LDB.techs,exact,,4,TechProto.Items paired with ItemPoints.,{}
1357,item:6005,tech:3605,research_input,formal_game_data,runtime:LDB.techs,exact,,4,TechProto.Items paired with ItemPoints.,{}
1358,tech:3605,function:20,unlocks_function,formal_game_data,runtime:LDB.techs,exact,,0.94,Function semantics remain an interpretation layer; ID/value are exact runtime data.,{}
1359,tech:3605,function:21,unlocks_function,formal_game_data,runtime:LDB.techs,exact,,0.1,Function semantics remain an interpretation layer; ID/value are exact runtime data.,{}
1360,tech:3605,function:85,unlocks_function,formal_game_data,runtime:LDB.techs,exact,,0.04,Function semantics remain an interpretation layer; ID/value are exact runtime data.,{}
1361,tech:3605,tech:3606,pretech_explicit,formal_game_data,runtime:LDB.techs,exact,,,Direct TechProto.PreTechs prerequisite.,"{""target_pretechs_max"":false}"
1362,item:6006,tech:3606,research_input,formal_game_data,runtime:LDB.techs,exact,,4,TechProto.Items paired with ItemPoints.,{}
1363,tech:3606,function:20,unlocks_function,formal_game_data,runtime:LDB.techs,exact,,0.94,Function semantics remain an interpretation layer; ID/value are exact runtime data.,{}
1364,tech:3606,function:21,unlocks_function,formal_game_data,runtime:LDB.techs,exact,,0.1,Function semantics remain an interpretation layer; ID/value are exact runtime data.,{}
1365,tech:3606,function:85,unlocks_function,formal_game_data,runtime:LDB.techs,exact,,0.04,Function semantics remain an interpretation layer; ID/value are exact runtime data.,{}
1366,tech:1601,tech:3701,pretech_implicit,formal_game_data,runtime:LDB.techs,exact,,,Direct TechProto.PreTechsImplicit prerequisite not represented as an ordinary displayed prerequisite.,"{""target_pretechs_max"":false}"
1367,item:6002,tech:3701,research_input,formal_game_data,runtime:LDB.techs,exact,,40,TechProto.Items paired with ItemPoints.,{}
1368,tech:3701,function:24,unlocks_function,formal_game_data,runtime:LDB.techs,exact,,1,Function semantics remain an interpretation layer; ID/value are exact runtime data.,{}
1369,tech:3701,function:25,unlocks_function,formal_game_data,runtime:LDB.techs,exact,,2,Function semantics remain an interpretation layer; ID/value are exact runtime data.,{}
1370,tech:3701,tech:3702,pretech_explicit,formal_game_data,runtime:LDB.techs,exact,,,Direct TechProto.PreTechs prerequisite.,"{""target_pretechs_max"":false}"
1371,item:6002,tech:3702,research_input,formal_game_data,runtime:LDB.techs,exact,,20,TechProto.Items paired with ItemPoints.,{}
1372,tech:3702,function:24,unlocks_function,formal_game_data,runtime:LDB.techs,exact,,1,Function semantics remain an interpretation layer; ID/value are exact runtime data.,{}
1373,tech:3702,function:25,unlocks_function,formal_game_data,runtime:LDB.techs,exact,,2,Function semantics remain an interpretation layer; ID/value are exact runtime data.,{}
1374,tech:3702,tech:3703,pretech_explicit,formal_game_data,runtime:LDB.techs,exact,,,Direct TechProto.PreTechs prerequisite.,"{""target_pretechs_max"":false}"
1375,item:6002,tech:3703,research_input,formal_game_data,runtime:LDB.techs,exact,,20,TechProto.Items paired with ItemPoints.,{}
1376,item:6003,tech:3703,research_input,formal_game_data,runtime:LDB.techs,exact,,20,TechProto.Items paired with ItemPoints.,{}
1377,tech:3703,function:24,unlocks_function,formal_game_data,runtime:LDB.techs,exact,,1,Function semantics remain an interpretation layer; ID/value are exact runtime data.,{}
1378,tech:3703,function:25,unlocks_function,formal_game_data,runtime:LDB.techs,exact,,2,Function semantics remain an interpretation layer; ID/value are exact runtime data.,{}
1379,tech:3703,tech:3704,pretech_explicit,formal_game_data,runtime:LDB.techs,exact,,,Direct TechProto.PreTechs prerequisite.,"{""target_pretechs_max"":false}"
1380,item:6001,tech:3704,research_input,formal_game_data,runtime:LDB.techs,exact,,12,TechProto.Items paired with ItemPoints.,{}
1381,item:6002,tech:3704,research_input,formal_game_data,runtime:LDB.techs,exact,,12,TechProto.Items paired with ItemPoints.,{}
1382,item:6003,tech:3704,research_input,formal_game_data,runtime:LDB.techs,exact,,12,TechProto.Items paired with ItemPoints.,{}
1383,tech:3704,function:24,unlocks_function,formal_game_data,runtime:LDB.techs,exact,,1,Function semantics remain an interpretation layer; ID/value are exact runtime data.,{}
1384,tech:3704,function:25,unlocks_function,formal_game_data,runtime:LDB.techs,exact,,2,Function semantics remain an interpretation layer; ID/value are exact runtime data.,{}
1385,tech:3704,tech:3705,pretech_explicit,formal_game_data,runtime:LDB.techs,exact,,,Direct TechProto.PreTechs prerequisite.,"{""target_pretechs_max"":false}"
1386,item:6001,tech:3705,research_input,formal_game_data,runtime:LDB.techs,exact,,12,TechProto.Items paired with ItemPoints.,{}
1387,item:6002,tech:3705,research_input,formal_game_data,runtime:LDB.techs,exact,,12,TechProto.Items paired with ItemPoints.,{}
1388,item:6003,tech:3705,research_input,formal_game_data,runtime:LDB.techs,exact,,12,TechProto.Items paired with ItemPoints.,{}
1389,tech:3705,function:24,unlocks_function,formal_game_data,runtime:LDB.techs,exact,,1,Function semantics remain an interpretation layer; ID/value are exact runtime data.,{}
1390,tech:3705,function:25,unlocks_function,formal_game_data,runtime:LDB.techs,exact,,2,Function semantics remain an interpretation layer; ID/value are exact runtime data.,{}
1391,tech:3705,tech:3706,pretech_explicit,formal_game_data,runtime:LDB.techs,exact,,,Direct TechProto.PreTechs prerequisite.,"{""target_pretechs_max"":false}"
1392,item:6001,tech:3706,research_input,formal_game_data,runtime:LDB.techs,exact,,6,TechProto.Items paired with ItemPoints.,{}
1393,item:6002,tech:3706,research_input,formal_game_data,runtime:LDB.techs,exact,,6,TechProto.Items paired with ItemPoints.,{}
1394,item:6003,tech:3706,research_input,formal_game_data,runtime:LDB.techs,exact,,6,TechProto.Items paired with ItemPoints.,{}
1395,item:6005,tech:3706,research_input,formal_game_data,runtime:LDB.techs,exact,,6,TechProto.Items paired with ItemPoints.,{}
1396,tech:3706,function:24,unlocks_function,formal_game_data,runtime:LDB.techs,exact,,1,Function semantics remain an interpretation layer; ID/value are exact runtime data.,{}
1397,tech:3706,function:25,unlocks_function,formal_game_data,runtime:LDB.techs,exact,,2,Function semantics remain an interpretation layer; ID/value are exact runtime data.,{}
1398,tech:1312,tech:3901,pretech_implicit,formal_game_data,runtime:LDB.techs,exact,,,Direct TechProto.PreTechsImplicit prerequisite not represented as an ordinary displayed prerequisite.,"{""target_pretechs_max"":false}"
1399,item:6004,tech:3901,research_input,formal_game_data,runtime:LDB.techs,exact,,6,TechProto.Items paired with ItemPoints.,{}
1400,tech:3901,function:22,unlocks_function,formal_game_data,runtime:LDB.techs,exact,,1,Function semantics remain an interpretation layer; ID/value are exact runtime data.,{}
1401,tech:3901,tech:3902,pretech_explicit,formal_game_data,runtime:LDB.techs,exact,,,Direct TechProto.PreTechs prerequisite.,"{""target_pretechs_max"":false}"
1402,item:6004,tech:3902,research_input,formal_game_data,runtime:LDB.techs,exact,,6,TechProto.Items paired with ItemPoints.,{}
1403,tech:3902,function:22,unlocks_function,formal_game_data,runtime:LDB.techs,exact,,1,Function semantics remain an interpretation layer; ID/value are exact runtime data.,{}
1404,tech:3902,tech:3903,pretech_explicit,formal_game_data,runtime:LDB.techs,exact,,,Direct TechProto.PreTechs prerequisite.,"{""target_pretechs_max"":false}"
1405,item:6004,tech:3903,research_input,formal_game_data,runtime:LDB.techs,exact,,6,TechProto.Items paired with ItemPoints.,{}
1406,tech:3903,function:22,unlocks_function,formal_game_data,runtime:LDB.techs,exact,,1,Function semantics remain an interpretation layer; ID/value are exact runtime data.,{}
1407,tech:3903,tech:3904,pretech_explicit,formal_game_data,runtime:LDB.techs,exact,,,Direct TechProto.PreTechs prerequisite.,"{""target_pretechs_max"":false}"
1408,item:6006,tech:3904,research_input,formal_game_data,runtime:LDB.techs,exact,,2,TechProto.Items paired with ItemPoints.,{}
1409,tech:3904,function:22,unlocks_function,formal_game_data,runtime:LDB.techs,exact,,1,Function semantics remain an interpretation layer; ID/value are exact runtime data.,{}
1410,item:6001,tech:4101,research_input,formal_game_data,runtime:LDB.techs,exact,,20,TechProto.Items paired with ItemPoints.,{}
1411,tech:4101,function:23,unlocks_function,formal_game_data,runtime:LDB.techs,exact,,1,Function semantics remain an interpretation layer; ID/value are exact runtime data.,{}
1412,tech:4101,tech:4102,pretech_explicit,formal_game_data,runtime:LDB.techs,exact,,,Direct TechProto.PreTechs prerequisite.,"{""target_pretechs_max"":false}"
1413,item:6001,tech:4102,research_input,formal_game_data,runtime:LDB.techs,exact,,20,TechProto.Items paired with ItemPoints.,{}
1414,tech:4102,function:23,unlocks_function,formal_game_data,runtime:LDB.techs,exact,,2,Function semantics remain an interpretation layer; ID/value are exact runtime data.,{}
1415,tech:4102,tech:4103,pretech_explicit,formal_game_data,runtime:LDB.techs,exact,,,Direct TechProto.PreTechs prerequisite.,"{""target_pretechs_max"":false}"
1416,tech:2902,tech:4103,pretech_implicit,formal_game_data,runtime:LDB.techs,exact,,,Direct TechProto.PreTechsImplicit prerequisite not represented as an ordinary displayed prerequisite.,"{""target_pretechs_max"":false}"
1417,item:6001,tech:4103,research_input,formal_game_data,runtime:LDB.techs,exact,,12,TechProto.Items paired with ItemPoints.,{}
1418,item:6002,tech:4103,research_input,formal_game_data,runtime:LDB.techs,exact,,12,TechProto.Items paired with ItemPoints.,{}
1419,item:6004,tech:4103,research_input,formal_game_data,runtime:LDB.techs,exact,,12,TechProto.Items paired with ItemPoints.,{}
1420,tech:4103,function:23,unlocks_function,formal_game_data,runtime:LDB.techs,exact,,3,Function semantics remain an interpretation layer; ID/value are exact runtime data.,{}
1421,tech:4103,tech:4104,pretech_explicit,formal_game_data,runtime:LDB.techs,exact,,,Direct TechProto.PreTechs prerequisite.,"{""target_pretechs_max"":false}"
1422,item:6001,tech:4104,research_input,formal_game_data,runtime:LDB.techs,exact,,6,TechProto.Items paired with ItemPoints.,{}
1423,item:6002,tech:4104,research_input,formal_game_data,runtime:LDB.techs,exact,,6,TechProto.Items paired with ItemPoints.,{}
1424,item:6004,tech:4104,research_input,formal_game_data,runtime:LDB.techs,exact,,6,TechProto.Items paired with ItemPoints.,{}
1425,item:6005,tech:4104,research_input,formal_game_data,runtime:LDB.techs,exact,,6,TechProto.Items paired with ItemPoints.,{}
1426,tech:4104,function:23,unlocks_function,formal_game_data,runtime:LDB.techs,exact,,4,Function semantics remain an interpretation layer; ID/value are exact runtime data.,{}
1427,tech:1801,tech:5001,pretech_implicit,formal_game_data,runtime:LDB.techs,exact,,,Direct TechProto.PreTechsImplicit prerequisite not represented as an ordinary displayed prerequisite.,"{""target_pretechs_max"":false}"
1428,item:6001,tech:5001,research_input,formal_game_data,runtime:LDB.techs,exact,,10,TechProto.Items paired with ItemPoints.,{}
1429,tech:5001,function:61,unlocks_function,formal_game_data,runtime:LDB.techs,exact,,0.1,Function semantics remain an interpretation layer; ID/value are exact runtime data.,{}
1430,tech:5001,tech:5002,pretech_explicit,formal_game_data,runtime:LDB.techs,exact,,,Direct TechProto.PreTechs prerequisite.,"{""target_pretechs_max"":false}"
1431,item:6001,tech:5002,research_input,formal_game_data,runtime:LDB.techs,exact,,10,TechProto.Items paired with ItemPoints.,{}
1432,item:6002,tech:5002,research_input,formal_game_data,runtime:LDB.techs,exact,,10,TechProto.Items paired with ItemPoints.,{}
1433,tech:5002,function:61,unlocks_function,formal_game_data,runtime:LDB.techs,exact,,0.1,Function semantics remain an interpretation layer; ID/value are exact runtime data.,{}
1434,tech:5002,tech:5003,pretech_explicit,formal_game_data,runtime:LDB.techs,exact,,,Direct TechProto.PreTechs prerequisite.,"{""target_pretechs_max"":false}"
1435,item:6001,tech:5003,research_input,formal_game_data,runtime:LDB.techs,exact,,10,TechProto.Items paired with ItemPoints.,{}
1436,item:6002,tech:5003,research_input,formal_game_data,runtime:LDB.techs,exact,,10,TechProto.Items paired with ItemPoints.,{}
1437,item:6003,tech:5003,research_input,formal_game_data,runtime:LDB.techs,exact,,10,TechProto.Items paired with ItemPoints.,{}
1438,tech:5003,function:61,unlocks_function,formal_game_data,runtime:LDB.techs,exact,,0.2,Function semantics remain an interpretation layer; ID/value are exact runtime data.,{}
1439,tech:5003,tech:5004,pretech_explicit,formal_game_data,runtime:LDB.techs,exact,,,Direct TechProto.PreTechs prerequisite.,"{""target_pretechs_max"":false}"
1440,item:6001,tech:5004,research_input,formal_game_data,runtime:LDB.techs,exact,,6,TechProto.Items paired with ItemPoints.,{}
1441,item:6002,tech:5004,research_input,formal_game_data,runtime:LDB.techs,exact,,6,TechProto.Items paired with ItemPoints.,{}
1442,item:6003,tech:5004,research_input,formal_game_data,runtime:LDB.techs,exact,,6,TechProto.Items paired with ItemPoints.,{}
1443,item:6004,tech:5004,research_input,formal_game_data,runtime:LDB.techs,exact,,6,TechProto.Items paired with ItemPoints.,{}
1444,tech:5004,function:61,unlocks_function,formal_game_data,runtime:LDB.techs,exact,,0.3,Function semantics remain an interpretation layer; ID/value are exact runtime data.,{}
1445,tech:5004,tech:5005,pretech_explicit,formal_game_data,runtime:LDB.techs,exact,,,Direct TechProto.PreTechs prerequisite.,"{""target_pretechs_max"":false}"
1446,item:6001,tech:5005,research_input,formal_game_data,runtime:LDB.techs,exact,,5,TechProto.Items paired with ItemPoints.,{}
1447,item:6002,tech:5005,research_input,formal_game_data,runtime:LDB.techs,exact,,5,TechProto.Items paired with ItemPoints.,{}
1448,item:6003,tech:5005,research_input,formal_game_data,runtime:LDB.techs,exact,,5,TechProto.Items paired with ItemPoints.,{}
1449,item:6004,tech:5005,research_input,formal_game_data,runtime:LDB.techs,exact,,5,TechProto.Items paired with ItemPoints.,{}
1450,item:6005,tech:5005,research_input,formal_game_data,runtime:LDB.techs,exact,,5,TechProto.Items paired with ItemPoints.,{}
1451,tech:5005,function:61,unlocks_function,formal_game_data,runtime:LDB.techs,exact,,0.3,Function semantics remain an interpretation layer; ID/value are exact runtime data.,{}
1452,tech:5005,tech:5006,pretech_explicit,formal_game_data,runtime:LDB.techs,exact,,,Direct TechProto.PreTechs prerequisite.,"{""target_pretechs_max"":false}"
1453,item:6006,tech:5006,research_input,formal_game_data,runtime:LDB.techs,exact,,4,TechProto.Items paired with ItemPoints.,{}
1454,tech:5006,function:61,unlocks_function,formal_game_data,runtime:LDB.techs,exact,,0.2,Function semantics remain an interpretation layer; ID/value are exact runtime data.,{}
1455,tech:1801,tech:5101,pretech_implicit,formal_game_data,runtime:LDB.techs,exact,,,Direct TechProto.PreTechsImplicit prerequisite not represented as an ordinary displayed prerequisite.,"{""target_pretechs_max"":false}"
1456,item:6001,tech:5101,research_input,formal_game_data,runtime:LDB.techs,exact,,10,TechProto.Items paired with ItemPoints.,{}
1457,tech:5101,function:62,unlocks_function,formal_game_data,runtime:LDB.techs,exact,,0.1,Function semantics remain an interpretation layer; ID/value are exact runtime data.,{}
1458,tech:5101,tech:5102,pretech_explicit,formal_game_data,runtime:LDB.techs,exact,,,Direct TechProto.PreTechs prerequisite.,"{""target_pretechs_max"":false}"
1459,item:6001,tech:5102,research_input,formal_game_data,runtime:LDB.techs,exact,,10,TechProto.Items paired with ItemPoints.,{}
1460,item:6002,tech:5102,research_input,formal_game_data,runtime:LDB.techs,exact,,10,TechProto.Items paired with ItemPoints.,{}
1461,tech:5102,function:62,unlocks_function,formal_game_data,runtime:LDB.techs,exact,,0.1,Function semantics remain an interpretation layer; ID/value are exact runtime data.,{}
1462,tech:5102,tech:5103,pretech_explicit,formal_game_data,runtime:LDB.techs,exact,,,Direct TechProto.PreTechs prerequisite.,"{""target_pretechs_max"":false}"
1463,item:6001,tech:5103,research_input,formal_game_data,runtime:LDB.techs,exact,,10,TechProto.Items paired with ItemPoints.,{}
1464,item:6002,tech:5103,research_input,formal_game_data,runtime:LDB.techs,exact,,10,TechProto.Items paired with ItemPoints.,{}
1465,item:6003,tech:5103,research_input,formal_game_data,runtime:LDB.techs,exact,,10,TechProto.Items paired with ItemPoints.,{}
1466,tech:5103,function:62,unlocks_function,formal_game_data,runtime:LDB.techs,exact,,0.2,Function semantics remain an interpretation layer; ID/value are exact runtime data.,{}
1467,tech:5103,tech:5104,pretech_explicit,formal_game_data,runtime:LDB.techs,exact,,,Direct TechProto.PreTechs prerequisite.,"{""target_pretechs_max"":false}"
1468,item:6001,tech:5104,research_input,formal_game_data,runtime:LDB.techs,exact,,6,TechProto.Items paired with ItemPoints.,{}
1469,item:6002,tech:5104,research_input,formal_game_data,runtime:LDB.techs,exact,,6,TechProto.Items paired with ItemPoints.,{}
1470,item:6003,tech:5104,research_input,formal_game_data,runtime:LDB.techs,exact,,6,TechProto.Items paired with ItemPoints.,{}
1471,item:6004,tech:5104,research_input,formal_game_data,runtime:LDB.techs,exact,,6,TechProto.Items paired with ItemPoints.,{}
1472,tech:5104,function:62,unlocks_function,formal_game_data,runtime:LDB.techs,exact,,0.3,Function semantics remain an interpretation layer; ID/value are exact runtime data.,{}
1473,tech:5104,tech:5105,pretech_explicit,formal_game_data,runtime:LDB.techs,exact,,,Direct TechProto.PreTechs prerequisite.,"{""target_pretechs_max"":false}"
1474,item:6001,tech:5105,research_input,formal_game_data,runtime:LDB.techs,exact,,5,TechProto.Items paired with ItemPoints.,{}
1475,item:6002,tech:5105,research_input,formal_game_data,runtime:LDB.techs,exact,,5,TechProto.Items paired with ItemPoints.,{}
1476,item:6003,tech:5105,research_input,formal_game_data,runtime:LDB.techs,exact,,5,TechProto.Items paired with ItemPoints.,{}
1477,item:6004,tech:5105,research_input,formal_game_data,runtime:LDB.techs,exact,,5,TechProto.Items paired with ItemPoints.,{}
1478,item:6005,tech:5105,research_input,formal_game_data,runtime:LDB.techs,exact,,5,TechProto.Items paired with ItemPoints.,{}
1479,tech:5105,function:62,unlocks_function,formal_game_data,runtime:LDB.techs,exact,,0.3,Function semantics remain an interpretation layer; ID/value are exact runtime data.,{}
1480,tech:5105,tech:5106,pretech_explicit,formal_game_data,runtime:LDB.techs,exact,,,Direct TechProto.PreTechs prerequisite.,"{""target_pretechs_max"":false}"
1481,item:6006,tech:5106,research_input,formal_game_data,runtime:LDB.techs,exact,,4,TechProto.Items paired with ItemPoints.,{}
1482,tech:5106,function:62,unlocks_function,formal_game_data,runtime:LDB.techs,exact,,0.2,Function semantics remain an interpretation layer; ID/value are exact runtime data.,{}
1483,tech:1802,tech:5201,pretech_implicit,formal_game_data,runtime:LDB.techs,exact,,,Direct TechProto.PreTechsImplicit prerequisite not represented as an ordinary displayed prerequisite.,"{""target_pretechs_max"":false}"
1484,item:6001,tech:5201,research_input,formal_game_data,runtime:LDB.techs,exact,,10,TechProto.Items paired with ItemPoints.,{}
1485,tech:5201,function:63,unlocks_function,formal_game_data,runtime:LDB.techs,exact,,0.1,Function semantics remain an interpretation layer; ID/value are exact runtime data.,{}
1486,tech:5201,tech:5202,pretech_explicit,formal_game_data,runtime:LDB.techs,exact,,,Direct TechProto.PreTechs prerequisite.,"{""target_pretechs_max"":false}"
1487,item:6001,tech:5202,research_input,formal_game_data,runtime:LDB.techs,exact,,10,TechProto.Items paired with ItemPoints.,{}
1488,item:6002,tech:5202,research_input,formal_game_data,runtime:LDB.techs,exact,,10,TechProto.Items paired with ItemPoints.,{}
1489,tech:5202,function:63,unlocks_function,formal_game_data,runtime:LDB.techs,exact,,0.1,Function semantics remain an interpretation layer; ID/value are exact runtime data.,{}
1490,tech:5202,tech:5203,pretech_explicit,formal_game_data,runtime:LDB.techs,exact,,,Direct TechProto.PreTechs prerequisite.,"{""target_pretechs_max"":false}"
1491,item:6001,tech:5203,research_input,formal_game_data,runtime:LDB.techs,exact,,10,TechProto.Items paired with ItemPoints.,{}
1492,item:6002,tech:5203,research_input,formal_game_data,runtime:LDB.techs,exact,,10,TechProto.Items paired with ItemPoints.,{}
1493,item:6003,tech:5203,research_input,formal_game_data,runtime:LDB.techs,exact,,10,TechProto.Items paired with ItemPoints.,{}
1494,tech:5203,function:63,unlocks_function,formal_game_data,runtime:LDB.techs,exact,,0.2,Function semantics remain an interpretation layer; ID/value are exact runtime data.,{}
1495,tech:5203,tech:5204,pretech_explicit,formal_game_data,runtime:LDB.techs,exact,,,Direct TechProto.PreTechs prerequisite.,"{""target_pretechs_max"":false}"
1496,item:6001,tech:5204,research_input,formal_game_data,runtime:LDB.techs,exact,,6,TechProto.Items paired with ItemPoints.,{}
1497,item:6002,tech:5204,research_input,formal_game_data,runtime:LDB.techs,exact,,6,TechProto.Items paired with ItemPoints.,{}
1498,item:6003,tech:5204,research_input,formal_game_data,runtime:LDB.techs,exact,,6,TechProto.Items paired with ItemPoints.,{}
1499,item:6004,tech:5204,research_input,formal_game_data,runtime:LDB.techs,exact,,6,TechProto.Items paired with ItemPoints.,{}
1500,tech:5204,function:63,unlocks_function,formal_game_data,runtime:LDB.techs,exact,,0.3,Function semantics remain an interpretation layer; ID/value are exact runtime data.,{}
1501,tech:5204,tech:5205,pretech_explicit,formal_game_data,runtime:LDB.techs,exact,,,Direct TechProto.PreTechs prerequisite.,"{""target_pretechs_max"":false}"
1502,item:6001,tech:5205,research_input,formal_game_data,runtime:LDB.techs,exact,,5,TechProto.Items paired with ItemPoints.,{}
1503,item:6002,tech:5205,research_input,formal_game_data,runtime:LDB.techs,exact,,5,TechProto.Items paired with ItemPoints.,{}
1504,item:6003,tech:5205,research_input,formal_game_data,runtime:LDB.techs,exact,,5,TechProto.Items paired with ItemPoints.,{}
1505,item:6004,tech:5205,research_input,formal_game_data,runtime:LDB.techs,exact,,5,TechProto.Items paired with ItemPoints.,{}
1506,item:6005,tech:5205,research_input,formal_game_data,runtime:LDB.techs,exact,,5,TechProto.Items paired with ItemPoints.,{}
1507,tech:5205,function:63,unlocks_function,formal_game_data,runtime:LDB.techs,exact,,0.3,Function semantics remain an interpretation layer; ID/value are exact runtime data.,{}
1508,tech:5205,tech:5206,pretech_explicit,formal_game_data,runtime:LDB.techs,exact,,,Direct TechProto.PreTechs prerequisite.,"{""target_pretechs_max"":false}"
1509,item:6006,tech:5206,research_input,formal_game_data,runtime:LDB.techs,exact,,4,TechProto.Items paired with ItemPoints.,{}
1510,tech:5206,function:63,unlocks_function,formal_game_data,runtime:LDB.techs,exact,,0.2,Function semantics remain an interpretation layer; ID/value are exact runtime data.,{}
1511,tech:1819,tech:5301,pretech_implicit,formal_game_data,runtime:LDB.techs,exact,,,Direct TechProto.PreTechsImplicit prerequisite not represented as an ordinary displayed prerequisite.,"{""target_pretechs_max"":false}"
1512,item:6001,tech:5301,research_input,formal_game_data,runtime:LDB.techs,exact,,10,TechProto.Items paired with ItemPoints.,{}
1513,item:6002,tech:5301,research_input,formal_game_data,runtime:LDB.techs,exact,,10,TechProto.Items paired with ItemPoints.,{}
1514,tech:5301,function:67,unlocks_function,formal_game_data,runtime:LDB.techs,exact,,0.1,Function semantics remain an interpretation layer; ID/value are exact runtime data.,{}
1515,tech:5301,tech:5302,pretech_explicit,formal_game_data,runtime:LDB.techs,exact,,,Direct TechProto.PreTechs prerequisite.,"{""target_pretechs_max"":false}"
1516,item:6001,tech:5302,research_input,formal_game_data,runtime:LDB.techs,exact,,10,TechProto.Items paired with ItemPoints.,{}
1517,item:6002,tech:5302,research_input,formal_game_data,runtime:LDB.techs,exact,,10,TechProto.Items paired with ItemPoints.,{}
1518,item:6003,tech:5302,research_input,formal_game_data,runtime:LDB.techs,exact,,10,TechProto.Items paired with ItemPoints.,{}
1519,tech:5302,function:67,unlocks_function,formal_game_data,runtime:LDB.techs,exact,,0.1,Function semantics remain an interpretation layer; ID/value are exact runtime data.,{}
1520,tech:5302,tech:5303,pretech_explicit,formal_game_data,runtime:LDB.techs,exact,,,Direct TechProto.PreTechs prerequisite.,"{""target_pretechs_max"":false}"
1521,item:6001,tech:5303,research_input,formal_game_data,runtime:LDB.techs,exact,,6,TechProto.Items paired with ItemPoints.,{}
1522,item:6002,tech:5303,research_input,formal_game_data,runtime:LDB.techs,exact,,6,TechProto.Items paired with ItemPoints.,{}
1523,item:6003,tech:5303,research_input,formal_game_data,runtime:LDB.techs,exact,,6,TechProto.Items paired with ItemPoints.,{}
1524,item:6004,tech:5303,research_input,formal_game_data,runtime:LDB.techs,exact,,6,TechProto.Items paired with ItemPoints.,{}
1525,tech:5303,function:67,unlocks_function,formal_game_data,runtime:LDB.techs,exact,,0.15,Function semantics remain an interpretation layer; ID/value are exact runtime data.,{}
1526,tech:5303,function:71,unlocks_function,formal_game_data,runtime:LDB.techs,exact,,0.25,Function semantics remain an interpretation layer; ID/value are exact runtime data.,{}
1527,tech:5303,tech:5304,pretech_explicit,formal_game_data,runtime:LDB.techs,exact,,,Direct TechProto.PreTechs prerequisite.,"{""target_pretechs_max"":false}"
1528,item:6001,tech:5304,research_input,formal_game_data,runtime:LDB.techs,exact,,5,TechProto.Items paired with ItemPoints.,{}
1529,item:6002,tech:5304,research_input,formal_game_data,runtime:LDB.techs,exact,,5,TechProto.Items paired with ItemPoints.,{}
1530,item:6003,tech:5304,research_input,formal_game_data,runtime:LDB.techs,exact,,5,TechProto.Items paired with ItemPoints.,{}
1531,item:6004,tech:5304,research_input,formal_game_data,runtime:LDB.techs,exact,,5,TechProto.Items paired with ItemPoints.,{}
1532,item:6005,tech:5304,research_input,formal_game_data,runtime:LDB.techs,exact,,5,TechProto.Items paired with ItemPoints.,{}
1533,tech:5304,function:67,unlocks_function,formal_game_data,runtime:LDB.techs,exact,,0.15,Function semantics remain an interpretation layer; ID/value are exact runtime data.,{}
1534,tech:5304,function:71,unlocks_function,formal_game_data,runtime:LDB.techs,exact,,0.25,Function semantics remain an interpretation layer; ID/value are exact runtime data.,{}
1535,tech:5304,tech:5305,pretech_explicit,formal_game_data,runtime:LDB.techs,exact,,,Direct TechProto.PreTechs prerequisite.,"{""target_pretechs_max"":false}"
1536,item:6006,tech:5305,research_input,formal_game_data,runtime:LDB.techs,exact,,4,TechProto.Items paired with ItemPoints.,{}
1537,tech:5305,function:67,unlocks_function,formal_game_data,runtime:LDB.techs,exact,,0.2,Function semantics remain an interpretation layer; ID/value are exact runtime data.,{}
1538,tech:5305,function:71,unlocks_function,formal_game_data,runtime:LDB.techs,exact,,0.2,Function semantics remain an interpretation layer; ID/value are exact runtime data.,{}
1539,tech:1819,tech:5401,pretech_implicit,formal_game_data,runtime:LDB.techs,exact,,,Direct TechProto.PreTechsImplicit prerequisite not represented as an ordinary displayed prerequisite.,"{""target_pretechs_max"":false}"
1540,item:6001,tech:5401,research_input,formal_game_data,runtime:LDB.techs,exact,,10,TechProto.Items paired with ItemPoints.,{}
1541,item:6002,tech:5401,research_input,formal_game_data,runtime:LDB.techs,exact,,10,TechProto.Items paired with ItemPoints.,{}
1542,tech:5401,function:68,unlocks_function,formal_game_data,runtime:LDB.techs,exact,,0.1,Function semantics remain an interpretation layer; ID/value are exact runtime data.,{}
1543,tech:5401,tech:5402,pretech_explicit,formal_game_data,runtime:LDB.techs,exact,,,Direct TechProto.PreTechs prerequisite.,"{""target_pretechs_max"":false}"
1544,item:6001,tech:5402,research_input,formal_game_data,runtime:LDB.techs,exact,,10,TechProto.Items paired with ItemPoints.,{}
1545,item:6002,tech:5402,research_input,formal_game_data,runtime:LDB.techs,exact,,10,TechProto.Items paired with ItemPoints.,{}
1546,item:6003,tech:5402,research_input,formal_game_data,runtime:LDB.techs,exact,,10,TechProto.Items paired with ItemPoints.,{}
1547,tech:5402,function:68,unlocks_function,formal_game_data,runtime:LDB.techs,exact,,0.1,Function semantics remain an interpretation layer; ID/value are exact runtime data.,{}
1548,tech:5402,tech:5403,pretech_explicit,formal_game_data,runtime:LDB.techs,exact,,,Direct TechProto.PreTechs prerequisite.,"{""target_pretechs_max"":false}"
1549,item:6001,tech:5403,research_input,formal_game_data,runtime:LDB.techs,exact,,10,TechProto.Items paired with ItemPoints.,{}
1550,item:6002,tech:5403,research_input,formal_game_data,runtime:LDB.techs,exact,,10,TechProto.Items paired with ItemPoints.,{}
1551,item:6003,tech:5403,research_input,formal_game_data,runtime:LDB.techs,exact,,10,TechProto.Items paired with ItemPoints.,{}
1552,item:6004,tech:5403,research_input,formal_game_data,runtime:LDB.techs,exact,,10,TechProto.Items paired with ItemPoints.,{}
1553,tech:5403,function:68,unlocks_function,formal_game_data,runtime:LDB.techs,exact,,0.2,Function semantics remain an interpretation layer; ID/value are exact runtime data.,{}
1554,tech:5403,function:72,unlocks_function,formal_game_data,runtime:LDB.techs,exact,,0.3,Function semantics remain an interpretation layer; ID/value are exact runtime data.,{}
1555,tech:5403,tech:5404,pretech_explicit,formal_game_data,runtime:LDB.techs,exact,,,Direct TechProto.PreTechs prerequisite.,"{""target_pretechs_max"":false}"
1556,item:6001,tech:5404,research_input,formal_game_data,runtime:LDB.techs,exact,,10,TechProto.Items paired with ItemPoints.,{}
1557,item:6002,tech:5404,research_input,formal_game_data,runtime:LDB.techs,exact,,10,TechProto.Items paired with ItemPoints.,{}
1558,item:6003,tech:5404,research_input,formal_game_data,runtime:LDB.techs,exact,,10,TechProto.Items paired with ItemPoints.,{}
1559,item:6004,tech:5404,research_input,formal_game_data,runtime:LDB.techs,exact,,10,TechProto.Items paired with ItemPoints.,{}
1560,item:6005,tech:5404,research_input,formal_game_data,runtime:LDB.techs,exact,,10,TechProto.Items paired with ItemPoints.,{}
1561,tech:5404,function:68,unlocks_function,formal_game_data,runtime:LDB.techs,exact,,0.2,Function semantics remain an interpretation layer; ID/value are exact runtime data.,{}
1562,tech:5404,function:72,unlocks_function,formal_game_data,runtime:LDB.techs,exact,,0.3,Function semantics remain an interpretation layer; ID/value are exact runtime data.,{}
1563,tech:5404,tech:5405,pretech_explicit,formal_game_data,runtime:LDB.techs,exact,,,Direct TechProto.PreTechs prerequisite.,"{""target_pretechs_max"":false}"
1564,item:6006,tech:5405,research_input,formal_game_data,runtime:LDB.techs,exact,,4,TechProto.Items paired with ItemPoints.,{}
1565,tech:5405,function:68,unlocks_function,formal_game_data,runtime:LDB.techs,exact,,0.4,Function semantics remain an interpretation layer; ID/value are exact runtime data.,{}
1566,tech:5405,function:72,unlocks_function,formal_game_data,runtime:LDB.techs,exact,,0.4,Function semantics remain an interpretation layer; ID/value are exact runtime data.,{}
1567,tech:1819,tech:5601,pretech_implicit,formal_game_data,runtime:LDB.techs,exact,,,Direct TechProto.PreTechsImplicit prerequisite not represented as an ordinary displayed prerequisite.,"{""target_pretechs_max"":false}"
1568,item:6001,tech:5601,research_input,formal_game_data,runtime:LDB.techs,exact,,10,TechProto.Items paired with ItemPoints.,{}
1569,item:6002,tech:5601,research_input,formal_game_data,runtime:LDB.techs,exact,,10,TechProto.Items paired with ItemPoints.,{}
1570,tech:5601,function:69,unlocks_function,formal_game_data,runtime:LDB.techs,exact,,0.1,Function semantics remain an interpretation layer; ID/value are exact runtime data.,{}
1571,tech:5601,tech:5602,pretech_explicit,formal_game_data,runtime:LDB.techs,exact,,,Direct TechProto.PreTechs prerequisite.,"{""target_pretechs_max"":false}"
1572,item:6001,tech:5602,research_input,formal_game_data,runtime:LDB.techs,exact,,10,TechProto.Items paired with ItemPoints.,{}
1573,item:6002,tech:5602,research_input,formal_game_data,runtime:LDB.techs,exact,,10,TechProto.Items paired with ItemPoints.,{}
1574,item:6003,tech:5602,research_input,formal_game_data,runtime:LDB.techs,exact,,10,TechProto.Items paired with ItemPoints.,{}
1575,tech:5602,function:69,unlocks_function,formal_game_data,runtime:LDB.techs,exact,,0.1,Function semantics remain an interpretation layer; ID/value are exact runtime data.,{}
1576,tech:5602,tech:5603,pretech_explicit,formal_game_data,runtime:LDB.techs,exact,,,Direct TechProto.PreTechs prerequisite.,"{""target_pretechs_max"":false}"
1577,item:6001,tech:5603,research_input,formal_game_data,runtime:LDB.techs,exact,,6,TechProto.Items paired with ItemPoints.,{}
1578,item:6002,tech:5603,research_input,formal_game_data,runtime:LDB.techs,exact,,6,TechProto.Items paired with ItemPoints.,{}
1579,item:6003,tech:5603,research_input,formal_game_data,runtime:LDB.techs,exact,,6,TechProto.Items paired with ItemPoints.,{}
1580,item:6004,tech:5603,research_input,formal_game_data,runtime:LDB.techs,exact,,6,TechProto.Items paired with ItemPoints.,{}
1581,tech:5603,function:69,unlocks_function,formal_game_data,runtime:LDB.techs,exact,,0.2,Function semantics remain an interpretation layer; ID/value are exact runtime data.,{}
1582,tech:5603,function:73,unlocks_function,formal_game_data,runtime:LDB.techs,exact,,0.3,Function semantics remain an interpretation layer; ID/value are exact runtime data.,{}
1583,tech:5603,tech:5604,pretech_explicit,formal_game_data,runtime:LDB.techs,exact,,,Direct TechProto.PreTechs prerequisite.,"{""target_pretechs_max"":false}"
1584,item:6001,tech:5604,research_input,formal_game_data,runtime:LDB.techs,exact,,10,TechProto.Items paired with ItemPoints.,{}
1585,item:6002,tech:5604,research_input,formal_game_data,runtime:LDB.techs,exact,,10,TechProto.Items paired with ItemPoints.,{}
1586,item:6003,tech:5604,research_input,formal_game_data,runtime:LDB.techs,exact,,10,TechProto.Items paired with ItemPoints.,{}
1587,item:6004,tech:5604,research_input,formal_game_data,runtime:LDB.techs,exact,,10,TechProto.Items paired with ItemPoints.,{}
1588,item:6005,tech:5604,research_input,formal_game_data,runtime:LDB.techs,exact,,10,TechProto.Items paired with ItemPoints.,{}
1589,tech:5604,function:69,unlocks_function,formal_game_data,runtime:LDB.techs,exact,,0.2,Function semantics remain an interpretation layer; ID/value are exact runtime data.,{}
1590,tech:5604,function:73,unlocks_function,formal_game_data,runtime:LDB.techs,exact,,0.3,Function semantics remain an interpretation layer; ID/value are exact runtime data.,{}
1591,tech:5604,tech:5605,pretech_explicit,formal_game_data,runtime:LDB.techs,exact,,,Direct TechProto.PreTechs prerequisite.,"{""target_pretechs_max"":false}"
1592,item:6006,tech:5605,research_input,formal_game_data,runtime:LDB.techs,exact,,4,TechProto.Items paired with ItemPoints.,{}
1593,tech:5605,function:69,unlocks_function,formal_game_data,runtime:LDB.techs,exact,,0.4,Function semantics remain an interpretation layer; ID/value are exact runtime data.,{}
1594,tech:5605,function:73,unlocks_function,formal_game_data,runtime:LDB.techs,exact,,0.4,Function semantics remain an interpretation layer; ID/value are exact runtime data.,{}
1595,tech:1809,tech:5701,pretech_implicit,formal_game_data,runtime:LDB.techs,exact,,,Direct TechProto.PreTechsImplicit prerequisite not represented as an ordinary displayed prerequisite.,"{""target_pretechs_max"":false}"
1596,item:6001,tech:5701,research_input,formal_game_data,runtime:LDB.techs,exact,,5,TechProto.Items paired with ItemPoints.,{}
1597,item:6002,tech:5701,research_input,formal_game_data,runtime:LDB.techs,exact,,5,TechProto.Items paired with ItemPoints.,{}
1598,item:6003,tech:5701,research_input,formal_game_data,runtime:LDB.techs,exact,,5,TechProto.Items paired with ItemPoints.,{}
1599,tech:5701,function:74,unlocks_function,formal_game_data,runtime:LDB.techs,exact,,0.1,Function semantics remain an interpretation layer; ID/value are exact runtime data.,{}
1600,tech:5701,tech:5702,pretech_explicit,formal_game_data,runtime:LDB.techs,exact,,,Direct TechProto.PreTechs prerequisite.,"{""target_pretechs_max"":false}"
1601,item:6001,tech:5702,research_input,formal_game_data,runtime:LDB.techs,exact,,5,TechProto.Items paired with ItemPoints.,{}
1602,item:6002,tech:5702,research_input,formal_game_data,runtime:LDB.techs,exact,,5,TechProto.Items paired with ItemPoints.,{}
1603,item:6003,tech:5702,research_input,formal_game_data,runtime:LDB.techs,exact,,5,TechProto.Items paired with ItemPoints.,{}
1604,tech:5702,function:74,unlocks_function,formal_game_data,runtime:LDB.techs,exact,,0.15,Function semantics remain an interpretation layer; ID/value are exact runtime data.,{}
1605,tech:5702,tech:5703,pretech_explicit,formal_game_data,runtime:LDB.techs,exact,,,Direct TechProto.PreTechs prerequisite.,"{""target_pretechs_max"":false}"
1606,item:6001,tech:5703,research_input,formal_game_data,runtime:LDB.techs,exact,,6,TechProto.Items paired with ItemPoints.,{}
1607,item:6002,tech:5703,research_input,formal_game_data,runtime:LDB.techs,exact,,6,TechProto.Items paired with ItemPoints.,{}
1608,item:6003,tech:5703,research_input,formal_game_data,runtime:LDB.techs,exact,,6,TechProto.Items paired with ItemPoints.,{}
1609,item:6004,tech:5703,research_input,formal_game_data,runtime:LDB.techs,exact,,6,TechProto.Items paired with ItemPoints.,{}
1610,tech:5703,function:74,unlocks_function,formal_game_data,runtime:LDB.techs,exact,,0.2,Function semantics remain an interpretation layer; ID/value are exact runtime data.,{}
1611,tech:5703,tech:5704,pretech_explicit,formal_game_data,runtime:LDB.techs,exact,,,Direct TechProto.PreTechs prerequisite.,"{""target_pretechs_max"":false}"
1612,item:6001,tech:5704,research_input,formal_game_data,runtime:LDB.techs,exact,,10,TechProto.Items paired with ItemPoints.,{}
1613,item:6002,tech:5704,research_input,formal_game_data,runtime:LDB.techs,exact,,10,TechProto.Items paired with ItemPoints.,{}
1614,item:6003,tech:5704,research_input,formal_game_data,runtime:LDB.techs,exact,,10,TechProto.Items paired with ItemPoints.,{}
1615,item:6004,tech:5704,research_input,formal_game_data,runtime:LDB.techs,exact,,10,TechProto.Items paired with ItemPoints.,{}
1616,item:6005,tech:5704,research_input,formal_game_data,runtime:LDB.techs,exact,,10,TechProto.Items paired with ItemPoints.,{}
1617,tech:5704,function:74,unlocks_function,formal_game_data,runtime:LDB.techs,exact,,0.25,Function semantics remain an interpretation layer; ID/value are exact runtime data.,{}
1618,tech:5704,tech:5705,pretech_explicit,formal_game_data,runtime:LDB.techs,exact,,,Direct TechProto.PreTechs prerequisite.,"{""target_pretechs_max"":false}"
1619,item:6006,tech:5705,research_input,formal_game_data,runtime:LDB.techs,exact,,4,TechProto.Items paired with ItemPoints.,{}
1620,tech:5705,function:74,unlocks_function,formal_game_data,runtime:LDB.techs,exact,,0.3,Function semantics remain an interpretation layer; ID/value are exact runtime data.,{}
1621,tech:1819,tech:5801,pretech_implicit,formal_game_data,runtime:LDB.techs,exact,,,Direct TechProto.PreTechsImplicit prerequisite not represented as an ordinary displayed prerequisite.,"{""target_pretechs_max"":false}"
1622,item:6001,tech:5801,research_input,formal_game_data,runtime:LDB.techs,exact,,20,TechProto.Items paired with ItemPoints.,{}
1623,item:6002,tech:5801,research_input,formal_game_data,runtime:LDB.techs,exact,,20,TechProto.Items paired with ItemPoints.,{}
1624,tech:5801,function:78,unlocks_function,formal_game_data,runtime:LDB.techs,exact,,2,Function semantics remain an interpretation layer; ID/value are exact runtime data.,{}
1625,tech:5801,tech:5802,pretech_explicit,formal_game_data,runtime:LDB.techs,exact,,,Direct TechProto.PreTechs prerequisite.,"{""target_pretechs_max"":false}"
1626,item:6001,tech:5802,research_input,formal_game_data,runtime:LDB.techs,exact,,20,TechProto.Items paired with ItemPoints.,{}
1627,item:6002,tech:5802,research_input,formal_game_data,runtime:LDB.techs,exact,,20,TechProto.Items paired with ItemPoints.,{}
1628,item:6003,tech:5802,research_input,formal_game_data,runtime:LDB.techs,exact,,20,TechProto.Items paired with ItemPoints.,{}
1629,tech:5802,function:78,unlocks_function,formal_game_data,runtime:LDB.techs,exact,,2,Function semantics remain an interpretation layer; ID/value are exact runtime data.,{}
1630,tech:5802,tech:5803,pretech_explicit,formal_game_data,runtime:LDB.techs,exact,,,Direct TechProto.PreTechs prerequisite.,"{""target_pretechs_max"":false}"
1631,item:6001,tech:5803,research_input,formal_game_data,runtime:LDB.techs,exact,,20,TechProto.Items paired with ItemPoints.,{}
1632,item:6002,tech:5803,research_input,formal_game_data,runtime:LDB.techs,exact,,20,TechProto.Items paired with ItemPoints.,{}
1633,item:6003,tech:5803,research_input,formal_game_data,runtime:LDB.techs,exact,,20,TechProto.Items paired with ItemPoints.,{}
1634,item:6004,tech:5803,research_input,formal_game_data,runtime:LDB.techs,exact,,20,TechProto.Items paired with ItemPoints.,{}
1635,tech:5803,function:77,unlocks_function,formal_game_data,runtime:LDB.techs,exact,,1,Function semantics remain an interpretation layer; ID/value are exact runtime data.,{}
1636,tech:5803,tech:5804,pretech_explicit,formal_game_data,runtime:LDB.techs,exact,,,Direct TechProto.PreTechs prerequisite.,"{""target_pretechs_max"":false}"
1637,item:6001,tech:5804,research_input,formal_game_data,runtime:LDB.techs,exact,,20,TechProto.Items paired with ItemPoints.,{}
1638,item:6002,tech:5804,research_input,formal_game_data,runtime:LDB.techs,exact,,20,TechProto.Items paired with ItemPoints.,{}
1639,item:6003,tech:5804,research_input,formal_game_data,runtime:LDB.techs,exact,,20,TechProto.Items paired with ItemPoints.,{}
1640,item:6004,tech:5804,research_input,formal_game_data,runtime:LDB.techs,exact,,20,TechProto.Items paired with ItemPoints.,{}
1641,tech:5804,function:78,unlocks_function,formal_game_data,runtime:LDB.techs,exact,,4,Function semantics remain an interpretation layer; ID/value are exact runtime data.,{}
1642,tech:5804,tech:5805,pretech_explicit,formal_game_data,runtime:LDB.techs,exact,,,Direct TechProto.PreTechs prerequisite.,"{""target_pretechs_max"":false}"
1643,item:6001,tech:5805,research_input,formal_game_data,runtime:LDB.techs,exact,,20,TechProto.Items paired with ItemPoints.,{}
1644,item:6002,tech:5805,research_input,formal_game_data,runtime:LDB.techs,exact,,20,TechProto.Items paired with ItemPoints.,{}
1645,item:6003,tech:5805,research_input,formal_game_data,runtime:LDB.techs,exact,,20,TechProto.Items paired with ItemPoints.,{}
1646,item:6004,tech:5805,research_input,formal_game_data,runtime:LDB.techs,exact,,20,TechProto.Items paired with ItemPoints.,{}
1647,item:6005,tech:5805,research_input,formal_game_data,runtime:LDB.techs,exact,,20,TechProto.Items paired with ItemPoints.,{}
1648,tech:5805,function:77,unlocks_function,formal_game_data,runtime:LDB.techs,exact,,2,Function semantics remain an interpretation layer; ID/value are exact runtime data.,{}
1649,tech:5805,tech:5806,pretech_explicit,formal_game_data,runtime:LDB.techs,exact,,,Direct TechProto.PreTechs prerequisite.,"{""target_pretechs_max"":false}"
1650,item:6006,tech:5806,research_input,formal_game_data,runtime:LDB.techs,exact,,20,TechProto.Items paired with ItemPoints.,{}
1651,tech:5806,function:77,unlocks_function,formal_game_data,runtime:LDB.techs,exact,,2,Function semantics remain an interpretation layer; ID/value are exact runtime data.,{}
1652,tech:5806,tech:5807,pretech_explicit,formal_game_data,runtime:LDB.techs,exact,,,Direct TechProto.PreTechs prerequisite.,"{""target_pretechs_max"":false}"
1653,item:6006,tech:5807,research_input,formal_game_data,runtime:LDB.techs,exact,,20,TechProto.Items paired with ItemPoints.,{}
1654,tech:5807,function:77,unlocks_function,formal_game_data,runtime:LDB.techs,exact,,2,Function semantics remain an interpretation layer; ID/value are exact runtime data.,{}
1655,tech:1822,tech:5901,pretech_implicit,formal_game_data,runtime:LDB.techs,exact,,,Direct TechProto.PreTechsImplicit prerequisite not represented as an ordinary displayed prerequisite.,"{""target_pretechs_max"":false}"
1656,item:6001,tech:5901,research_input,formal_game_data,runtime:LDB.techs,exact,,10,TechProto.Items paired with ItemPoints.,{}
1657,item:6002,tech:5901,research_input,formal_game_data,runtime:LDB.techs,exact,,10,TechProto.Items paired with ItemPoints.,{}
1658,item:6003,tech:5901,research_input,formal_game_data,runtime:LDB.techs,exact,,10,TechProto.Items paired with ItemPoints.,{}
1659,item:6004,tech:5901,research_input,formal_game_data,runtime:LDB.techs,exact,,10,TechProto.Items paired with ItemPoints.,{}
1660,tech:5901,function:80,unlocks_function,formal_game_data,runtime:LDB.techs,exact,,4,Function semantics remain an interpretation layer; ID/value are exact runtime data.,{}
1661,tech:5901,tech:5902,pretech_explicit,formal_game_data,runtime:LDB.techs,exact,,,Direct TechProto.PreTechs prerequisite.,"{""target_pretechs_max"":false}"
1662,item:6001,tech:5902,research_input,formal_game_data,runtime:LDB.techs,exact,,10,TechProto.Items paired with ItemPoints.,{}
1663,item:6002,tech:5902,research_input,formal_game_data,runtime:LDB.techs,exact,,10,TechProto.Items paired with ItemPoints.,{}
1664,item:6003,tech:5902,research_input,formal_game_data,runtime:LDB.techs,exact,,10,TechProto.Items paired with ItemPoints.,{}
1665,item:6004,tech:5902,research_input,formal_game_data,runtime:LDB.techs,exact,,10,TechProto.Items paired with ItemPoints.,{}
1666,tech:5902,function:80,unlocks_function,formal_game_data,runtime:LDB.techs,exact,,4,Function semantics remain an interpretation layer; ID/value are exact runtime data.,{}
1667,tech:5902,tech:5903,pretech_explicit,formal_game_data,runtime:LDB.techs,exact,,,Direct TechProto.PreTechs prerequisite.,"{""target_pretechs_max"":false}"
1668,item:6001,tech:5903,research_input,formal_game_data,runtime:LDB.techs,exact,,15,TechProto.Items paired with ItemPoints.,{}
1669,item:6002,tech:5903,research_input,formal_game_data,runtime:LDB.techs,exact,,15,TechProto.Items paired with ItemPoints.,{}
1670,item:6003,tech:5903,research_input,formal_game_data,runtime:LDB.techs,exact,,15,TechProto.Items paired with ItemPoints.,{}
1671,item:6004,tech:5903,research_input,formal_game_data,runtime:LDB.techs,exact,,15,TechProto.Items paired with ItemPoints.,{}
1672,tech:5903,function:79,unlocks_function,formal_game_data,runtime:LDB.techs,exact,,1,Function semantics remain an interpretation layer; ID/value are exact runtime data.,{}
1673,tech:5903,tech:5904,pretech_explicit,formal_game_data,runtime:LDB.techs,exact,,,Direct TechProto.PreTechs prerequisite.,"{""target_pretechs_max"":false}"
1674,item:6001,tech:5904,research_input,formal_game_data,runtime:LDB.techs,exact,,20,TechProto.Items paired with ItemPoints.,{}
1675,item:6002,tech:5904,research_input,formal_game_data,runtime:LDB.techs,exact,,20,TechProto.Items paired with ItemPoints.,{}
1676,item:6003,tech:5904,research_input,formal_game_data,runtime:LDB.techs,exact,,20,TechProto.Items paired with ItemPoints.,{}
1677,item:6004,tech:5904,research_input,formal_game_data,runtime:LDB.techs,exact,,20,TechProto.Items paired with ItemPoints.,{}
1678,item:6005,tech:5904,research_input,formal_game_data,runtime:LDB.techs,exact,,20,TechProto.Items paired with ItemPoints.,{}
1679,tech:5904,function:79,unlocks_function,formal_game_data,runtime:LDB.techs,exact,,1,Function semantics remain an interpretation layer; ID/value are exact runtime data.,{}
1680,tech:5904,tech:5905,pretech_explicit,formal_game_data,runtime:LDB.techs,exact,,,Direct TechProto.PreTechs prerequisite.,"{""target_pretechs_max"":false}"
1681,item:6001,tech:5905,research_input,formal_game_data,runtime:LDB.techs,exact,,20,TechProto.Items paired with ItemPoints.,{}
1682,item:6002,tech:5905,research_input,formal_game_data,runtime:LDB.techs,exact,,20,TechProto.Items paired with ItemPoints.,{}
1683,item:6003,tech:5905,research_input,formal_game_data,runtime:LDB.techs,exact,,20,TechProto.Items paired with ItemPoints.,{}
1684,item:6004,tech:5905,research_input,formal_game_data,runtime:LDB.techs,exact,,20,TechProto.Items paired with ItemPoints.,{}
1685,item:6005,tech:5905,research_input,formal_game_data,runtime:LDB.techs,exact,,20,TechProto.Items paired with ItemPoints.,{}
1686,tech:5905,function:79,unlocks_function,formal_game_data,runtime:LDB.techs,exact,,1,Function semantics remain an interpretation layer; ID/value are exact runtime data.,{}
1687,tech:5905,tech:5906,pretech_explicit,formal_game_data,runtime:LDB.techs,exact,,,Direct TechProto.PreTechs prerequisite.,"{""target_pretechs_max"":false}"
1688,item:6006,tech:5906,research_input,formal_game_data,runtime:LDB.techs,exact,,20,TechProto.Items paired with ItemPoints.,{}
1689,tech:5906,function:79,unlocks_function,formal_game_data,runtime:LDB.techs,exact,,2,Function semantics remain an interpretation layer; ID/value are exact runtime data.,{}
1690,tech:5906,tech:5907,pretech_explicit,formal_game_data,runtime:LDB.techs,exact,,,Direct TechProto.PreTechs prerequisite.,"{""target_pretechs_max"":false}"
1691,item:6006,tech:5907,research_input,formal_game_data,runtime:LDB.techs,exact,,20,TechProto.Items paired with ItemPoints.,{}
1692,tech:5907,function:79,unlocks_function,formal_game_data,runtime:LDB.techs,exact,,2,Function semantics remain an interpretation layer; ID/value are exact runtime data.,{}
1693,tech:2101,tech:6001,pretech_implicit,formal_game_data,runtime:LDB.techs,exact,,,Direct TechProto.PreTechsImplicit prerequisite not represented as an ordinary displayed prerequisite.,"{""target_pretechs_max"":false}"
1694,item:6001,tech:6001,research_input,formal_game_data,runtime:LDB.techs,exact,,10,TechProto.Items paired with ItemPoints.,{}
1695,tech:6001,function:84,unlocks_function,formal_game_data,runtime:LDB.techs,exact,,0.04,Function semantics remain an interpretation layer; ID/value are exact runtime data.,{}
1696,tech:6001,tech:6002,pretech_explicit,formal_game_data,runtime:LDB.techs,exact,,,Direct TechProto.PreTechs prerequisite.,"{""target_pretechs_max"":false}"
1697,item:6001,tech:6002,research_input,formal_game_data,runtime:LDB.techs,exact,,10,TechProto.Items paired with ItemPoints.,{}
1698,item:6002,tech:6002,research_input,formal_game_data,runtime:LDB.techs,exact,,10,TechProto.Items paired with ItemPoints.,{}
1699,tech:6002,function:84,unlocks_function,formal_game_data,runtime:LDB.techs,exact,,0.04,Function semantics remain an interpretation layer; ID/value are exact runtime data.,{}
1700,tech:6002,tech:6003,pretech_explicit,formal_game_data,runtime:LDB.techs,exact,,,Direct TechProto.PreTechs prerequisite.,"{""target_pretechs_max"":false}"
1701,item:6001,tech:6003,research_input,formal_game_data,runtime:LDB.techs,exact,,10,TechProto.Items paired with ItemPoints.,{}
1702,item:6002,tech:6003,research_input,formal_game_data,runtime:LDB.techs,exact,,10,TechProto.Items paired with ItemPoints.,{}
1703,item:6003,tech:6003,research_input,formal_game_data,runtime:LDB.techs,exact,,10,TechProto.Items paired with ItemPoints.,{}
1704,tech:6003,function:84,unlocks_function,formal_game_data,runtime:LDB.techs,exact,,0.04,Function semantics remain an interpretation layer; ID/value are exact runtime data.,{}
1705,tech:6003,tech:6004,pretech_explicit,formal_game_data,runtime:LDB.techs,exact,,,Direct TechProto.PreTechs prerequisite.,"{""target_pretechs_max"":false}"
1706,item:6001,tech:6004,research_input,formal_game_data,runtime:LDB.techs,exact,,10,TechProto.Items paired with ItemPoints.,{}
1707,item:6002,tech:6004,research_input,formal_game_data,runtime:LDB.techs,exact,,10,TechProto.Items paired with ItemPoints.,{}
1708,item:6003,tech:6004,research_input,formal_game_data,runtime:LDB.techs,exact,,10,TechProto.Items paired with ItemPoints.,{}
1709,item:6004,tech:6004,research_input,formal_game_data,runtime:LDB.techs,exact,,10,TechProto.Items paired with ItemPoints.,{}
1710,tech:6004,function:84,unlocks_function,formal_game_data,runtime:LDB.techs,exact,,0.04,Function semantics remain an interpretation layer; ID/value are exact runtime data.,{}
1711,tech:6004,tech:6005,pretech_explicit,formal_game_data,runtime:LDB.techs,exact,,,Direct TechProto.PreTechs prerequisite.,"{""target_pretechs_max"":false}"
1712,item:6001,tech:6005,research_input,formal_game_data,runtime:LDB.techs,exact,,6,TechProto.Items paired with ItemPoints.,{}
1713,item:6002,tech:6005,research_input,formal_game_data,runtime:LDB.techs,exact,,6,TechProto.Items paired with ItemPoints.,{}
1714,item:6003,tech:6005,research_input,formal_game_data,runtime:LDB.techs,exact,,6,TechProto.Items paired with ItemPoints.,{}
1715,item:6004,tech:6005,research_input,formal_game_data,runtime:LDB.techs,exact,,6,TechProto.Items paired with ItemPoints.,{}
1716,item:6005,tech:6005,research_input,formal_game_data,runtime:LDB.techs,exact,,6,TechProto.Items paired with ItemPoints.,{}
1717,tech:6005,function:84,unlocks_function,formal_game_data,runtime:LDB.techs,exact,,0.04,Function semantics remain an interpretation layer; ID/value are exact runtime data.,{}
1718,tech:6005,tech:6006,pretech_explicit,formal_game_data,runtime:LDB.techs,exact,,,Direct TechProto.PreTechs prerequisite.,"{""target_pretechs_max"":false}"
1719,item:6006,tech:6006,research_input,formal_game_data,runtime:LDB.techs,exact,,4,TechProto.Items paired with ItemPoints.,{}
1720,tech:6006,function:84,unlocks_function,formal_game_data,runtime:LDB.techs,exact,,0.04,Function semantics remain an interpretation layer; ID/value are exact runtime data.,{}
1721,tech:1810,tech:6101,pretech_implicit,formal_game_data,runtime:LDB.techs,exact,,,Direct TechProto.PreTechsImplicit prerequisite not represented as an ordinary displayed prerequisite.,"{""target_pretechs_max"":false}"
1722,item:6001,tech:6101,research_input,formal_game_data,runtime:LDB.techs,exact,,10,TechProto.Items paired with ItemPoints.,{}
1723,item:6002,tech:6101,research_input,formal_game_data,runtime:LDB.techs,exact,,10,TechProto.Items paired with ItemPoints.,{}
1724,tech:6101,function:64,unlocks_function,formal_game_data,runtime:LDB.techs,exact,,0.05,Function semantics remain an interpretation layer; ID/value are exact runtime data.,{}
1725,tech:6101,tech:6102,pretech_explicit,formal_game_data,runtime:LDB.techs,exact,,,Direct TechProto.PreTechs prerequisite.,"{""target_pretechs_max"":false}"
1726,item:6001,tech:6102,research_input,formal_game_data,runtime:LDB.techs,exact,,10,TechProto.Items paired with ItemPoints.,{}
1727,item:6002,tech:6102,research_input,formal_game_data,runtime:LDB.techs,exact,,10,TechProto.Items paired with ItemPoints.,{}
1728,tech:6102,function:64,unlocks_function,formal_game_data,runtime:LDB.techs,exact,,0.05,Function semantics remain an interpretation layer; ID/value are exact runtime data.,{}
1729,tech:6102,tech:6103,pretech_explicit,formal_game_data,runtime:LDB.techs,exact,,,Direct TechProto.PreTechs prerequisite.,"{""target_pretechs_max"":false}"
1730,item:6001,tech:6103,research_input,formal_game_data,runtime:LDB.techs,exact,,10,TechProto.Items paired with ItemPoints.,{}
1731,item:6002,tech:6103,research_input,formal_game_data,runtime:LDB.techs,exact,,10,TechProto.Items paired with ItemPoints.,{}
1732,item:6003,tech:6103,research_input,formal_game_data,runtime:LDB.techs,exact,,10,TechProto.Items paired with ItemPoints.,{}
1733,tech:6103,function:64,unlocks_function,formal_game_data,runtime:LDB.techs,exact,,0.1,Function semantics remain an interpretation layer; ID/value are exact runtime data.,{}
1734,tech:6103,tech:6104,pretech_explicit,formal_game_data,runtime:LDB.techs,exact,,,Direct TechProto.PreTechs prerequisite.,"{""target_pretechs_max"":false}"
1735,item:6001,tech:6104,research_input,formal_game_data,runtime:LDB.techs,exact,,6,TechProto.Items paired with ItemPoints.,{}
1736,item:6002,tech:6104,research_input,formal_game_data,runtime:LDB.techs,exact,,6,TechProto.Items paired with ItemPoints.,{}
1737,item:6003,tech:6104,research_input,formal_game_data,runtime:LDB.techs,exact,,6,TechProto.Items paired with ItemPoints.,{}
1738,item:6004,tech:6104,research_input,formal_game_data,runtime:LDB.techs,exact,,6,TechProto.Items paired with ItemPoints.,{}
1739,tech:6104,function:64,unlocks_function,formal_game_data,runtime:LDB.techs,exact,,0.1,Function semantics remain an interpretation layer; ID/value are exact runtime data.,{}
1740,tech:6104,tech:6105,pretech_explicit,formal_game_data,runtime:LDB.techs,exact,,,Direct TechProto.PreTechs prerequisite.,"{""target_pretechs_max"":false}"
1741,item:6001,tech:6105,research_input,formal_game_data,runtime:LDB.techs,exact,,5,TechProto.Items paired with ItemPoints.,{}
1742,item:6002,tech:6105,research_input,formal_game_data,runtime:LDB.techs,exact,,5,TechProto.Items paired with ItemPoints.,{}
1743,item:6003,tech:6105,research_input,formal_game_data,runtime:LDB.techs,exact,,5,TechProto.Items paired with ItemPoints.,{}
1744,item:6004,tech:6105,research_input,formal_game_data,runtime:LDB.techs,exact,,5,TechProto.Items paired with ItemPoints.,{}
1745,item:6005,tech:6105,research_input,formal_game_data,runtime:LDB.techs,exact,,5,TechProto.Items paired with ItemPoints.,{}
1746,tech:6105,function:64,unlocks_function,formal_game_data,runtime:LDB.techs,exact,,0.1,Function semantics remain an interpretation layer; ID/value are exact runtime data.,{}
1747,tech:6105,tech:6106,pretech_explicit,formal_game_data,runtime:LDB.techs,exact,,,Direct TechProto.PreTechs prerequisite.,"{""target_pretechs_max"":false}"
1748,item:6006,tech:6106,research_input,formal_game_data,runtime:LDB.techs,exact,,4,TechProto.Items paired with ItemPoints.,{}
1749,tech:6106,function:64,unlocks_function,formal_game_data,runtime:LDB.techs,exact,,0.1,Function semantics remain an interpretation layer; ID/value are exact runtime data.,{}
1750,item:1001,recipe:1,recipe_input,formal_game_data,runtime:LDB.recipes,exact,1,,,{}
1751,recipe:1,item:1101,recipe_output,formal_game_data,runtime:LDB.recipes,exact,1,,,{}
1752,item:1001,recipe:2,recipe_input,formal_game_data,runtime:LDB.recipes,exact,1,,,{}
1753,recipe:2,item:1102,recipe_output,formal_game_data,runtime:LDB.recipes,exact,1,,,{}
1754,item:1002,recipe:3,recipe_input,formal_game_data,runtime:LDB.recipes,exact,1,,,{}
1755,recipe:3,item:1104,recipe_output,formal_game_data,runtime:LDB.recipes,exact,1,,,{}
1756,item:1005,recipe:4,recipe_input,formal_game_data,runtime:LDB.recipes,exact,1,,,{}
1757,recipe:4,item:1108,recipe_output,formal_game_data,runtime:LDB.recipes,exact,1,,,{}
1758,item:1101,recipe:5,recipe_input,formal_game_data,runtime:LDB.recipes,exact,1,,,{}
1759,recipe:5,item:1201,recipe_output,formal_game_data,runtime:LDB.recipes,exact,1,,,{}
1760,item:1102,recipe:6,recipe_input,formal_game_data,runtime:LDB.recipes,exact,2,,,{}
1761,item:1104,recipe:6,recipe_input,formal_game_data,runtime:LDB.recipes,exact,1,,,{}
1762,recipe:6,item:1202,recipe_output,formal_game_data,runtime:LDB.recipes,exact,2,,,{}
1763,item:1101,recipe:7,recipe_input,formal_game_data,runtime:LDB.recipes,exact,6,,,{}
1764,item:1201,recipe:7,recipe_input,formal_game_data,runtime:LDB.recipes,exact,1,,,{}
1765,item:1202,recipe:7,recipe_input,formal_game_data,runtime:LDB.recipes,exact,3,,,{}
1766,recipe:7,item:2203,recipe_output,formal_game_data,runtime:LDB.recipes,exact,1,,,{}
1767,item:1101,recipe:8,recipe_input,formal_game_data,runtime:LDB.recipes,exact,2,,,{}
1768,item:1202,recipe:8,recipe_input,formal_game_data,runtime:LDB.recipes,exact,1,,,{}
1769,recipe:8,item:2201,recipe_output,formal_game_data,runtime:LDB.recipes,exact,1,,,{}
1770,item:1202,recipe:9,recipe_input,formal_game_data,runtime:LDB.recipes,exact,1,,,{}
1771,item:1301,recipe:9,recipe_input,formal_game_data,runtime:LDB.recipes,exact,1,,,{}
1772,recipe:9,item:6001,recipe_output,formal_game_data,runtime:LDB.recipes,exact,1,,,{}
1773,item:1101,recipe:10,recipe_input,formal_game_data,runtime:LDB.recipes,exact,8,,,{}
1774,item:1110,recipe:10,recipe_input,formal_game_data,runtime:LDB.recipes,exact,4,,,{}
1775,item:1301,recipe:10,recipe_input,formal_game_data,runtime:LDB.recipes,exact,4,,,{}
1776,item:1202,recipe:10,recipe_input,formal_game_data,runtime:LDB.recipes,exact,4,,,{}
1777,recipe:10,item:2901,recipe_output,formal_game_data,runtime:LDB.recipes,exact,1,,,{}
1778,item:1110,recipe:11,recipe_input,formal_game_data,runtime:LDB.recipes,exact,3,,,{}
1779,recipe:11,item:1111,recipe_output,formal_game_data,runtime:LDB.recipes,exact,2,,,{}
1780,item:1202,recipe:12,recipe_input,formal_game_data,runtime:LDB.recipes,exact,4,,,{}
1781,item:1111,recipe:12,recipe_input,formal_game_data,runtime:LDB.recipes,exact,2,,,{}
1782,recipe:12,item:1401,recipe_output,formal_game_data,runtime:LDB.recipes,exact,1,,,{}
1783,item:2201,recipe:13,recipe_input,formal_game_data,runtime:LDB.recipes,exact,1,,,{}
1784,item:1401,recipe:13,recipe_input,formal_game_data,runtime:LDB.recipes,exact,3,,,{}
1785,recipe:13,item:2202,recipe_output,formal_game_data,runtime:LDB.recipes,exact,1,,,{}
1786,item:1103,recipe:14,recipe_input,formal_game_data,runtime:LDB.recipes,exact,12,,,{}
1787,item:1108,recipe:14,recipe_input,formal_game_data,runtime:LDB.recipes,exact,12,,,{}
1788,item:1301,recipe:14,recipe_input,formal_game_data,runtime:LDB.recipes,exact,6,,,{}
1789,item:1401,recipe:14,recipe_input,formal_game_data,runtime:LDB.recipes,exact,4,,,{}
1790,recipe:14,item:2307,recipe_output,formal_game_data,runtime:LDB.recipes,exact,1,,,{}
1791,item:1103,recipe:15,recipe_input,formal_game_data,runtime:LDB.recipes,exact,10,,,{}
1792,item:1108,recipe:15,recipe_input,formal_game_data,runtime:LDB.recipes,exact,10,,,{}
1793,item:1301,recipe:15,recipe_input,formal_game_data,runtime:LDB.recipes,exact,6,,,{}
1794,item:1401,recipe:15,recipe_input,formal_game_data,runtime:LDB.recipes,exact,6,,,{}
1795,recipe:15,item:2308,recipe_output,formal_game_data,runtime:LDB.recipes,exact,1,,,{}
1796,item:1007,recipe:16,recipe_input,formal_game_data,runtime:LDB.recipes,exact,2,,,{}
1797,recipe:16,item:1120,recipe_output,formal_game_data,runtime:LDB.recipes,exact,1,,,{}
1798,recipe:16,item:1114,recipe_output,formal_game_data,runtime:LDB.recipes,exact,2,,,{}
1799,item:1006,recipe:17,recipe_input,formal_game_data,runtime:LDB.recipes,exact,2,,,{}
1800,recipe:17,item:1109,recipe_output,formal_game_data,runtime:LDB.recipes,exact,1,,,{}
1801,item:1109,recipe:18,recipe_input,formal_game_data,runtime:LDB.recipes,exact,2,,,{}
1802,item:1120,recipe:18,recipe_input,formal_game_data,runtime:LDB.recipes,exact,2,,,{}
1803,recipe:18,item:6002,recipe_output,formal_game_data,runtime:LDB.recipes,exact,1,,,{}
1804,item:1106,recipe:19,recipe_input,formal_game_data,runtime:LDB.recipes,exact,1,,,{}
1805,item:1120,recipe:19,recipe_input,formal_game_data,runtime:LDB.recipes,exact,10,,,{}
1806,recipe:19,item:1801,recipe_output,formal_game_data,runtime:LDB.recipes,exact,2,,,{}
1807,item:1103,recipe:20,recipe_input,formal_game_data,runtime:LDB.recipes,exact,2,,,{}
1808,item:1104,recipe:20,recipe_input,formal_game_data,runtime:LDB.recipes,exact,3,,,{}
1809,recipe:20,item:1405,recipe_output,formal_game_data,runtime:LDB.recipes,exact,1,,,{}
1810,item:1107,recipe:21,recipe_input,formal_game_data,runtime:LDB.recipes,exact,5,,,{}
1811,item:1204,recipe:21,recipe_input,formal_game_data,runtime:LDB.recipes,exact,5,,,{}
1812,recipe:21,item:1406,recipe_output,formal_game_data,runtime:LDB.recipes,exact,1,,,{}
1813,item:1103,recipe:22,recipe_input,formal_game_data,runtime:LDB.recipes,exact,8,,,{}
1814,item:1108,recipe:22,recipe_input,formal_game_data,runtime:LDB.recipes,exact,8,,,{}
1815,item:1110,recipe:22,recipe_input,formal_game_data,runtime:LDB.recipes,exact,8,,,{}
1816,item:1301,recipe:22,recipe_input,formal_game_data,runtime:LDB.recipes,exact,2,,,{}
1817,recipe:22,item:2309,recipe_output,formal_game_data,runtime:LDB.recipes,exact,1,,,{}
1818,item:1114,recipe:23,recipe_input,formal_game_data,runtime:LDB.recipes,exact,2,,,{}
1819,item:1109,recipe:23,recipe_input,formal_game_data,runtime:LDB.recipes,exact,1,,,{}
1820,recipe:23,item:1115,recipe_output,formal_game_data,runtime:LDB.recipes,exact,1,,,{}
1821,item:1114,recipe:24,recipe_input,formal_game_data,runtime:LDB.recipes,exact,6,,,{}
1822,item:1005,recipe:24,recipe_input,formal_game_data,runtime:LDB.recipes,exact,8,,,{}
1823,item:1000,recipe:24,recipe_input,formal_game_data,runtime:LDB.recipes,exact,4,,,{}
1824,recipe:24,item:1116,recipe_output,formal_game_data,runtime:LDB.recipes,exact,4,,,{}
1825,item:1115,recipe:25,recipe_input,formal_game_data,runtime:LDB.recipes,exact,2,,,{}
1826,item:1114,recipe:25,recipe_input,formal_game_data,runtime:LDB.recipes,exact,1,,,{}
1827,item:1000,recipe:25,recipe_input,formal_game_data,runtime:LDB.recipes,exact,1,,,{}
1828,recipe:25,item:1117,recipe_output,formal_game_data,runtime:LDB.recipes,exact,1,,,{}
1829,item:1117,recipe:26,recipe_input,formal_game_data,runtime:LDB.recipes,exact,1,,,{}
1830,item:1106,recipe:26,recipe_input,formal_game_data,runtime:LDB.recipes,exact,3,,,{}
1831,recipe:26,item:1118,recipe_output,formal_game_data,runtime:LDB.recipes,exact,1,,,{}
1832,item:1112,recipe:27,recipe_input,formal_game_data,runtime:LDB.recipes,exact,1,,,{}
1833,item:1118,recipe:27,recipe_input,formal_game_data,runtime:LDB.recipes,exact,1,,,{}
1834,recipe:27,item:6003,recipe_output,formal_game_data,runtime:LDB.recipes,exact,1,,,{}
1835,item:1118,recipe:28,recipe_input,formal_game_data,runtime:LDB.recipes,exact,1,,,{}
1836,item:1123,recipe:28,recipe_input,formal_game_data,runtime:LDB.recipes,exact,2,,,{}
1837,item:1120,recipe:28,recipe_input,formal_game_data,runtime:LDB.recipes,exact,12,,,{}
1838,recipe:28,item:1126,recipe_output,formal_game_data,runtime:LDB.recipes,exact,1,,,{}
1839,item:1014,recipe:29,recipe_input,formal_game_data,runtime:LDB.recipes,exact,8,,,{}
1840,item:1123,recipe:29,recipe_input,formal_game_data,runtime:LDB.recipes,exact,2,,,{}
1841,item:1120,recipe:29,recipe_input,formal_game_data,runtime:LDB.recipes,exact,12,,,{}
1842,recipe:29,item:1126,recipe_output,formal_game_data,runtime:LDB.recipes,exact,1,,,{}
1843,item:1110,recipe:30,recipe_input,formal_game_data,runtime:LDB.recipes,exact,2,,,{}
1844,item:1106,recipe:30,recipe_input,formal_game_data,runtime:LDB.recipes,exact,2,,,{}
1845,item:1000,recipe:30,recipe_input,formal_game_data,runtime:LDB.recipes,exact,2,,,{}
1846,recipe:30,item:1119,recipe_output,formal_game_data,runtime:LDB.recipes,exact,2,,,{}
1847,item:1109,recipe:31,recipe_input,formal_game_data,runtime:LDB.recipes,exact,3,,,{}
1848,item:1116,recipe:31,recipe_input,formal_game_data,runtime:LDB.recipes,exact,1,,,{}
1849,recipe:31,item:1123,recipe_output,formal_game_data,runtime:LDB.recipes,exact,2,,,{}
1850,item:1011,recipe:32,recipe_input,formal_game_data,runtime:LDB.recipes,exact,2,,,{}
1851,recipe:32,item:1123,recipe_output,formal_game_data,runtime:LDB.recipes,exact,2,,,{}
1852,recipe:32,item:1120,recipe_output,formal_game_data,runtime:LDB.recipes,exact,1,,,{}
1853,item:1123,recipe:33,recipe_input,formal_game_data,runtime:LDB.recipes,exact,3,,,{}
1854,item:1106,recipe:33,recipe_input,formal_game_data,runtime:LDB.recipes,exact,1,,,{}
1855,recipe:33,item:1124,recipe_output,formal_game_data,runtime:LDB.recipes,exact,2,,,{}
1856,item:1005,recipe:34,recipe_input,formal_game_data,runtime:LDB.recipes,exact,10,,,{}
1857,recipe:34,item:1003,recipe_output,formal_game_data,runtime:LDB.recipes,exact,1,,,{}
1858,item:1015,recipe:35,recipe_input,formal_game_data,runtime:LDB.recipes,exact,6,,,{}
1859,recipe:35,item:1124,recipe_output,formal_game_data,runtime:LDB.recipes,exact,2,,,{}
1860,item:1124,recipe:36,recipe_input,formal_game_data,runtime:LDB.recipes,exact,2,,,{}
1861,item:1113,recipe:36,recipe_input,formal_game_data,runtime:LDB.recipes,exact,2,,,{}
1862,item:1115,recipe:36,recipe_input,formal_game_data,runtime:LDB.recipes,exact,1,,,{}
1863,recipe:36,item:1402,recipe_output,formal_game_data,runtime:LDB.recipes,exact,1,,,{}
1864,item:1105,recipe:37,recipe_input,formal_game_data,runtime:LDB.recipes,exact,1,,,{}
1865,recipe:37,item:1113,recipe_output,formal_game_data,runtime:LDB.recipes,exact,1,,,{}
1866,item:1126,recipe:38,recipe_input,formal_game_data,runtime:LDB.recipes,exact,1,,,{}
1867,item:1119,recipe:38,recipe_input,formal_game_data,runtime:LDB.recipes,exact,2,,,{}
1868,recipe:38,item:1304,recipe_output,formal_game_data,runtime:LDB.recipes,exact,1,,,{}
1869,item:1107,recipe:39,recipe_input,formal_game_data,runtime:LDB.recipes,exact,20,,,{}
1870,item:1125,recipe:39,recipe_input,formal_game_data,runtime:LDB.recipes,exact,20,,,{}
1871,item:1205,recipe:39,recipe_input,formal_game_data,runtime:LDB.recipes,exact,25,,,{}
1872,item:1123,recipe:39,recipe_input,formal_game_data,runtime:LDB.recipes,exact,10,,,{}
1873,item:1303,recipe:39,recipe_input,formal_game_data,runtime:LDB.recipes,exact,8,,,{}
1874,recipe:39,item:2310,recipe_output,formal_game_data,runtime:LDB.recipes,exact,1,,,{}
1875,item:1120,recipe:40,recipe_input,formal_game_data,runtime:LDB.recipes,exact,10,,,{}
1876,recipe:40,item:1121,recipe_output,formal_game_data,runtime:LDB.recipes,exact,5,,,{}
1877,item:1107,recipe:41,recipe_input,formal_game_data,runtime:LDB.recipes,exact,1,,,{}
1878,item:1121,recipe:41,recipe_input,formal_game_data,runtime:LDB.recipes,exact,20,,,{}
1879,item:1205,recipe:41,recipe_input,formal_game_data,runtime:LDB.recipes,exact,1,,,{}
1880,recipe:41,item:1802,recipe_output,formal_game_data,runtime:LDB.recipes,exact,2,,,{}
1881,item:1206,recipe:42,recipe_input,formal_game_data,runtime:LDB.recipes,exact,1,,,{}
1882,item:1303,recipe:42,recipe_input,formal_game_data,runtime:LDB.recipes,exact,1,,,{}
1883,recipe:42,item:1403,recipe_output,formal_game_data,runtime:LDB.recipes,exact,1,,,{}
1884,item:1107,recipe:43,recipe_input,formal_game_data,runtime:LDB.recipes,exact,20,,,{}
1885,item:1125,recipe:43,recipe_input,formal_game_data,runtime:LDB.recipes,exact,20,,,{}
1886,item:1403,recipe:43,recipe_input,formal_game_data,runtime:LDB.recipes,exact,10,,,{}
1887,item:1305,recipe:43,recipe_input,formal_game_data,runtime:LDB.recipes,exact,10,,,{}
1888,recipe:43,item:2210,recipe_output,formal_game_data,runtime:LDB.recipes,exact,1,,,{}
1889,item:1122,recipe:44,recipe_input,formal_game_data,runtime:LDB.recipes,exact,12,,,{}
1890,item:1120,recipe:44,recipe_input,formal_game_data,runtime:LDB.recipes,exact,12,,,{}
1891,item:1403,recipe:44,recipe_input,formal_game_data,runtime:LDB.recipes,exact,1,,,{}
1892,item:1107,recipe:44,recipe_input,formal_game_data,runtime:LDB.recipes,exact,1,,,{}
1893,recipe:44,item:1803,recipe_output,formal_game_data,runtime:LDB.recipes,exact,2,,,{}
1894,item:1101,recipe:45,recipe_input,formal_game_data,runtime:LDB.recipes,exact,4,,,{}
1895,item:1201,recipe:45,recipe_input,formal_game_data,runtime:LDB.recipes,exact,8,,,{}
1896,item:1301,recipe:45,recipe_input,formal_game_data,runtime:LDB.recipes,exact,4,,,{}
1897,recipe:45,item:2303,recipe_output,formal_game_data,runtime:LDB.recipes,exact,1,,,{}
1898,item:2303,recipe:46,recipe_input,formal_game_data,runtime:LDB.recipes,exact,1,,,{}
1899,item:1123,recipe:46,recipe_input,formal_game_data,runtime:LDB.recipes,exact,8,,,{}
1900,item:1303,recipe:46,recipe_input,formal_game_data,runtime:LDB.recipes,exact,4,,,{}
1901,recipe:46,item:2304,recipe_output,formal_game_data,runtime:LDB.recipes,exact,1,,,{}
1902,item:2304,recipe:47,recipe_input,formal_game_data,runtime:LDB.recipes,exact,1,,,{}
1903,item:1402,recipe:47,recipe_input,formal_game_data,runtime:LDB.recipes,exact,8,,,{}
1904,item:1305,recipe:47,recipe_input,formal_game_data,runtime:LDB.recipes,exact,2,,,{}
1905,recipe:47,item:2305,recipe_output,formal_game_data,runtime:LDB.recipes,exact,1,,,{}
1906,item:1101,recipe:48,recipe_input,formal_game_data,runtime:LDB.recipes,exact,4,,,{}
1907,item:1301,recipe:48,recipe_input,formal_game_data,runtime:LDB.recipes,exact,2,,,{}
1908,item:1202,recipe:48,recipe_input,formal_game_data,runtime:LDB.recipes,exact,2,,,{}
1909,item:1201,recipe:48,recipe_input,formal_game_data,runtime:LDB.recipes,exact,2,,,{}
1910,recipe:48,item:2301,recipe_output,formal_game_data,runtime:LDB.recipes,exact,1,,,{}
1911,item:1101,recipe:49,recipe_input,formal_game_data,runtime:LDB.recipes,exact,8,,,{}
1912,item:1108,recipe:49,recipe_input,formal_game_data,runtime:LDB.recipes,exact,4,,,{}
1913,item:1203,recipe:49,recipe_input,formal_game_data,runtime:LDB.recipes,exact,4,,,{}
1914,item:1301,recipe:49,recipe_input,formal_game_data,runtime:LDB.recipes,exact,2,,,{}
1915,recipe:49,item:2306,recipe_output,formal_game_data,runtime:LDB.recipes,exact,1,,,{}
1916,item:1101,recipe:50,recipe_input,formal_game_data,runtime:LDB.recipes,exact,2,,,{}
1917,item:1104,recipe:50,recipe_input,formal_game_data,runtime:LDB.recipes,exact,1,,,{}
1918,recipe:50,item:1301,recipe_output,formal_game_data,runtime:LDB.recipes,exact,2,,,{}
1919,item:1301,recipe:51,recipe_input,formal_game_data,runtime:LDB.recipes,exact,2,,,{}
1920,item:1302,recipe:51,recipe_input,formal_game_data,runtime:LDB.recipes,exact,2,,,{}
1921,recipe:51,item:1303,recipe_output,formal_game_data,runtime:LDB.recipes,exact,1,,,{}
1922,item:1303,recipe:52,recipe_input,formal_game_data,runtime:LDB.recipes,exact,2,,,{}
1923,item:1304,recipe:52,recipe_input,formal_game_data,runtime:LDB.recipes,exact,2,,,{}
1924,recipe:52,item:1305,recipe_output,formal_game_data,runtime:LDB.recipes,exact,1,,,{}
1925,item:1105,recipe:53,recipe_input,formal_game_data,runtime:LDB.recipes,exact,2,,,{}
1926,item:1104,recipe:53,recipe_input,formal_game_data,runtime:LDB.recipes,exact,1,,,{}
1927,recipe:53,item:1302,recipe_output,formal_game_data,runtime:LDB.recipes,exact,1,,,{}
1928,item:1030,recipe:54,recipe_input,formal_game_data,runtime:LDB.recipes,exact,20,,,{}
1929,item:1031,recipe:54,recipe_input,formal_game_data,runtime:LDB.recipes,exact,30,,,{}
1930,item:1000,recipe:54,recipe_input,formal_game_data,runtime:LDB.recipes,exact,10,,,{}
1931,recipe:54,item:1117,recipe_output,formal_game_data,runtime:LDB.recipes,exact,1,,,{}
1932,item:1303,recipe:55,recipe_input,formal_game_data,runtime:LDB.recipes,exact,2,,,{}
1933,item:1402,recipe:55,recipe_input,formal_game_data,runtime:LDB.recipes,exact,1,,,{}
1934,recipe:55,item:6004,recipe_output,formal_game_data,runtime:LDB.recipes,exact,1,,,{}
1935,item:1101,recipe:56,recipe_input,formal_game_data,runtime:LDB.recipes,exact,4,,,{}
1936,item:1108,recipe:56,recipe_input,formal_game_data,runtime:LDB.recipes,exact,2,,,{}
1937,item:1301,recipe:56,recipe_input,formal_game_data,runtime:LDB.recipes,exact,4,,,{}
1938,item:1202,recipe:56,recipe_input,formal_game_data,runtime:LDB.recipes,exact,2,,,{}
1939,recipe:56,item:2302,recipe_output,formal_game_data,runtime:LDB.recipes,exact,1,,,{}
1940,item:1005,recipe:57,recipe_input,formal_game_data,runtime:LDB.recipes,exact,2,,,{}
1941,recipe:57,item:1110,recipe_output,formal_game_data,runtime:LDB.recipes,exact,1,,,{}
1942,item:1114,recipe:58,recipe_input,formal_game_data,runtime:LDB.recipes,exact,1,,,{}
1943,item:1120,recipe:58,recipe_input,formal_game_data,runtime:LDB.recipes,exact,2,,,{}
1944,recipe:58,item:1120,recipe_output,formal_game_data,runtime:LDB.recipes,exact,3,,,{}
1945,recipe:58,item:1109,recipe_output,formal_game_data,runtime:LDB.recipes,exact,1,,,{}
1946,item:1003,recipe:59,recipe_input,formal_game_data,runtime:LDB.recipes,exact,2,,,{}
1947,recipe:59,item:1105,recipe_output,formal_game_data,runtime:LDB.recipes,exact,1,,,{}
1948,item:1109,recipe:60,recipe_input,formal_game_data,runtime:LDB.recipes,exact,1,,,{}
1949,recipe:60,item:1112,recipe_output,formal_game_data,runtime:LDB.recipes,exact,1,,,{}
1950,item:1012,recipe:61,recipe_input,formal_game_data,runtime:LDB.recipes,exact,1,,,{}
1951,recipe:61,item:1112,recipe_output,formal_game_data,runtime:LDB.recipes,exact,2,,,{}
1952,item:1013,recipe:62,recipe_input,formal_game_data,runtime:LDB.recipes,exact,1,,,{}
1953,recipe:62,item:1113,recipe_output,formal_game_data,runtime:LDB.recipes,exact,2,,,{}
1954,item:1101,recipe:63,recipe_input,formal_game_data,runtime:LDB.recipes,exact,3,,,{}
1955,recipe:63,item:1103,recipe_output,formal_game_data,runtime:LDB.recipes,exact,1,,,{}
1956,item:1101,recipe:64,recipe_input,formal_game_data,runtime:LDB.recipes,exact,10,,,{}
1957,item:1108,recipe:64,recipe_input,formal_game_data,runtime:LDB.recipes,exact,4,,,{}
1958,item:1201,recipe:64,recipe_input,formal_game_data,runtime:LDB.recipes,exact,4,,,{}
1959,item:1202,recipe:64,recipe_input,formal_game_data,runtime:LDB.recipes,exact,4,,,{}
1960,recipe:64,item:2204,recipe_output,formal_game_data,runtime:LDB.recipes,exact,1,,,{}
1961,item:1004,recipe:65,recipe_input,formal_game_data,runtime:LDB.recipes,exact,2,,,{}
1962,recipe:65,item:1106,recipe_output,formal_game_data,runtime:LDB.recipes,exact,1,,,{}
1963,item:1106,recipe:66,recipe_input,formal_game_data,runtime:LDB.recipes,exact,4,,,{}
1964,item:1103,recipe:66,recipe_input,formal_game_data,runtime:LDB.recipes,exact,4,,,{}
1965,item:1116,recipe:66,recipe_input,formal_game_data,runtime:LDB.recipes,exact,8,,,{}
1966,recipe:66,item:1107,recipe_output,formal_game_data,runtime:LDB.recipes,exact,4,,,{}
1967,item:1104,recipe:67,recipe_input,formal_game_data,runtime:LDB.recipes,exact,10,,,{}
1968,item:1105,recipe:67,recipe_input,formal_game_data,runtime:LDB.recipes,exact,10,,,{}
1969,item:1301,recipe:67,recipe_input,formal_game_data,runtime:LDB.recipes,exact,5,,,{}
1970,recipe:67,item:2205,recipe_output,formal_game_data,runtime:LDB.recipes,exact,1,,,{}
1971,item:1111,recipe:68,recipe_input,formal_game_data,runtime:LDB.recipes,exact,2,,,{}
1972,item:1301,recipe:68,recipe_input,formal_game_data,runtime:LDB.recipes,exact,1,,,{}
1973,recipe:68,item:1404,recipe_output,formal_game_data,runtime:LDB.recipes,exact,1,,,{}
1974,item:1014,recipe:69,recipe_input,formal_game_data,runtime:LDB.recipes,exact,1,,,{}
1975,item:1301,recipe:69,recipe_input,formal_game_data,runtime:LDB.recipes,exact,1,,,{}
1976,recipe:69,item:1404,recipe_output,formal_game_data,runtime:LDB.recipes,exact,1,,,{}
1977,item:1123,recipe:70,recipe_input,formal_game_data,runtime:LDB.recipes,exact,1,,,{}
1978,item:1404,recipe:70,recipe_input,formal_game_data,runtime:LDB.recipes,exact,1,,,{}
1979,recipe:70,item:1501,recipe_output,formal_game_data,runtime:LDB.recipes,exact,2,,,{}
1980,item:1103,recipe:71,recipe_input,formal_game_data,runtime:LDB.recipes,exact,20,,,{}
1981,item:1201,recipe:71,recipe_input,formal_game_data,runtime:LDB.recipes,exact,20,,,{}
1982,item:1303,recipe:71,recipe_input,formal_game_data,runtime:LDB.recipes,exact,5,,,{}
1983,item:1205,recipe:71,recipe_input,formal_game_data,runtime:LDB.recipes,exact,10,,,{}
1984,recipe:71,item:2311,recipe_output,formal_game_data,runtime:LDB.recipes,exact,1,,,{}
1985,item:1103,recipe:72,recipe_input,formal_game_data,runtime:LDB.recipes,exact,20,,,{}
1986,item:1105,recipe:72,recipe_input,formal_game_data,runtime:LDB.recipes,exact,20,,,{}
1987,item:1404,recipe:72,recipe_input,formal_game_data,runtime:LDB.recipes,exact,10,,,{}
1988,item:1303,recipe:72,recipe_input,formal_game_data,runtime:LDB.recipes,exact,5,,,{}
1989,item:1205,recipe:72,recipe_input,formal_game_data,runtime:LDB.recipes,exact,20,,,{}
1990,recipe:72,item:2208,recipe_output,formal_game_data,runtime:LDB.recipes,exact,1,,,{}
1991,item:2202,recipe:73,recipe_input,formal_game_data,runtime:LDB.recipes,exact,1,,,{}
1992,item:1205,recipe:73,recipe_input,formal_game_data,runtime:LDB.recipes,exact,10,,,{}
1993,item:1125,recipe:73,recipe_input,formal_game_data,runtime:LDB.recipes,exact,2,,,{}
1994,recipe:73,item:2212,recipe_output,formal_game_data,runtime:LDB.recipes,exact,1,,,{}
1995,item:1208,recipe:74,recipe_input,formal_game_data,runtime:LDB.recipes,exact,2,,,{}
1996,recipe:74,item:1122,recipe_output,formal_game_data,runtime:LDB.recipes,exact,2,,,{}
1997,recipe:74,item:1120,recipe_output,formal_game_data,runtime:LDB.recipes,exact,2,,,{}
1998,item:6001,recipe:75,recipe_input,formal_game_data,runtime:LDB.recipes,exact,1,,,{}
1999,item:6002,recipe:75,recipe_input,formal_game_data,runtime:LDB.recipes,exact,1,,,{}
2000,item:6003,recipe:75,recipe_input,formal_game_data,runtime:LDB.recipes,exact,1,,,{}
2001,item:6004,recipe:75,recipe_input,formal_game_data,runtime:LDB.recipes,exact,1,,,{}
2002,item:6005,recipe:75,recipe_input,formal_game_data,runtime:LDB.recipes,exact,1,,,{}
2003,item:1122,recipe:75,recipe_input,formal_game_data,runtime:LDB.recipes,exact,1,,,{}
2004,recipe:75,item:6006,recipe_output,formal_game_data,runtime:LDB.recipes,exact,1,,,{}
2005,item:1101,recipe:76,recipe_input,formal_game_data,runtime:LDB.recipes,exact,6,,,{}
2006,item:1205,recipe:76,recipe_input,formal_game_data,runtime:LDB.recipes,exact,1,,,{}
2007,item:1113,recipe:76,recipe_input,formal_game_data,runtime:LDB.recipes,exact,3,,,{}
2008,recipe:76,item:2206,recipe_output,formal_game_data,runtime:LDB.recipes,exact,1,,,{}
2009,item:1107,recipe:77,recipe_input,formal_game_data,runtime:LDB.recipes,exact,40,,,{}
2010,item:1103,recipe:77,recipe_input,formal_game_data,runtime:LDB.recipes,exact,40,,,{}
2011,item:1303,recipe:77,recipe_input,formal_game_data,runtime:LDB.recipes,exact,40,,,{}
2012,item:1206,recipe:77,recipe_input,formal_game_data,runtime:LDB.recipes,exact,8,,,{}
2013,recipe:77,item:2209,recipe_output,formal_game_data,runtime:LDB.recipes,exact,1,,,{}
2014,item:1209,recipe:78,recipe_input,formal_game_data,runtime:LDB.recipes,exact,1,,,{}
2015,recipe:78,item:1210,recipe_output,formal_game_data,runtime:LDB.recipes,exact,1,,,{}
2016,item:6005,recipe:79,recipe_input,formal_game_data,runtime:LDB.recipes,exact,1,,,{}
2017,recipe:79,item:1210,recipe_output,formal_game_data,runtime:LDB.recipes,exact,8,,,{}
2018,item:1124,recipe:80,recipe_input,formal_game_data,runtime:LDB.recipes,exact,4,,,{}
2019,item:1107,recipe:80,recipe_input,formal_game_data,runtime:LDB.recipes,exact,1,,,{}
2020,item:1105,recipe:80,recipe_input,formal_game_data,runtime:LDB.recipes,exact,1,,,{}
2021,recipe:80,item:1125,recipe_output,formal_game_data,runtime:LDB.recipes,exact,1,,,{}
2022,item:1125,recipe:81,recipe_input,formal_game_data,runtime:LDB.recipes,exact,3,,,{}
2023,item:1501,recipe:81,recipe_input,formal_game_data,runtime:LDB.recipes,exact,3,,,{}
2024,item:1303,recipe:81,recipe_input,formal_game_data,runtime:LDB.recipes,exact,3,,,{}
2025,recipe:81,item:1502,recipe_output,formal_game_data,runtime:LDB.recipes,exact,1,,,{}
2026,item:1107,recipe:82,recipe_input,formal_game_data,runtime:LDB.recipes,exact,80,,,{}
2027,item:1125,recipe:82,recipe_input,formal_game_data,runtime:LDB.recipes,exact,30,,,{}
2028,item:1209,recipe:82,recipe_input,formal_game_data,runtime:LDB.recipes,exact,20,,,{}
2029,item:1305,recipe:82,recipe_input,formal_game_data,runtime:LDB.recipes,exact,10,,,{}
2030,recipe:82,item:2312,recipe_output,formal_game_data,runtime:LDB.recipes,exact,1,,,{}
2031,item:1502,recipe:83,recipe_input,formal_game_data,runtime:LDB.recipes,exact,2,,,{}
2032,item:1802,recipe:83,recipe_input,formal_game_data,runtime:LDB.recipes,exact,4,,,{}
2033,item:1305,recipe:83,recipe_input,formal_game_data,runtime:LDB.recipes,exact,2,,,{}
2034,recipe:83,item:1503,recipe_output,formal_game_data,runtime:LDB.recipes,exact,1,,,{}
2035,item:1101,recipe:84,recipe_input,formal_game_data,runtime:LDB.recipes,exact,2,,,{}
2036,item:1201,recipe:84,recipe_input,formal_game_data,runtime:LDB.recipes,exact,1,,,{}
2037,recipe:84,item:2001,recipe_output,formal_game_data,runtime:LDB.recipes,exact,3,,,{}
2038,item:1101,recipe:85,recipe_input,formal_game_data,runtime:LDB.recipes,exact,1,,,{}
2039,item:1301,recipe:85,recipe_input,formal_game_data,runtime:LDB.recipes,exact,1,,,{}
2040,recipe:85,item:2011,recipe_output,formal_game_data,runtime:LDB.recipes,exact,1,,,{}
2041,item:1101,recipe:86,recipe_input,formal_game_data,runtime:LDB.recipes,exact,4,,,{}
2042,item:1108,recipe:86,recipe_input,formal_game_data,runtime:LDB.recipes,exact,4,,,{}
2043,recipe:86,item:2101,recipe_output,formal_game_data,runtime:LDB.recipes,exact,1,,,{}
2044,item:1101,recipe:87,recipe_input,formal_game_data,runtime:LDB.recipes,exact,3,,,{}
2045,item:1201,recipe:87,recipe_input,formal_game_data,runtime:LDB.recipes,exact,2,,,{}
2046,item:1301,recipe:87,recipe_input,formal_game_data,runtime:LDB.recipes,exact,1,,,{}
2047,recipe:87,item:2020,recipe_output,formal_game_data,runtime:LDB.recipes,exact,1,,,{}
2048,item:2011,recipe:88,recipe_input,formal_game_data,runtime:LDB.recipes,exact,2,,,{}
2049,item:1203,recipe:88,recipe_input,formal_game_data,runtime:LDB.recipes,exact,1,,,{}
2050,recipe:88,item:2012,recipe_output,formal_game_data,runtime:LDB.recipes,exact,2,,,{}
2051,item:2001,recipe:89,recipe_input,formal_game_data,runtime:LDB.recipes,exact,3,,,{}
2052,item:1204,recipe:89,recipe_input,formal_game_data,runtime:LDB.recipes,exact,1,,,{}
2053,recipe:89,item:2002,recipe_output,formal_game_data,runtime:LDB.recipes,exact,3,,,{}
2054,item:2012,recipe:90,recipe_input,formal_game_data,runtime:LDB.recipes,exact,2,,,{}
2055,item:1204,recipe:90,recipe_input,formal_game_data,runtime:LDB.recipes,exact,1,,,{}
2056,recipe:90,item:2013,recipe_output,formal_game_data,runtime:LDB.recipes,exact,2,,,{}
2057,item:1103,recipe:91,recipe_input,formal_game_data,runtime:LDB.recipes,exact,8,,,{}
2058,item:1108,recipe:91,recipe_input,formal_game_data,runtime:LDB.recipes,exact,8,,,{}
2059,recipe:91,item:2102,recipe_output,formal_game_data,runtime:LDB.recipes,exact,1,,,{}
2060,item:2002,recipe:92,recipe_input,formal_game_data,runtime:LDB.recipes,exact,3,,,{}
2061,item:1205,recipe:92,recipe_input,formal_game_data,runtime:LDB.recipes,exact,1,,,{}
2062,item:1123,recipe:92,recipe_input,formal_game_data,runtime:LDB.recipes,exact,1,,,{}
2063,recipe:92,item:2003,recipe_output,formal_game_data,runtime:LDB.recipes,exact,3,,,{}
2064,item:1103,recipe:93,recipe_input,formal_game_data,runtime:LDB.recipes,exact,40,,,{}
2065,item:1106,recipe:93,recipe_input,formal_game_data,runtime:LDB.recipes,exact,40,,,{}
2066,item:1303,recipe:93,recipe_input,formal_game_data,runtime:LDB.recipes,exact,40,,,{}
2067,item:1206,recipe:93,recipe_input,formal_game_data,runtime:LDB.recipes,exact,20,,,{}
2068,recipe:93,item:2103,recipe_output,formal_game_data,runtime:LDB.recipes,exact,1,,,{}
2069,item:1101,recipe:94,recipe_input,formal_game_data,runtime:LDB.recipes,exact,5,,,{}
2070,item:1303,recipe:94,recipe_input,formal_game_data,runtime:LDB.recipes,exact,2,,,{}
2071,item:1405,recipe:94,recipe_input,formal_game_data,runtime:LDB.recipes,exact,2,,,{}
2072,recipe:94,item:5001,recipe_output,formal_game_data,runtime:LDB.recipes,exact,1,,,{}
2073,item:2103,recipe:95,recipe_input,formal_game_data,runtime:LDB.recipes,exact,1,,,{}
2074,item:1107,recipe:95,recipe_input,formal_game_data,runtime:LDB.recipes,exact,40,,,{}
2075,item:1206,recipe:95,recipe_input,formal_game_data,runtime:LDB.recipes,exact,20,,,{}
2076,recipe:95,item:2104,recipe_output,formal_game_data,runtime:LDB.recipes,exact,1,,,{}
2077,item:1107,recipe:96,recipe_input,formal_game_data,runtime:LDB.recipes,exact,10,,,{}
2078,item:1303,recipe:96,recipe_input,formal_game_data,runtime:LDB.recipes,exact,10,,,{}
2079,item:1406,recipe:96,recipe_input,formal_game_data,runtime:LDB.recipes,exact,2,,,{}
2080,recipe:96,item:5002,recipe_output,formal_game_data,runtime:LDB.recipes,exact,1,,,{}
2081,item:1101,recipe:97,recipe_input,formal_game_data,runtime:LDB.recipes,exact,2,,,{}
2082,item:1201,recipe:97,recipe_input,formal_game_data,runtime:LDB.recipes,exact,1,,,{}
2083,item:1202,recipe:97,recipe_input,formal_game_data,runtime:LDB.recipes,exact,1,,,{}
2084,recipe:97,item:1203,recipe_output,formal_game_data,runtime:LDB.recipes,exact,1,,,{}
2085,item:1203,recipe:98,recipe_input,formal_game_data,runtime:LDB.recipes,exact,2,,,{}
2086,item:1202,recipe:98,recipe_input,formal_game_data,runtime:LDB.recipes,exact,2,,,{}
2087,recipe:98,item:1204,recipe_output,formal_game_data,runtime:LDB.recipes,exact,1,,,{}
2088,item:1204,recipe:99,recipe_input,formal_game_data,runtime:LDB.recipes,exact,2,,,{}
2089,item:1104,recipe:99,recipe_input,formal_game_data,runtime:LDB.recipes,exact,2,,,{}
2090,item:1123,recipe:99,recipe_input,formal_game_data,runtime:LDB.recipes,exact,2,,,{}
2091,recipe:99,item:1206,recipe_output,formal_game_data,runtime:LDB.recipes,exact,1,,,{}
2092,item:1016,recipe:100,recipe_input,formal_game_data,runtime:LDB.recipes,exact,10,,,{}
2093,item:1104,recipe:100,recipe_input,formal_game_data,runtime:LDB.recipes,exact,2,,,{}
2094,recipe:100,item:1206,recipe_output,formal_game_data,runtime:LDB.recipes,exact,1,,,{}
2095,item:1112,recipe:101,recipe_input,formal_game_data,runtime:LDB.recipes,exact,4,,,{}
2096,item:1127,recipe:101,recipe_input,formal_game_data,runtime:LDB.recipes,exact,1,,,{}
2097,recipe:101,item:1209,recipe_output,formal_game_data,runtime:LDB.recipes,exact,1,,,{}
2098,item:1209,recipe:102,recipe_input,formal_game_data,runtime:LDB.recipes,exact,1,,,{}
2099,item:1305,recipe:102,recipe_input,formal_game_data,runtime:LDB.recipes,exact,1,,,{}
2100,recipe:102,item:6005,recipe_output,formal_game_data,runtime:LDB.recipes,exact,2,,,{}
2101,item:1204,recipe:103,recipe_input,formal_game_data,runtime:LDB.recipes,exact,2,,,{}
2102,item:1102,recipe:103,recipe_input,formal_game_data,runtime:LDB.recipes,exact,3,,,{}
2103,item:1109,recipe:103,recipe_input,formal_game_data,runtime:LDB.recipes,exact,1,,,{}
2104,recipe:103,item:1205,recipe_output,formal_game_data,runtime:LDB.recipes,exact,1,,,{}
2105,item:1206,recipe:104,recipe_input,formal_game_data,runtime:LDB.recipes,exact,2,,,{}
2106,item:1101,recipe:104,recipe_input,formal_game_data,runtime:LDB.recipes,exact,2,,,{}
2107,item:1121,recipe:104,recipe_input,formal_game_data,runtime:LDB.recipes,exact,10,,,{}
2108,recipe:104,item:1127,recipe_output,formal_game_data,runtime:LDB.recipes,exact,1,,,{}
2109,item:1006,recipe:106,recipe_input,formal_game_data,runtime:LDB.recipes,exact,1,,,{}
2110,recipe:106,item:1141,recipe_output,formal_game_data,runtime:LDB.recipes,exact,1,,,{}
2111,item:1141,recipe:107,recipe_input,formal_game_data,runtime:LDB.recipes,exact,2,,,{}
2112,item:1112,recipe:107,recipe_input,formal_game_data,runtime:LDB.recipes,exact,1,,,{}
2113,recipe:107,item:1142,recipe_output,formal_game_data,runtime:LDB.recipes,exact,1,,,{}
2114,item:1142,recipe:108,recipe_input,formal_game_data,runtime:LDB.recipes,exact,2,,,{}
2115,item:1124,recipe:108,recipe_input,formal_game_data,runtime:LDB.recipes,exact,1,,,{}
2116,recipe:108,item:1143,recipe_output,formal_game_data,runtime:LDB.recipes,exact,1,,,{}
2117,item:1103,recipe:109,recipe_input,formal_game_data,runtime:LDB.recipes,exact,4,,,{}
2118,item:1401,recipe:109,recipe_input,formal_game_data,runtime:LDB.recipes,exact,2,,,{}
2119,item:1301,recipe:109,recipe_input,formal_game_data,runtime:LDB.recipes,exact,2,,,{}
2120,item:1302,recipe:109,recipe_input,formal_game_data,runtime:LDB.recipes,exact,2,,,{}
2121,recipe:109,item:2313,recipe_output,formal_game_data,runtime:LDB.recipes,exact,1,,,{}
2122,item:1103,recipe:110,recipe_input,formal_game_data,runtime:LDB.recipes,exact,8,,,{}
2123,item:1108,recipe:110,recipe_input,formal_game_data,runtime:LDB.recipes,exact,4,,,{}
2124,item:1110,recipe:110,recipe_input,formal_game_data,runtime:LDB.recipes,exact,4,,,{}
2125,item:1303,recipe:110,recipe_input,formal_game_data,runtime:LDB.recipes,exact,1,,,{}
2126,recipe:110,item:2314,recipe_output,formal_game_data,runtime:LDB.recipes,exact,1,,,{}
2127,item:2104,recipe:111,recipe_input,formal_game_data,runtime:LDB.recipes,exact,1,,,{}
2128,item:1205,recipe:111,recipe_input,formal_game_data,runtime:LDB.recipes,exact,50,,,{}
2129,item:1406,recipe:111,recipe_input,formal_game_data,runtime:LDB.recipes,exact,20,,,{}
2130,item:2207,recipe:111,recipe_input,formal_game_data,runtime:LDB.recipes,exact,20,,,{}
2131,recipe:111,item:2105,recipe_output,formal_game_data,runtime:LDB.recipes,exact,1,,,{}
2132,item:1108,recipe:112,recipe_input,formal_game_data,runtime:LDB.recipes,exact,3,,,{}
2133,item:1103,recipe:112,recipe_input,formal_game_data,runtime:LDB.recipes,exact,1,,,{}
2134,recipe:112,item:1131,recipe_output,formal_game_data,runtime:LDB.recipes,exact,1,,,{}
2135,item:1107,recipe:113,recipe_input,formal_game_data,runtime:LDB.recipes,exact,12,,,{}
2136,item:1205,recipe:113,recipe_input,formal_game_data,runtime:LDB.recipes,exact,10,,,{}
2137,item:1124,recipe:113,recipe_input,formal_game_data,runtime:LDB.recipes,exact,8,,,{}
2138,item:1303,recipe:113,recipe_input,formal_game_data,runtime:LDB.recipes,exact,4,,,{}
2139,recipe:113,item:2211,recipe_output,formal_game_data,runtime:LDB.recipes,exact,1,,,{}
2140,item:1101,recipe:114,recipe_input,formal_game_data,runtime:LDB.recipes,exact,8,,,{}
2141,item:1108,recipe:114,recipe_input,formal_game_data,runtime:LDB.recipes,exact,4,,,{}
2142,item:1110,recipe:114,recipe_input,formal_game_data,runtime:LDB.recipes,exact,4,,,{}
2143,recipe:114,item:2106,recipe_output,formal_game_data,runtime:LDB.recipes,exact,1,,,{}
2144,item:1120,recipe:115,recipe_input,formal_game_data,runtime:LDB.recipes,exact,100,,,{}
2145,recipe:115,item:1121,recipe_output,formal_game_data,runtime:LDB.recipes,exact,1,,,{}
2146,item:2302,recipe:116,recipe_input,formal_game_data,runtime:LDB.recipes,exact,1,,,{}
2147,item:1125,recipe:116,recipe_input,formal_game_data,runtime:LDB.recipes,exact,5,,,{}
2148,item:1304,recipe:116,recipe_input,formal_game_data,runtime:LDB.recipes,exact,4,,,{}
2149,item:1016,recipe:116,recipe_input,formal_game_data,runtime:LDB.recipes,exact,15,,,{}
2150,recipe:116,item:2315,recipe_output,formal_game_data,runtime:LDB.recipes,exact,1,,,{}
2151,item:1101,recipe:117,recipe_input,formal_game_data,runtime:LDB.recipes,exact,3,,,{}
2152,item:1201,recipe:117,recipe_input,formal_game_data,runtime:LDB.recipes,exact,2,,,{}
2153,item:1110,recipe:117,recipe_input,formal_game_data,runtime:LDB.recipes,exact,1,,,{}
2154,item:1301,recipe:117,recipe_input,formal_game_data,runtime:LDB.recipes,exact,2,,,{}
2155,recipe:117,item:2030,recipe_output,formal_game_data,runtime:LDB.recipes,exact,1,,,{}
2156,item:1103,recipe:118,recipe_input,formal_game_data,runtime:LDB.recipes,exact,15,,,{}
2157,item:1104,recipe:118,recipe_input,formal_game_data,runtime:LDB.recipes,exact,20,,,{}
2158,item:1404,recipe:118,recipe_input,formal_game_data,runtime:LDB.recipes,exact,4,,,{}
2159,item:1205,recipe:118,recipe_input,formal_game_data,runtime:LDB.recipes,exact,1,,,{}
2160,recipe:118,item:2213,recipe_output,formal_game_data,runtime:LDB.recipes,exact,1,,,{}
2161,item:1107,recipe:119,recipe_input,formal_game_data,runtime:LDB.recipes,exact,20,,,{}
2162,item:1125,recipe:119,recipe_input,formal_game_data,runtime:LDB.recipes,exact,10,,,{}
2163,item:1205,recipe:119,recipe_input,formal_game_data,runtime:LDB.recipes,exact,10,,,{}
2164,item:1305,recipe:119,recipe_input,formal_game_data,runtime:LDB.recipes,exact,4,,,{}
2165,item:1014,recipe:119,recipe_input,formal_game_data,runtime:LDB.recipes,exact,40,,,{}
2166,recipe:119,item:2316,recipe_output,formal_game_data,runtime:LDB.recipes,exact,1,,,{}
2167,item:1103,recipe:120,recipe_input,formal_game_data,runtime:LDB.recipes,exact,3,,,{}
2168,item:1201,recipe:120,recipe_input,formal_game_data,runtime:LDB.recipes,exact,4,,,{}
2169,item:1205,recipe:120,recipe_input,formal_game_data,runtime:LDB.recipes,exact,1,,,{}
2170,item:1303,recipe:120,recipe_input,formal_game_data,runtime:LDB.recipes,exact,2,,,{}
2171,recipe:120,item:2040,recipe_output,formal_game_data,runtime:LDB.recipes,exact,1,,,{}
2172,item:1114,recipe:121,recipe_input,formal_game_data,runtime:LDB.recipes,exact,2,,,{}
2173,item:1120,recipe:121,recipe_input,formal_game_data,runtime:LDB.recipes,exact,1,,,{}
2174,item:1006,recipe:121,recipe_input,formal_game_data,runtime:LDB.recipes,exact,1,,,{}
2175,recipe:121,item:1114,recipe_output,formal_game_data,runtime:LDB.recipes,exact,3,,,{}
2176,item:1101,recipe:122,recipe_input,formal_game_data,runtime:LDB.recipes,exact,8,,,{}
2177,item:1401,recipe:122,recipe_input,formal_game_data,runtime:LDB.recipes,exact,4,,,{}
2178,item:1303,recipe:122,recipe_input,formal_game_data,runtime:LDB.recipes,exact,4,,,{}
2179,recipe:122,item:2107,recipe_output,formal_game_data,runtime:LDB.recipes,exact,1,,,{}
2180,item:1101,recipe:123,recipe_input,formal_game_data,runtime:LDB.recipes,exact,2,,,{}
2181,item:1407,recipe:123,recipe_input,formal_game_data,runtime:LDB.recipes,exact,1,,,{}
2182,item:1303,recipe:123,recipe_input,formal_game_data,runtime:LDB.recipes,exact,1,,,{}
2183,recipe:123,item:5003,recipe_output,formal_game_data,runtime:LDB.recipes,exact,1,,,{}
2184,item:2309,recipe:124,recipe_input,formal_game_data,runtime:LDB.recipes,exact,1,,,{}
2185,item:1119,recipe:124,recipe_input,formal_game_data,runtime:LDB.recipes,exact,10,,,{}
2186,item:1127,recipe:124,recipe_input,formal_game_data,runtime:LDB.recipes,exact,3,,,{}
2187,item:1305,recipe:124,recipe_input,formal_game_data,runtime:LDB.recipes,exact,3,,,{}
2188,recipe:124,item:2317,recipe_output,formal_game_data,runtime:LDB.recipes,exact,1,,,{}
2189,item:1101,recipe:125,recipe_input,formal_game_data,runtime:LDB.recipes,exact,8,,,{}
2190,item:1201,recipe:125,recipe_input,formal_game_data,runtime:LDB.recipes,exact,8,,,{}
2191,item:1301,recipe:125,recipe_input,formal_game_data,runtime:LDB.recipes,exact,2,,,{}
2192,item:1202,recipe:125,recipe_input,formal_game_data,runtime:LDB.recipes,exact,4,,,{}
2193,recipe:125,item:3001,recipe_output,formal_game_data,runtime:LDB.recipes,exact,1,,,{}
2194,item:1103,recipe:126,recipe_input,formal_game_data,runtime:LDB.recipes,exact,9,,,{}
2195,item:1401,recipe:126,recipe_input,formal_game_data,runtime:LDB.recipes,exact,6,,,{}
2196,item:1301,recipe:126,recipe_input,formal_game_data,runtime:LDB.recipes,exact,6,,,{}
2197,item:1404,recipe:126,recipe_input,formal_game_data,runtime:LDB.recipes,exact,9,,,{}
2198,recipe:126,item:3002,recipe_output,formal_game_data,runtime:LDB.recipes,exact,1,,,{}
2199,item:1103,recipe:127,recipe_input,formal_game_data,runtime:LDB.recipes,exact,10,,,{}
2200,item:1203,recipe:127,recipe_input,formal_game_data,runtime:LDB.recipes,exact,8,,,{}
2201,item:1301,recipe:127,recipe_input,formal_game_data,runtime:LDB.recipes,exact,10,,,{}
2202,item:1205,recipe:127,recipe_input,formal_game_data,runtime:LDB.recipes,exact,2,,,{}
2203,recipe:127,item:3003,recipe_output,formal_game_data,runtime:LDB.recipes,exact,1,,,{}
2204,item:1107,recipe:128,recipe_input,formal_game_data,runtime:LDB.recipes,exact,20,,,{}
2205,item:1119,recipe:128,recipe_input,formal_game_data,runtime:LDB.recipes,exact,10,,,{}
2206,item:1205,recipe:128,recipe_input,formal_game_data,runtime:LDB.recipes,exact,10,,,{}
2207,item:1401,recipe:128,recipe_input,formal_game_data,runtime:LDB.recipes,exact,5,,,{}
2208,item:1303,recipe:128,recipe_input,formal_game_data,runtime:LDB.recipes,exact,5,,,{}
2209,recipe:128,item:3004,recipe_output,formal_game_data,runtime:LDB.recipes,exact,1,,,{}
2210,item:1103,recipe:129,recipe_input,formal_game_data,runtime:LDB.recipes,exact,8,,,{}
2211,item:1203,recipe:129,recipe_input,formal_game_data,runtime:LDB.recipes,exact,6,,,{}
2212,item:1301,recipe:129,recipe_input,formal_game_data,runtime:LDB.recipes,exact,12,,,{}
2213,item:1407,recipe:129,recipe_input,formal_game_data,runtime:LDB.recipes,exact,6,,,{}
2214,recipe:129,item:3005,recipe_output,formal_game_data,runtime:LDB.recipes,exact,1,,,{}
2215,item:1104,recipe:130,recipe_input,formal_game_data,runtime:LDB.recipes,exact,12,,,{}
2216,item:1401,recipe:130,recipe_input,formal_game_data,runtime:LDB.recipes,exact,9,,,{}
2217,item:1112,recipe:130,recipe_input,formal_game_data,runtime:LDB.recipes,exact,6,,,{}
2218,item:1303,recipe:130,recipe_input,formal_game_data,runtime:LDB.recipes,exact,3,,,{}
2219,recipe:130,item:3006,recipe_output,formal_game_data,runtime:LDB.recipes,exact,1,,,{}
2220,item:2202,recipe:131,recipe_input,formal_game_data,runtime:LDB.recipes,exact,2,,,{}
2221,item:1103,recipe:131,recipe_input,formal_game_data,runtime:LDB.recipes,exact,12,,,{}
2222,item:1113,recipe:131,recipe_input,formal_game_data,runtime:LDB.recipes,exact,6,,,{}
2223,recipe:131,item:3007,recipe_output,formal_game_data,runtime:LDB.recipes,exact,1,,,{}
2224,item:1103,recipe:132,recipe_input,formal_game_data,runtime:LDB.recipes,exact,20,,,{}
2225,item:1204,recipe:132,recipe_input,formal_game_data,runtime:LDB.recipes,exact,20,,,{}
2226,item:1205,recipe:132,recipe_input,formal_game_data,runtime:LDB.recipes,exact,5,,,{}
2227,item:1206,recipe:132,recipe_input,formal_game_data,runtime:LDB.recipes,exact,5,,,{}
2228,recipe:132,item:3008,recipe_output,formal_game_data,runtime:LDB.recipes,exact,1,,,{}
2229,item:1006,recipe:133,recipe_input,formal_game_data,runtime:LDB.recipes,exact,3,,,{}
2230,recipe:133,item:1128,recipe_output,formal_game_data,runtime:LDB.recipes,exact,1,,,{}
2231,item:1128,recipe:134,recipe_input,formal_game_data,runtime:LDB.recipes,exact,2,,,{}
2232,item:1115,recipe:134,recipe_input,formal_game_data,runtime:LDB.recipes,exact,2,,,{}
2233,item:1116,recipe:134,recipe_input,formal_game_data,runtime:LDB.recipes,exact,1,,,{}
2234,recipe:134,item:1129,recipe_output,formal_game_data,runtime:LDB.recipes,exact,2,,,{}
2235,item:1129,recipe:135,recipe_input,formal_game_data,runtime:LDB.recipes,exact,8,,,{}
2236,item:1126,recipe:135,recipe_input,formal_game_data,runtime:LDB.recipes,exact,1,,,{}
2237,item:1113,recipe:135,recipe_input,formal_game_data,runtime:LDB.recipes,exact,8,,,{}
2238,recipe:135,item:1130,recipe_output,formal_game_data,runtime:LDB.recipes,exact,8,,,{}
2239,item:1104,recipe:136,recipe_input,formal_game_data,runtime:LDB.recipes,exact,3,,,{}
2240,recipe:136,item:1601,recipe_output,formal_game_data,runtime:LDB.recipes,exact,1,,,{}
2241,item:1601,recipe:137,recipe_input,formal_game_data,runtime:LDB.recipes,exact,1,,,{}
2242,item:1106,recipe:137,recipe_input,formal_game_data,runtime:LDB.recipes,exact,2,,,{}
2243,recipe:137,item:1602,recipe_output,formal_game_data,runtime:LDB.recipes,exact,1,,,{}
2244,item:1602,recipe:138,recipe_input,formal_game_data,runtime:LDB.recipes,exact,1,,,{}
2245,item:1107,recipe:138,recipe_input,formal_game_data,runtime:LDB.recipes,exact,1,,,{}
2246,recipe:138,item:1603,recipe_output,formal_game_data,runtime:LDB.recipes,exact,1,,,{}
2247,item:1104,recipe:139,recipe_input,formal_game_data,runtime:LDB.recipes,exact,9,,,{}
2248,item:1128,recipe:139,recipe_input,formal_game_data,runtime:LDB.recipes,exact,2,,,{}
2249,recipe:139,item:1604,recipe_output,formal_game_data,runtime:LDB.recipes,exact,1,,,{}
2250,item:1604,recipe:140,recipe_input,formal_game_data,runtime:LDB.recipes,exact,1,,,{}
2251,item:1106,recipe:140,recipe_input,formal_game_data,runtime:LDB.recipes,exact,6,,,{}
2252,item:1129,recipe:140,recipe_input,formal_game_data,runtime:LDB.recipes,exact,2,,,{}
2253,recipe:140,item:1605,recipe_output,formal_game_data,runtime:LDB.recipes,exact,1,,,{}
2254,item:1605,recipe:141,recipe_input,formal_game_data,runtime:LDB.recipes,exact,1,,,{}
2255,item:1107,recipe:141,recipe_input,formal_game_data,runtime:LDB.recipes,exact,3,,,{}
2256,item:1130,recipe:141,recipe_input,formal_game_data,runtime:LDB.recipes,exact,2,,,{}
2257,recipe:141,item:1606,recipe_output,formal_game_data,runtime:LDB.recipes,exact,1,,,{}
2258,item:1123,recipe:142,recipe_input,formal_game_data,runtime:LDB.recipes,exact,1,,,{}
2259,item:1102,recipe:142,recipe_input,formal_game_data,runtime:LDB.recipes,exact,2,,,{}
2260,item:1121,recipe:142,recipe_input,formal_game_data,runtime:LDB.recipes,exact,10,,,{}
2261,recipe:142,item:1607,recipe_output,formal_game_data,runtime:LDB.recipes,exact,1,,,{}
2262,item:1607,recipe:143,recipe_input,formal_game_data,runtime:LDB.recipes,exact,1,,,{}
2263,item:1206,recipe:143,recipe_input,formal_game_data,runtime:LDB.recipes,exact,1,,,{}
2264,item:1120,recipe:143,recipe_input,formal_game_data,runtime:LDB.recipes,exact,10,,,{}
2265,item:1122,recipe:143,recipe_input,formal_game_data,runtime:LDB.recipes,exact,10,,,{}
2266,recipe:143,item:1608,recipe_output,formal_game_data,runtime:LDB.recipes,exact,1,,,{}
2267,item:1104,recipe:144,recipe_input,formal_game_data,runtime:LDB.recipes,exact,6,,,{}
2268,item:1301,recipe:144,recipe_input,formal_game_data,runtime:LDB.recipes,exact,3,,,{}
2269,item:1128,recipe:144,recipe_input,formal_game_data,runtime:LDB.recipes,exact,2,,,{}
2270,item:1407,recipe:144,recipe_input,formal_game_data,runtime:LDB.recipes,exact,1,,,{}
2271,recipe:144,item:1609,recipe_output,formal_game_data,runtime:LDB.recipes,exact,1,,,{}
2272,item:1609,recipe:145,recipe_input,formal_game_data,runtime:LDB.recipes,exact,2,,,{}
2273,item:1303,recipe:145,recipe_input,formal_game_data,runtime:LDB.recipes,exact,4,,,{}
2274,item:1129,recipe:145,recipe_input,formal_game_data,runtime:LDB.recipes,exact,4,,,{}
2275,item:1405,recipe:145,recipe_input,formal_game_data,runtime:LDB.recipes,exact,2,,,{}
2276,recipe:145,item:1610,recipe_output,formal_game_data,runtime:LDB.recipes,exact,2,,,{}
2277,item:1610,recipe:146,recipe_input,formal_game_data,runtime:LDB.recipes,exact,3,,,{}
2278,item:1130,recipe:146,recipe_input,formal_game_data,runtime:LDB.recipes,exact,6,,,{}
2279,item:1127,recipe:146,recipe_input,formal_game_data,runtime:LDB.recipes,exact,3,,,{}
2280,recipe:146,item:1611,recipe_output,formal_game_data,runtime:LDB.recipes,exact,3,,,{}
2281,item:1101,recipe:147,recipe_input,formal_game_data,runtime:LDB.recipes,exact,3,,,{}
2282,item:1407,recipe:147,recipe_input,formal_game_data,runtime:LDB.recipes,exact,1,,,{}
2283,item:1301,recipe:147,recipe_input,formal_game_data,runtime:LDB.recipes,exact,2,,,{}
2284,item:1401,recipe:147,recipe_input,formal_game_data,runtime:LDB.recipes,exact,1,,,{}
2285,recipe:147,item:5101,recipe_output,formal_game_data,runtime:LDB.recipes,exact,1,,,{}
2286,item:5101,recipe:148,recipe_input,formal_game_data,runtime:LDB.recipes,exact,1,,,{}
2287,item:1204,recipe:148,recipe_input,formal_game_data,runtime:LDB.recipes,exact,1,,,{}
2288,item:1301,recipe:148,recipe_input,formal_game_data,runtime:LDB.recipes,exact,2,,,{}
2289,item:1404,recipe:148,recipe_input,formal_game_data,runtime:LDB.recipes,exact,2,,,{}
2290,recipe:148,item:5102,recipe_output,formal_game_data,runtime:LDB.recipes,exact,1,,,{}
2291,item:5101,recipe:149,recipe_input,formal_game_data,runtime:LDB.recipes,exact,1,,,{}
2292,item:1204,recipe:149,recipe_input,formal_game_data,runtime:LDB.recipes,exact,1,,,{}
2293,item:1303,recipe:149,recipe_input,formal_game_data,runtime:LDB.recipes,exact,1,,,{}
2294,item:1206,recipe:149,recipe_input,formal_game_data,runtime:LDB.recipes,exact,1,,,{}
2295,recipe:149,item:5103,recipe_output,formal_game_data,runtime:LDB.recipes,exact,1,,,{}
2296,item:1107,recipe:150,recipe_input,formal_game_data,runtime:LDB.recipes,exact,5,,,{}
2297,item:1406,recipe:150,recipe_input,formal_game_data,runtime:LDB.recipes,exact,1,,,{}
2298,item:1303,recipe:150,recipe_input,formal_game_data,runtime:LDB.recipes,exact,2,,,{}
2299,item:1206,recipe:150,recipe_input,formal_game_data,runtime:LDB.recipes,exact,3,,,{}
2300,recipe:150,item:5111,recipe_output,formal_game_data,runtime:LDB.recipes,exact,1,,,{}
2301,item:1125,recipe:151,recipe_input,formal_game_data,runtime:LDB.recipes,exact,20,,,{}
2302,item:1406,recipe:151,recipe_input,formal_game_data,runtime:LDB.recipes,exact,4,,,{}
2303,item:1303,recipe:151,recipe_input,formal_game_data,runtime:LDB.recipes,exact,4,,,{}
2304,item:1127,recipe:151,recipe_input,formal_game_data,runtime:LDB.recipes,exact,1,,,{}
2305,recipe:151,item:5112,recipe_output,formal_game_data,runtime:LDB.recipes,exact,1,,,{}
2306,item:1202,recipe:105,recipe_input,formal_game_data,runtime:LDB.recipes,exact,1,,,{}
2307,item:1104,recipe:105,recipe_input,formal_game_data,runtime:LDB.recipes,exact,2,,,{}
2308,recipe:105,item:1407,recipe_output,formal_game_data,runtime:LDB.recipes,exact,1,,,{}
2309,item:1103,recipe:152,recipe_input,formal_game_data,runtime:LDB.recipes,exact,12,,,{}
2310,item:1301,recipe:152,recipe_input,formal_game_data,runtime:LDB.recipes,exact,18,,,{}
2311,item:1302,recipe:152,recipe_input,formal_game_data,runtime:LDB.recipes,exact,6,,,{}
2312,item:1407,recipe:152,recipe_input,formal_game_data,runtime:LDB.recipes,exact,12,,,{}
2313,recipe:152,item:3009,recipe_output,formal_game_data,runtime:LDB.recipes,exact,1,,,{}
2314,item:2901,recipe:153,recipe_input,formal_game_data,runtime:LDB.recipes,exact,1,,,{}
2315,item:5202,recipe:153,recipe_input,formal_game_data,runtime:LDB.recipes,exact,10,,,{}
2316,item:5201,recipe:153,recipe_input,formal_game_data,runtime:LDB.recipes,exact,20,,,{}
2317,item:1305,recipe:153,recipe_input,formal_game_data,runtime:LDB.recipes,exact,4,,,{}
2318,recipe:153,item:2902,recipe_output,formal_game_data,runtime:LDB.recipes,exact,1,,,{}
2319,item:2305,recipe:154,recipe_input,formal_game_data,runtime:LDB.recipes,exact,1,,,{}
2320,item:5203,recipe:154,recipe_input,formal_game_data,runtime:LDB.recipes,exact,10,,,{}
2321,item:5206,recipe:154,recipe_input,formal_game_data,runtime:LDB.recipes,exact,30,,,{}
2322,item:1305,recipe:154,recipe_input,formal_game_data,runtime:LDB.recipes,exact,4,,,{}
2323,recipe:154,item:2318,recipe_output,formal_game_data,runtime:LDB.recipes,exact,1,,,{}
2324,item:2315,recipe:155,recipe_input,formal_game_data,runtime:LDB.recipes,exact,1,,,{}
2325,item:5204,recipe:155,recipe_input,formal_game_data,runtime:LDB.recipes,exact,10,,,{}
2326,item:5206,recipe:155,recipe_input,formal_game_data,runtime:LDB.recipes,exact,30,,,{}
2327,item:1305,recipe:155,recipe_input,formal_game_data,runtime:LDB.recipes,exact,4,,,{}
2328,recipe:155,item:2319,recipe_output,formal_game_data,runtime:LDB.recipes,exact,1,,,{}
2329,item:1803,recipe:156,recipe_input,formal_game_data,runtime:LDB.recipes,exact,8,,,{}
2330,item:5205,recipe:156,recipe_input,formal_game_data,runtime:LDB.recipes,exact,1,,,{}
2331,item:1127,recipe:156,recipe_input,formal_game_data,runtime:LDB.recipes,exact,2,,,{}
2332,item:1125,recipe:156,recipe_input,formal_game_data,runtime:LDB.recipes,exact,1,,,{}
2333,recipe:156,item:1804,recipe_output,formal_game_data,runtime:LDB.recipes,exact,1,,,{}
2334,item:1103,recipe:157,recipe_input,formal_game_data,runtime:LDB.recipes,exact,15,,,{}
2335,item:1205,recipe:157,recipe_input,formal_game_data,runtime:LDB.recipes,exact,5,,,{}
2336,item:1401,recipe:157,recipe_input,formal_game_data,runtime:LDB.recipes,exact,5,,,{}
2337,item:1303,recipe:157,recipe_input,formal_game_data,runtime:LDB.recipes,exact,5,,,{}
2338,recipe:157,item:3010,recipe_output,formal_game_data,runtime:LDB.recipes,exact,1,,,{}
2339,item:1204,recipe:158,recipe_input,formal_game_data,runtime:LDB.recipes,exact,1,,,{}
2340,item:1401,recipe:158,recipe_input,formal_game_data,runtime:LDB.recipes,exact,1,,,{}
2341,item:1120,recipe:158,recipe_input,formal_game_data,runtime:LDB.recipes,exact,3,,,{}
2342,recipe:158,item:1612,recipe_output,formal_game_data,runtime:LDB.recipes,exact,1,,,{}
2343,item:1612,recipe:159,recipe_input,formal_game_data,runtime:LDB.recipes,exact,2,,,{}
2344,item:1205,recipe:159,recipe_input,formal_game_data,runtime:LDB.recipes,exact,1,,,{}
2345,item:1119,recipe:159,recipe_input,formal_game_data,runtime:LDB.recipes,exact,2,,,{}
2346,recipe:159,item:1613,recipe_output,formal_game_data,runtime:LDB.recipes,exact,2,,,{}
2347,item:2013,recipe:160,recipe_input,formal_game_data,runtime:LDB.recipes,exact,2,,,{}
2348,item:1205,recipe:160,recipe_input,formal_game_data,runtime:LDB.recipes,exact,1,,,{}
2349,item:1303,recipe:160,recipe_input,formal_game_data,runtime:LDB.recipes,exact,1,,,{}
2350,recipe:160,item:2014,recipe_output,formal_game_data,runtime:LDB.recipes,exact,1,,,{}
2351,item:1101,recipe:161,recipe_input,formal_game_data,runtime:LDB.recipes,exact,3,,,{}
2352,item:1111,recipe:161,recipe_input,formal_game_data,runtime:LDB.recipes,exact,4,,,{}
2353,item:1401,recipe:161,recipe_input,formal_game_data,runtime:LDB.recipes,exact,2,,,{}
2354,item:1301,recipe:161,recipe_input,formal_game_data,runtime:LDB.recipes,exact,2,,,{}
2355,recipe:161,item:2401,recipe_output,formal_game_data,runtime:LDB.recipes,exact,1,,,{}
2356,theme:1,vein:1,theme_base_vein_config_present,formal_game_data,runtime:LDB.themes,exact,,7,,"{""vein_spot"":7,""vein_count"":0.7,""vein_opacity"":0.6}"
2357,theme:1,vein:2,theme_base_vein_config_present,formal_game_data,runtime:LDB.themes,exact,,5,,"{""vein_spot"":5,""vein_count"":0.6,""vein_opacity"":0.5}"
2358,theme:1,vein:3,theme_base_vein_config_absent,formal_game_data,runtime:LDB.themes,exact,,0,,"{""vein_spot"":0,""vein_count"":0,""vein_opacity"":0}"
2359,theme:1,vein:4,theme_base_vein_config_absent,formal_game_data,runtime:LDB.themes,exact,,0,,"{""vein_spot"":0,""vein_count"":0,""vein_opacity"":0}"
2360,theme:1,vein:5,theme_base_vein_config_present,formal_game_data,runtime:LDB.themes,exact,,8,,"{""vein_spot"":8,""vein_count"":1,""vein_opacity"":0.7}"
2361,theme:1,vein:6,theme_base_vein_config_present,formal_game_data,runtime:LDB.themes,exact,,11,,"{""vein_spot"":11,""vein_count"":1,""vein_opacity"":1}"
2362,theme:1,vein:7,theme_base_vein_config_present,formal_game_data,runtime:LDB.themes,exact,,18,,"{""vein_spot"":18,""vein_count"":1,""vein_opacity"":1}"
2363,theme:1,vein:11,theme_rare_vein_config,formal_game_data,runtime:LDB.themes,exact,,,,"{""rare_settings"":[0,1,0.3,0.3]}"
2364,theme:1,item:1000,theme_water_resource,formal_game_data,runtime:LDB.themes,exact,,,,{}
2365,theme:2,item:1120,theme_gas_resource,formal_game_data,runtime:LDB.themes,exact,,0.96,,{}
2366,theme:2,item:1121,theme_gas_resource,formal_game_data,runtime:LDB.themes,exact,,0.04,,{}
2367,theme:3,item:1120,theme_gas_resource,formal_game_data,runtime:LDB.themes,exact,,0.96,,{}
2368,theme:3,item:1121,theme_gas_resource,formal_game_data,runtime:LDB.themes,exact,,0.04,,{}
2369,theme:4,item:1011,theme_gas_resource,formal_game_data,runtime:LDB.themes,exact,,0.7,,{}
2370,theme:4,item:1120,theme_gas_resource,formal_game_data,runtime:LDB.themes,exact,,0.3,,{}
2371,theme:5,item:1011,theme_gas_resource,formal_game_data,runtime:LDB.themes,exact,,0.7,,{}
2372,theme:5,item:1120,theme_gas_resource,formal_game_data,runtime:LDB.themes,exact,,0.3,,{}
2373,theme:6,vein:1,theme_base_vein_config_present,formal_game_data,runtime:LDB.themes,exact,,3,,"{""vein_spot"":3,""vein_count"":0.5,""vein_opacity"":0.6}"
2374,theme:6,vein:2,theme_base_vein_config_present,formal_game_data,runtime:LDB.themes,exact,,10,,"{""vein_spot"":10,""vein_count"":1,""vein_opacity"":0.6}"
2375,theme:6,vein:3,theme_base_vein_config_absent,formal_game_data,runtime:LDB.themes,exact,,0,,"{""vein_spot"":0,""vein_count"":0,""vein_opacity"":0}"
2376,theme:6,vein:4,theme_base_vein_config_present,formal_game_data,runtime:LDB.themes,exact,,6,,"{""vein_spot"":6,""vein_count"":1,""vein_opacity"":1}"
2377,theme:6,vein:5,theme_base_vein_config_present,formal_game_data,runtime:LDB.themes,exact,,10,,"{""vein_spot"":10,""vein_count"":1,""vein_opacity"":1}"
2378,theme:6,vein:6,theme_base_vein_config_present,formal_game_data,runtime:LDB.themes,exact,,1,,"{""vein_spot"":1,""vein_count"":0.3,""vein_opacity"":0.3}"
2379,theme:6,vein:7,theme_base_vein_config_absent,formal_game_data,runtime:LDB.themes,exact,,0,,"{""vein_spot"":0,""vein_count"":0,""vein_opacity"":0}"
2380,theme:6,vein:9,theme_rare_vein_config,formal_game_data,runtime:LDB.themes,exact,,,,"{""rare_settings"":[0,0.18,0.2,0.3]}"
2381,theme:7,vein:1,theme_base_vein_config_present,formal_game_data,runtime:LDB.themes,exact,,7,,"{""vein_spot"":7,""vein_count"":1,""vein_opacity"":0.6}"
2382,theme:7,vein:2,theme_base_vein_config_present,formal_game_data,runtime:LDB.themes,exact,,2,,"{""vein_spot"":2,""vein_count"":0.5,""vein_opacity"":0.6}"
2383,theme:7,vein:3,theme_base_vein_config_present,formal_game_data,runtime:LDB.themes,exact,,7,,"{""vein_spot"":7,""vein_count"":1,""vein_opacity"":1}"
2384,theme:7,vein:4,theme_base_vein_config_present,formal_game_data,runtime:LDB.themes,exact,,3,,"{""vein_spot"":3,""vein_count"":1,""vein_opacity"":1}"
2385,theme:7,vein:5,theme_base_vein_config_present,formal_game_data,runtime:LDB.themes,exact,,8,,"{""vein_spot"":8,""vein_count"":0.7,""vein_opacity"":0.5}"
2386,theme:7,vein:6,theme_base_vein_config_present,formal_game_data,runtime:LDB.themes,exact,,1,,"{""vein_spot"":1,""vein_count"":0.3,""vein_opacity"":0.3}"
2387,theme:7,vein:7,theme_base_vein_config_absent,formal_game_data,runtime:LDB.themes,exact,,0,,"{""vein_spot"":0,""vein_count"":0,""vein_opacity"":0}"
2388,theme:7,vein:8,theme_rare_vein_config,formal_game_data,runtime:LDB.themes,exact,,,,"{""rare_settings"":[0.3,0.5,0.7,0.5]}"
2389,theme:7,vein:10,theme_rare_vein_config,formal_game_data,runtime:LDB.themes,exact,,,,"{""rare_settings"":[0,0.3,0.2,0.6]}"
2390,theme:8,vein:1,theme_base_vein_config_present,formal_game_data,runtime:LDB.themes,exact,,7,,"{""vein_spot"":7,""vein_count"":0.6,""vein_opacity"":0.6}"
2391,theme:8,vein:2,theme_base_vein_config_present,formal_game_data,runtime:LDB.themes,exact,,2,,"{""vein_spot"":2,""vein_count"":0.3,""vein_opacity"":0.6}"
2392,theme:8,vein:3,theme_base_vein_config_present,formal_game_data,runtime:LDB.themes,exact,,12,,"{""vein_spot"":12,""vein_count"":0.9,""vein_opacity"":0.6}"
2393,theme:8,vein:4,theme_base_vein_config_absent,formal_game_data,runtime:LDB.themes,exact,,0,,"{""vein_spot"":0,""vein_count"":0,""vein_opacity"":0}"
2394,theme:8,vein:5,theme_base_vein_config_present,formal_game_data,runtime:LDB.themes,exact,,4,,"{""vein_spot"":4,""vein_count"":0.8,""vein_opacity"":0.5}"
2395,theme:8,vein:6,theme_base_vein_config_present,formal_game_data,runtime:LDB.themes,exact,,10,,"{""vein_spot"":10,""vein_count"":1,""vein_opacity"":1}"
2396,theme:8,vein:7,theme_base_vein_config_present,formal_game_data,runtime:LDB.themes,exact,,22,,"{""vein_spot"":22,""vein_count"":1,""vein_opacity"":1}"
2397,theme:8,vein:11,theme_rare_vein_config,formal_game_data,runtime:LDB.themes,exact,,,,"{""rare_settings"":[0,1,0.3,1]}"
2398,theme:8,vein:13,theme_rare_vein_config,formal_game_data,runtime:LDB.themes,exact,,,,"{""rare_settings"":[0,0.5,0.2,1]}"
2399,theme:8,item:1000,theme_water_resource,formal_game_data,runtime:LDB.themes,exact,,,,{}
2400,theme:9,vein:1,theme_base_vein_config_present,formal_game_data,runtime:LDB.themes,exact,,15,,"{""vein_spot"":15,""vein_count"":1,""vein_opacity"":1}"
2401,theme:9,vein:2,theme_base_vein_config_present,formal_game_data,runtime:LDB.themes,exact,,15,,"{""vein_spot"":15,""vein_count"":1,""vein_opacity"":1}"
2402,theme:9,vein:3,theme_base_vein_config_present,formal_game_data,runtime:LDB.themes,exact,,2,,"{""vein_spot"":2,""vein_count"":0.6,""vein_opacity"":0.6}"
2403,theme:9,vein:4,theme_base_vein_config_present,formal_game_data,runtime:LDB.themes,exact,,9,,"{""vein_spot"":9,""vein_count"":1,""vein_opacity"":1}"
2404,theme:9,vein:5,theme_base_vein_config_present,formal_game_data,runtime:LDB.themes,exact,,4,,"{""vein_spot"":4,""vein_count"":0.6,""vein_opacity"":0.5}"
2405,theme:9,vein:6,theme_base_vein_config_present,formal_game_data,runtime:LDB.themes,exact,,2,,"{""vein_spot"":2,""vein_count"":0.3,""vein_opacity"":0.3}"
2406,theme:9,vein:7,theme_base_vein_config_absent,formal_game_data,runtime:LDB.themes,exact,,0,,"{""vein_spot"":0,""vein_count"":0,""vein_opacity"":0}"
2407,theme:9,vein:9,theme_rare_vein_config,formal_game_data,runtime:LDB.themes,exact,,,,"{""rare_settings"":[0,0.2,0.6,0.7]}"
2408,theme:9,vein:10,theme_rare_vein_config,formal_game_data,runtime:LDB.themes,exact,,,,"{""rare_settings"":[0,0.2,0.6,0.7]}"
2409,theme:9,vein:12,theme_rare_vein_config,formal_game_data,runtime:LDB.themes,exact,,,,"{""rare_settings"":[0,0.1,0.2,0.8]}"
2410,theme:10,vein:1,theme_base_vein_config_present,formal_game_data,runtime:LDB.themes,exact,,5,,"{""vein_spot"":5,""vein_count"":0.6,""vein_opacity"":1}"
2411,theme:10,vein:2,theme_base_vein_config_present,formal_game_data,runtime:LDB.themes,exact,,1,,"{""vein_spot"":1,""vein_count"":0.2,""vein_opacity"":0.5}"
2412,theme:10,vein:3,theme_base_vein_config_present,formal_game_data,runtime:LDB.themes,exact,,3,,"{""vein_spot"":3,""vein_count"":0.8,""vein_opacity"":1}"
2413,theme:10,vein:4,theme_base_vein_config_present,formal_game_data,runtime:LDB.themes,exact,,10,,"{""vein_spot"":10,""vein_count"":1,""vein_opacity"":1}"
2414,theme:10,vein:5,theme_base_vein_config_present,formal_game_data,runtime:LDB.themes,exact,,2,,"{""vein_spot"":2,""vein_count"":0.8,""vein_opacity"":1}"
2415,theme:10,vein:6,theme_base_vein_config_present,formal_game_data,runtime:LDB.themes,exact,,1,,"{""vein_spot"":1,""vein_count"":0.2,""vein_opacity"":0.3}"
2416,theme:10,vein:7,theme_base_vein_config_absent,formal_game_data,runtime:LDB.themes,exact,,0,,"{""vein_spot"":0,""vein_count"":0,""vein_opacity"":0}"
2417,theme:10,vein:8,theme_rare_vein_config,formal_game_data,runtime:LDB.themes,exact,,,,"{""rare_settings"":[0.3,1,0.8,1]}"
2418,theme:10,vein:10,theme_rare_vein_config,formal_game_data,runtime:LDB.themes,exact,,,,"{""rare_settings"":[0,0.2,0.6,0.4]}"
2419,theme:10,vein:12,theme_rare_vein_config,formal_game_data,runtime:LDB.themes,exact,,,,"{""rare_settings"":[0,0.1,0.2,0.4]}"
2420,theme:10,item:1000,theme_water_resource,formal_game_data,runtime:LDB.themes,exact,,,,{}
2421,theme:11,vein:1,theme_base_vein_config_present,formal_game_data,runtime:LDB.themes,exact,,3,,"{""vein_spot"":3,""vein_count"":0.5,""vein_opacity"":0.6}"
2422,theme:11,vein:2,theme_base_vein_config_present,formal_game_data,runtime:LDB.themes,exact,,3,,"{""vein_spot"":3,""vein_count"":0.5,""vein_opacity"":0.6}"
2423,theme:11,vein:3,theme_base_vein_config_present,formal_game_data,runtime:LDB.themes,exact,,3,,"{""vein_spot"":3,""vein_count"":0.5,""vein_opacity"":0.9}"
2424,theme:11,vein:4,theme_base_vein_config_present,formal_game_data,runtime:LDB.themes,exact,,6,,"{""vein_spot"":6,""vein_count"":1,""vein_opacity"":0.9}"
2425,theme:11,vein:5,theme_base_vein_config_present,formal_game_data,runtime:LDB.themes,exact,,12,,"{""vein_spot"":12,""vein_count"":1.2,""vein_opacity"":1.5}"
2426,theme:11,vein:6,theme_base_vein_config_absent,formal_game_data,runtime:LDB.themes,exact,,0,,"{""vein_spot"":0,""vein_count"":0,""vein_opacity"":0}"
2427,theme:11,vein:7,theme_base_vein_config_absent,formal_game_data,runtime:LDB.themes,exact,,0,,"{""vein_spot"":0,""vein_count"":0,""vein_opacity"":0}"
2428,theme:11,vein:8,theme_rare_vein_config,formal_game_data,runtime:LDB.themes,exact,,,,"{""rare_settings"":[0.25,0.5,0.6,0.8]}"
2429,theme:11,vein:9,theme_rare_vein_config,formal_game_data,runtime:LDB.themes,exact,,,,"{""rare_settings"":[0,0.2,0.6,0.7]}"
2430,theme:11,vein:12,theme_rare_vein_config,formal_game_data,runtime:LDB.themes,exact,,,,"{""rare_settings"":[0,0.2,0.3,0.7]}"
2431,theme:11,vein:13,theme_rare_vein_config,formal_game_data,runtime:LDB.themes,exact,,,,"{""rare_settings"":[0.1,0.2,0.2,0.7]}"
2432,theme:12,vein:1,theme_base_vein_config_present,formal_game_data,runtime:LDB.themes,exact,,2,,"{""vein_spot"":2,""vein_count"":0.4,""vein_opacity"":0.8}"
2433,theme:12,vein:2,theme_base_vein_config_present,formal_game_data,runtime:LDB.themes,exact,,7,,"{""vein_spot"":7,""vein_count"":1,""vein_opacity"":1}"
2434,theme:12,vein:3,theme_base_vein_config_present,formal_game_data,runtime:LDB.themes,exact,,8,,"{""vein_spot"":8,""vein_count"":1,""vein_opacity"":1}"
2435,theme:12,vein:4,theme_base_vein_config_absent,formal_game_data,runtime:LDB.themes,exact,,0,,"{""vein_spot"":0,""vein_count"":0,""vein_opacity"":0}"
2436,theme:12,vein:5,theme_base_vein_config_present,formal_game_data,runtime:LDB.themes,exact,,7,,"{""vein_spot"":7,""vein_count"":1,""vein_opacity"":1}"
2437,theme:12,vein:6,theme_base_vein_config_present,formal_game_data,runtime:LDB.themes,exact,,3,,"{""vein_spot"":3,""vein_count"":0.7,""vein_opacity"":0.7}"
2438,theme:12,vein:7,theme_base_vein_config_absent,formal_game_data,runtime:LDB.themes,exact,,0,,"{""vein_spot"":0,""vein_count"":0,""vein_opacity"":0}"
2439,theme:12,vein:9,theme_rare_vein_config,formal_game_data,runtime:LDB.themes,exact,,,,"{""rare_settings"":[0,0.25,0.6,0.6]}"
2440,theme:12,vein:10,theme_rare_vein_config,formal_game_data,runtime:LDB.themes,exact,,,,"{""rare_settings"":[0,0.25,0.6,0.6]}"
2441,theme:12,vein:12,theme_rare_vein_config,formal_game_data,runtime:LDB.themes,exact,,,,"{""rare_settings"":[0,0.1,0.2,0.5]}"
2442,theme:13,vein:1,theme_base_vein_config_present,formal_game_data,runtime:LDB.themes,exact,,10,,"{""vein_spot"":10,""vein_count"":1,""vein_opacity"":1}"
2443,theme:13,vein:2,theme_base_vein_config_present,formal_game_data,runtime:LDB.themes,exact,,10,,"{""vein_spot"":10,""vein_count"":1,""vein_opacity"":1}"
2444,theme:13,vein:3,theme_base_vein_config_present,formal_game_data,runtime:LDB.themes,exact,,2,,"{""vein_spot"":2,""vein_count"":0.6,""vein_opacity"":0.6}"
2445,theme:13,vein:4,theme_base_vein_config_present,formal_game_data,runtime:LDB.themes,exact,,7,,"{""vein_spot"":7,""vein_count"":1,""vein_opacity"":1}"
2446,theme:13,vein:5,theme_base_vein_config_present,formal_game_data,runtime:LDB.themes,exact,,4,,"{""vein_spot"":4,""vein_count"":0.6,""vein_opacity"":0.5}"
2447,theme:13,vein:6,theme_base_vein_config_present,formal_game_data,runtime:LDB.themes,exact,,1,,"{""vein_spot"":1,""vein_count"":0.3,""vein_opacity"":0.3}"
2448,theme:13,vein:7,theme_base_vein_config_absent,formal_game_data,runtime:LDB.themes,exact,,0,,"{""vein_spot"":0,""vein_count"":0,""vein_opacity"":0}"
2449,theme:13,item:1116,theme_water_resource,formal_game_data,runtime:LDB.themes,exact,,,,{}
2450,theme:14,vein:1,theme_base_vein_config_present,formal_game_data,runtime:LDB.themes,exact,,4,,"{""vein_spot"":4,""vein_count"":0.7,""vein_opacity"":0.5}"
2451,theme:14,vein:2,theme_base_vein_config_present,formal_game_data,runtime:LDB.themes,exact,,6,,"{""vein_spot"":6,""vein_count"":0.7,""vein_opacity"":0.6}"
2452,theme:14,vein:3,theme_base_vein_config_absent,formal_game_data,runtime:LDB.themes,exact,,0,,"{""vein_spot"":0,""vein_count"":0,""vein_opacity"":0}"
2453,theme:14,vein:4,theme_base_vein_config_absent,formal_game_data,runtime:LDB.themes,exact,,0,,"{""vein_spot"":0,""vein_count"":0,""vein_opacity"":0}"
2454,theme:14,vein:5,theme_base_vein_config_present,formal_game_data,runtime:LDB.themes,exact,,10,,"{""vein_spot"":10,""vein_count"":1,""vein_opacity"":0.8}"
2455,theme:14,vein:6,theme_base_vein_config_present,formal_game_data,runtime:LDB.themes,exact,,8,,"{""vein_spot"":8,""vein_count"":1,""vein_opacity"":1}"
2456,theme:14,vein:7,theme_base_vein_config_present,formal_game_data,runtime:LDB.themes,exact,,12,,"{""vein_spot"":12,""vein_count"":1,""vein_opacity"":1}"
2457,theme:14,vein:9,theme_rare_vein_config,formal_game_data,runtime:LDB.themes,exact,,,,"{""rare_settings"":[0,0.4,0.3,0.5]}"
2458,theme:14,vein:11,theme_rare_vein_config,formal_game_data,runtime:LDB.themes,exact,,,,"{""rare_settings"":[0,1,0.3,0.8]}"
2459,theme:14,vein:13,theme_rare_vein_config,formal_game_data,runtime:LDB.themes,exact,,,,"{""rare_settings"":[0,0.5,0.2,0.8]}"
2460,theme:14,item:1000,theme_water_resource,formal_game_data,runtime:LDB.themes,exact,,,,{}
2461,theme:15,vein:1,theme_base_vein_config_present,formal_game_data,runtime:LDB.themes,exact,,7,,"{""vein_spot"":7,""vein_count"":0.7,""vein_opacity"":0.6}"
2462,theme:15,vein:2,theme_base_vein_config_present,formal_game_data,runtime:LDB.themes,exact,,4,,"{""vein_spot"":4,""vein_count"":0.6,""vein_opacity"":0.5}"
2463,theme:15,vein:3,theme_base_vein_config_present,formal_game_data,runtime:LDB.themes,exact,,7,,"{""vein_spot"":7,""vein_count"":0.7,""vein_opacity"":0.6}"
2464,theme:15,vein:4,theme_base_vein_config_present,formal_game_data,runtime:LDB.themes,exact,,1,,"{""vein_spot"":1,""vein_count"":0.4,""vein_opacity"":0.5}"
2465,theme:15,vein:5,theme_base_vein_config_present,formal_game_data,runtime:LDB.themes,exact,,2,,"{""vein_spot"":2,""vein_count"":0.5,""vein_opacity"":0.7}"
2466,theme:15,vein:6,theme_base_vein_config_present,formal_game_data,runtime:LDB.themes,exact,,7,,"{""vein_spot"":7,""vein_count"":1,""vein_opacity"":1}"
2467,theme:15,vein:7,theme_base_vein_config_present,formal_game_data,runtime:LDB.themes,exact,,18,,"{""vein_spot"":18,""vein_count"":1,""vein_opacity"":1.2}"
2468,theme:15,vein:11,theme_rare_vein_config,formal_game_data,runtime:LDB.themes,exact,,,,"{""rare_settings"":[0,1,0.3,1]}"
2469,theme:15,vein:13,theme_rare_vein_config,formal_game_data,runtime:LDB.themes,exact,,,,"{""rare_settings"":[0,0.5,0.2,1]}"
2470,theme:15,item:1000,theme_water_resource,formal_game_data,runtime:LDB.themes,exact,,,,{}
2471,theme:16,vein:1,theme_base_vein_config_absent,formal_game_data,runtime:LDB.themes,exact,,0,,"{""vein_spot"":0,""vein_count"":0,""vein_opacity"":0}"
2472,theme:16,vein:2,theme_base_vein_config_absent,formal_game_data,runtime:LDB.themes,exact,,0,,"{""vein_spot"":0,""vein_count"":0,""vein_opacity"":0}"
2473,theme:16,vein:3,theme_base_vein_config_absent,formal_game_data,runtime:LDB.themes,exact,,0,,"{""vein_spot"":0,""vein_count"":0,""vein_opacity"":0}"
2474,theme:16,vein:4,theme_base_vein_config_absent,formal_game_data,runtime:LDB.themes,exact,,0,,"{""vein_spot"":0,""vein_count"":0,""vein_opacity"":0}"
2475,theme:16,vein:5,theme_base_vein_config_absent,formal_game_data,runtime:LDB.themes,exact,,0,,"{""vein_spot"":0,""vein_count"":0,""vein_opacity"":0}"
2476,theme:16,vein:6,theme_base_vein_config_present,formal_game_data,runtime:LDB.themes,exact,,2,,"{""vein_spot"":2,""vein_count"":0.5,""vein_opacity"":0.8}"
2477,theme:16,vein:7,theme_base_vein_config_present,formal_game_data,runtime:LDB.themes,exact,,10,,"{""vein_spot"":10,""vein_count"":5,""vein_opacity"":2}"
2478,theme:16,vein:13,theme_rare_vein_config,formal_game_data,runtime:LDB.themes,exact,,,,"{""rare_settings"":[1,1,1,0.9]}"
2479,theme:16,item:1000,theme_water_resource,formal_game_data,runtime:LDB.themes,exact,,,,{}
2480,theme:17,vein:1,theme_base_vein_config_present,formal_game_data,runtime:LDB.themes,exact,,2,,"{""vein_spot"":2,""vein_count"":1,""vein_opacity"":0.6}"
2481,theme:17,vein:2,theme_base_vein_config_present,formal_game_data,runtime:LDB.themes,exact,,8,,"{""vein_spot"":8,""vein_count"":0.8,""vein_opacity"":0.6}"
2482,theme:17,vein:3,theme_base_vein_config_present,formal_game_data,runtime:LDB.themes,exact,,9,,"{""vein_spot"":9,""vein_count"":0.8,""vein_opacity"":1}"
2483,theme:17,vein:4,theme_base_vein_config_present,formal_game_data,runtime:LDB.themes,exact,,1,,"{""vein_spot"":1,""vein_count"":1,""vein_opacity"":1}"
2484,theme:17,vein:5,theme_base_vein_config_present,formal_game_data,runtime:LDB.themes,exact,,3,,"{""vein_spot"":3,""vein_count"":0.7,""vein_opacity"":0.5}"
2485,theme:17,vein:6,theme_base_vein_config_present,formal_game_data,runtime:LDB.themes,exact,,1,,"{""vein_spot"":1,""vein_count"":0.3,""vein_opacity"":0.3}"
2486,theme:17,vein:7,theme_base_vein_config_absent,formal_game_data,runtime:LDB.themes,exact,,0,,"{""vein_spot"":0,""vein_count"":0,""vein_opacity"":0}"
2487,theme:17,vein:9,theme_rare_vein_config,formal_game_data,runtime:LDB.themes,exact,,,,"{""rare_settings"":[0,0.7,0.7,0.5]}"
2488,theme:17,vein:12,theme_rare_vein_config,formal_game_data,runtime:LDB.themes,exact,,,,"{""rare_settings"":[0,0.1,0.2,0.7]}"
2489,theme:18,vein:1,theme_base_vein_config_present,formal_game_data,runtime:LDB.themes,exact,,5,,"{""vein_spot"":5,""vein_count"":0.6,""vein_opacity"":0.6}"
2490,theme:18,vein:2,theme_base_vein_config_present,formal_game_data,runtime:LDB.themes,exact,,6,,"{""vein_spot"":6,""vein_count"":0.5,""vein_opacity"":0.6}"
2491,theme:18,vein:3,theme_base_vein_config_present,formal_game_data,runtime:LDB.themes,exact,,8,,"{""vein_spot"":8,""vein_count"":0.8,""vein_opacity"":0.6}"
2492,theme:18,vein:4,theme_base_vein_config_absent,formal_game_data,runtime:LDB.themes,exact,,0,,"{""vein_spot"":0,""vein_count"":0,""vein_opacity"":0}"
2493,theme:18,vein:5,theme_base_vein_config_present,formal_game_data,runtime:LDB.themes,exact,,4,,"{""vein_spot"":4,""vein_count"":0.8,""vein_opacity"":0.5}"
2494,theme:18,vein:6,theme_base_vein_config_present,formal_game_data,runtime:LDB.themes,exact,,8,,"{""vein_spot"":8,""vein_count"":1,""vein_opacity"":1}"
2495,theme:18,vein:7,theme_base_vein_config_present,formal_game_data,runtime:LDB.themes,exact,,22,,"{""vein_spot"":22,""vein_count"":1,""vein_opacity"":1}"
2496,theme:18,vein:11,theme_rare_vein_config,formal_game_data,runtime:LDB.themes,exact,,,,"{""rare_settings"":[0,1,0.3,1]}"
2497,theme:18,vein:13,theme_rare_vein_config,formal_game_data,runtime:LDB.themes,exact,,,,"{""rare_settings"":[0,0.5,0.2,1]}"
2498,theme:18,item:1000,theme_water_resource,formal_game_data,runtime:LDB.themes,exact,,,,{}
2499,theme:19,vein:1,theme_base_vein_config_present,formal_game_data,runtime:LDB.themes,exact,,2,,"{""vein_spot"":2,""vein_count"":1,""vein_opacity"":0.6}"
2500,theme:19,vein:2,theme_base_vein_config_present,formal_game_data,runtime:LDB.themes,exact,,8,,"{""vein_spot"":8,""vein_count"":1,""vein_opacity"":0.8}"
2501,theme:19,vein:3,theme_base_vein_config_present,formal_game_data,runtime:LDB.themes,exact,,2,,"{""vein_spot"":2,""vein_count"":1,""vein_opacity"":1}"
2502,theme:19,vein:4,theme_base_vein_config_present,formal_game_data,runtime:LDB.themes,exact,,7,,"{""vein_spot"":7,""vein_count"":1,""vein_opacity"":0.8}"
2503,theme:19,vein:5,theme_base_vein_config_present,formal_game_data,runtime:LDB.themes,exact,,4,,"{""vein_spot"":4,""vein_count"":1,""vein_opacity"":0.6}"
2504,theme:19,vein:6,theme_base_vein_config_present,formal_game_data,runtime:LDB.themes,exact,,1,,"{""vein_spot"":1,""vein_count"":0.5,""vein_opacity"":0.3}"
2505,theme:19,vein:7,theme_base_vein_config_absent,formal_game_data,runtime:LDB.themes,exact,,0,,"{""vein_spot"":0,""vein_count"":0,""vein_opacity"":0}"
2506,theme:19,vein:9,theme_rare_vein_config,formal_game_data,runtime:LDB.themes,exact,,,,"{""rare_settings"":[0,0.25,0.6,0.6]}"
2507,theme:19,vein:10,theme_rare_vein_config,formal_game_data,runtime:LDB.themes,exact,,,,"{""rare_settings"":[0,0.25,0.6,0.6]}"
2508,theme:19,vein:12,theme_rare_vein_config,formal_game_data,runtime:LDB.themes,exact,,,,"{""rare_settings"":[0,0.4,0.3,0.9]}"
2509,theme:20,vein:1,theme_base_vein_config_present,formal_game_data,runtime:LDB.themes,exact,,5,,"{""vein_spot"":5,""vein_count"":0.8,""vein_opacity"":1}"
2510,theme:20,vein:2,theme_base_vein_config_present,formal_game_data,runtime:LDB.themes,exact,,11,,"{""vein_spot"":11,""vein_count"":1,""vein_opacity"":1}"
2511,theme:20,vein:3,theme_base_vein_config_present,formal_game_data,runtime:LDB.themes,exact,,1,,"{""vein_spot"":1,""vein_count"":0.5,""vein_opacity"":1}"
2512,theme:20,vein:4,theme_base_vein_config_present,formal_game_data,runtime:LDB.themes,exact,,8,,"{""vein_spot"":8,""vein_count"":1,""vein_opacity"":1}"
2513,theme:20,vein:5,theme_base_vein_config_present,formal_game_data,runtime:LDB.themes,exact,,3,,"{""vein_spot"":3,""vein_count"":0.7,""vein_opacity"":0.5}"
2514,theme:20,vein:6,theme_base_vein_config_present,formal_game_data,runtime:LDB.themes,exact,,1,,"{""vein_spot"":1,""vein_count"":0.3,""vein_opacity"":0.3}"
2515,theme:20,vein:7,theme_base_vein_config_absent,formal_game_data,runtime:LDB.themes,exact,,0,,"{""vein_spot"":0,""vein_count"":0,""vein_opacity"":0}"
2516,theme:20,vein:8,theme_rare_vein_config,formal_game_data,runtime:LDB.themes,exact,,,,"{""rare_settings"":[0.25,1,0.6,0.7]}"
2517,theme:20,vein:9,theme_rare_vein_config,formal_game_data,runtime:LDB.themes,exact,,,,"{""rare_settings"":[0,0.2,0.6,0.9]}"
2518,theme:20,vein:12,theme_rare_vein_config,formal_game_data,runtime:LDB.themes,exact,,,,"{""rare_settings"":[0,0.3,0.4,1]}"
2519,theme:21,item:1120,theme_gas_resource,formal_game_data,runtime:LDB.themes,exact,,0.84,,{}
2520,theme:21,item:1121,theme_gas_resource,formal_game_data,runtime:LDB.themes,exact,,0.16,,{}
2521,theme:22,vein:1,theme_base_vein_config_present,formal_game_data,runtime:LDB.themes,exact,,7,,"{""vein_spot"":7,""vein_count"":0.7,""vein_opacity"":0.7}"
2522,theme:22,vein:2,theme_base_vein_config_present,formal_game_data,runtime:LDB.themes,exact,,4,,"{""vein_spot"":4,""vein_count"":0.6,""vein_opacity"":0.6}"
2523,theme:22,vein:3,theme_base_vein_config_present,formal_game_data,runtime:LDB.themes,exact,,7,,"{""vein_spot"":7,""vein_count"":1,""vein_opacity"":0.8}"
2524,theme:22,vein:4,theme_base_vein_config_present,formal_game_data,runtime:LDB.themes,exact,,2,,"{""vein_spot"":2,""vein_count"":0.8,""vein_opacity"":0.7}"
2525,theme:22,vein:5,theme_base_vein_config_present,formal_game_data,runtime:LDB.themes,exact,,3,,"{""vein_spot"":3,""vein_count"":0.7,""vein_opacity"":1}"
2526,theme:22,vein:6,theme_base_vein_config_present,formal_game_data,runtime:LDB.themes,exact,,6,,"{""vein_spot"":6,""vein_count"":1,""vein_opacity"":1.2}"
2527,theme:22,vein:7,theme_base_vein_config_present,formal_game_data,runtime:LDB.themes,exact,,14,,"{""vein_spot"":14,""vein_count"":1,""vein_opacity"":1}"
2528,theme:22,vein:11,theme_rare_vein_config,formal_game_data,runtime:LDB.themes,exact,,,,"{""rare_settings"":[0,1,0.5,1]}"
2529,theme:22,vein:13,theme_rare_vein_config,formal_game_data,runtime:LDB.themes,exact,,,,"{""rare_settings"":[0,0.6,0.25,1]}"
2530,theme:22,item:1000,theme_water_resource,formal_game_data,runtime:LDB.themes,exact,,,,{}
2531,theme:23,vein:1,theme_base_vein_config_present,formal_game_data,runtime:LDB.themes,exact,,13,,"{""vein_spot"":13,""vein_count"":1,""vein_opacity"":1.2}"
2532,theme:23,vein:2,theme_base_vein_config_present,formal_game_data,runtime:LDB.themes,exact,,2,,"{""vein_spot"":2,""vein_count"":0.5,""vein_opacity"":0.8}"
2533,theme:23,vein:3,theme_base_vein_config_absent,formal_game_data,runtime:LDB.themes,exact,,0,,"{""vein_spot"":0,""vein_count"":0,""vein_opacity"":0}"
2534,theme:23,vein:4,theme_base_vein_config_present,formal_game_data,runtime:LDB.themes,exact,,2,,"{""vein_spot"":2,""vein_count"":0.7,""vein_opacity"":1}"
2535,theme:23,vein:5,theme_base_vein_config_absent,formal_game_data,runtime:LDB.themes,exact,,0,,"{""vein_spot"":0,""vein_count"":0,""vein_opacity"":0}"
2536,theme:23,vein:6,theme_base_vein_config_present,formal_game_data,runtime:LDB.themes,exact,,2,,"{""vein_spot"":2,""vein_count"":0.6,""vein_opacity"":0.5}"
2537,theme:23,vein:7,theme_base_vein_config_absent,formal_game_data,runtime:LDB.themes,exact,,0,,"{""vein_spot"":0,""vein_count"":0,""vein_opacity"":0}"
2538,theme:23,vein:11,theme_rare_vein_config,formal_game_data,runtime:LDB.themes,exact,,,,"{""rare_settings"":[0,0.7,0.2,0.6]}"
2539,theme:23,vein:12,theme_rare_vein_config,formal_game_data,runtime:LDB.themes,exact,,,,"{""rare_settings"":[0,1,1,0.84]}"
2540,theme:24,vein:1,theme_base_vein_config_present,formal_game_data,runtime:LDB.themes,exact,,9,,"{""vein_spot"":9,""vein_count"":0.8,""vein_opacity"":0.8}"
2541,theme:24,vein:2,theme_base_vein_config_present,formal_game_data,runtime:LDB.themes,exact,,2,,"{""vein_spot"":2,""vein_count"":0.5,""vein_opacity"":0.8}"
2542,theme:24,vein:3,theme_base_vein_config_present,formal_game_data,runtime:LDB.themes,exact,,2,,"{""vein_spot"":2,""vein_count"":0.8,""vein_opacity"":1.2}"
2543,theme:24,vein:4,theme_base_vein_config_present,formal_game_data,runtime:LDB.themes,exact,,6,,"{""vein_spot"":6,""vein_count"":1,""vein_opacity"":1}"
2544,theme:24,vein:5,theme_base_vein_config_present,formal_game_data,runtime:LDB.themes,exact,,2,,"{""vein_spot"":2,""vein_count"":0.7,""vein_opacity"":1}"
2545,theme:24,vein:6,theme_base_vein_config_present,formal_game_data,runtime:LDB.themes,exact,,1,,"{""vein_spot"":1,""vein_count"":0.3,""vein_opacity"":0.3}"
2546,theme:24,vein:7,theme_base_vein_config_absent,formal_game_data,runtime:LDB.themes,exact,,0,,"{""vein_spot"":0,""vein_count"":0,""vein_opacity"":0}"
2547,theme:24,vein:8,theme_rare_vein_config,formal_game_data,runtime:LDB.themes,exact,,,,"{""rare_settings"":[0.3,1,0.8,1]}"
2548,theme:24,vein:9,theme_rare_vein_config,formal_game_data,runtime:LDB.themes,exact,,,,"{""rare_settings"":[0,1,0.7,1]}"
2549,theme:24,vein:12,theme_rare_vein_config,formal_game_data,runtime:LDB.themes,exact,,,,"{""rare_settings"":[0,0.4,0.5,0.7]}"
2550,theme:25,vein:1,theme_base_vein_config_present,formal_game_data,runtime:LDB.themes,exact,,8,,"{""vein_spot"":8,""vein_count"":0.7,""vein_opacity"":0.7}"
2551,theme:25,vein:2,theme_base_vein_config_present,formal_game_data,runtime:LDB.themes,exact,,3,,"{""vein_spot"":3,""vein_count"":0.6,""vein_opacity"":0.5}"
2552,theme:25,vein:3,theme_base_vein_config_present,formal_game_data,runtime:LDB.themes,exact,,8,,"{""vein_spot"":8,""vein_count"":1,""vein_opacity"":1}"
2553,theme:25,vein:4,theme_base_vein_config_present,formal_game_data,runtime:LDB.themes,exact,,1,,"{""vein_spot"":1,""vein_count"":1,""vein_opacity"":1}"
2554,theme:25,vein:5,theme_base_vein_config_present,formal_game_data,runtime:LDB.themes,exact,,3,,"{""vein_spot"":3,""vein_count"":0.6,""vein_opacity"":0.7}"
2555,theme:25,vein:6,theme_base_vein_config_present,formal_game_data,runtime:LDB.themes,exact,,9,,"{""vein_spot"":9,""vein_count"":1,""vein_opacity"":1.2}"
2556,theme:25,vein:7,theme_base_vein_config_present,formal_game_data,runtime:LDB.themes,exact,,20,,"{""vein_spot"":20,""vein_count"":1,""vein_opacity"":1}"
2557,theme:25,vein:10,theme_rare_vein_config,formal_game_data,runtime:LDB.themes,exact,,,,"{""rare_settings"":[0,0.5,0.3,1]}"
2558,theme:25,vein:11,theme_rare_vein_config,formal_game_data,runtime:LDB.themes,exact,,,,"{""rare_settings"":[0,1,0.3,1]}"
2559,theme:25,vein:13,theme_rare_vein_config,formal_game_data,runtime:LDB.themes,exact,,,,"{""rare_settings"":[0,0.5,0.2,1]}"
2560,vein:1,item:1001,vein_mines_item,formal_game_data,runtime:LDB.veins,exact,,,,{}
2561,vein:2,item:1002,vein_mines_item,formal_game_data,runtime:LDB.veins,exact,,,,{}
2562,vein:3,item:1003,vein_mines_item,formal_game_data,runtime:LDB.veins,exact,,,,{}
2563,vein:4,item:1004,vein_mines_item,formal_game_data,runtime:LDB.veins,exact,,,,{}
2564,vein:5,item:1005,vein_mines_item,formal_game_data,runtime:LDB.veins,exact,,,,{}
2565,vein:6,item:1006,vein_mines_item,formal_game_data,runtime:LDB.veins,exact,,,,{}
2566,vein:7,item:1007,vein_mines_item,formal_game_data,runtime:LDB.veins,exact,,,,{}
2567,vein:8,item:1011,vein_mines_item,formal_game_data,runtime:LDB.veins,exact,,,,{}
2568,vein:9,item:1012,vein_mines_item,formal_game_data,runtime:LDB.veins,exact,,,,{}
2569,vein:10,item:1013,vein_mines_item,formal_game_data,runtime:LDB.veins,exact,,,,{}
2570,vein:11,item:1117,vein_mines_item,formal_game_data,runtime:LDB.veins,exact,,,,{}
2571,vein:12,item:1014,vein_mines_item,formal_game_data,runtime:LDB.veins,exact,,,,{}
2572,vein:13,item:1015,vein_mines_item,formal_game_data,runtime:LDB.veins,exact,,,,{}
2573,vein:14,item:1016,vein_mines_item,formal_game_data,runtime:LDB.veins,exact,,,,{}
